order_id,customer_id,order_date,status,channel,payment_method
O00001,C0415,2025-03-06,completed,In-store,EFT
O00002,C0442,2026-05-17,completed,In-store,EFT
O00003,C0153,2025-03-28,completed,Online,Card
O00004,C0215,2025-05-22,completed,Online,Card
O00005,C0318,2025-02-24,completed,In-store,Card
O00006,C0254,2026-02-23,completed,Online,Cash
O00007,C0276,2025-10-23,completed,Online,SnapScan
O00008,C0112,2026-03-12,completed,In-store,SnapScan
O00009,C0419,2025-03-31,completed,In-store,SnapScan
O00010,C0220,2025-06-19,completed,In-store,SnapScan
O00011,C0264,2025-04-08,completed,In-store,Card
O00012,C0444,2025-05-16,completed,In-store,Cash
O00013,C0048,2026-02-17,completed,Online,Store credit
O00014,C0397,2025-04-06,completed,Online,EFT
O00015,C0496,2026-03-16,completed,Online,Card
O00016,C0176,2025-02-19,completed,In-store,Cash
O00017,C0491,2026-03-15,completed,In-store,Card
O00018,C0191,2025-06-19,completed,In-store,SnapScan
O00019,C0005,2025-12-18,cancelled,Online,Card
O00020,C0053,2025-11-17,completed,Online,SnapScan
O00021,C0227,2025-08-11,completed,Online,SnapScan
O00022,C0128,2026-07-21,completed,In-store,Card
O00023,C0123,2026-05-22,completed,Online,EFT
O00024,C0068,2026-02-01,completed,In-store,Card
O00025,C0111,2025-02-10,returned,In-store,Card
O00026,C0206,2025-03-26,completed,Online,Card
O00027,C0414,2025-06-09,completed,Online,EFT
O00028,C0029,2025-11-13,completed,Online,Card
O00029,C0268,2026-06-14,completed,In-store,Card
O00030,C0461,2025-01-31,completed,Online,EFT
O00031,C0029,2026-05-27,completed,Online,Card
O00032,C0077,2025-07-03,returned,In-store,EFT
O00033,C0027,2025-07-03,completed,Online,Card
O00034,C0160,2025-12-02,completed,Online,Card
O00035,C0004,2026-02-24,completed,Online,EFT
O00036,C0054,2025-07-30,completed,Online,Card
O00037,C0472,2025-08-26,completed,Online,SnapScan
O00038,C0327,2026-02-08,completed,In-store,Card
O00039,C0056,2025-06-09,completed,Online,Card
O00040,C0158,2026-04-20,completed,Online,Card
O00041,C0183,2026-02-10,completed,In-store,Card
O00042,C0191,2025-03-28,completed,Online,SnapScan
O00043,C0415,2025-05-12,completed,In-store,SnapScan
O00044,C0222,2026-02-09,completed,Online,Card
O00045,C0077,2025-02-05,completed,In-store,EFT
O00046,C0409,2026-06-23,completed,In-store,EFT
O00047,C0279,2026-05-12,completed,In-store,Card
O00048,C0459,2025-10-15,completed,In-store,EFT
O00049,C0295,2026-02-02,completed,In-store,Cash
O00050,C0468,2025-01-29,completed,Online,EFT
O00051,C0497,2026-05-20,completed,Online,Card
O00052,C0170,2025-07-26,completed,Online,Card
O00053,C0483,2026-02-10,completed,Online,Card
O00054,C0151,2025-05-11,completed,Online,SnapScan
O00055,C0255,2025-05-25,completed,Online,Card
O00056,C0374,2025-12-10,completed,Online,Card
O00057,C0225,2026-03-06,cancelled,In-store,Card
O00058,C0404,2026-08-15,completed,In-store,Card
O00059,C0488,2025-04-18,completed,Online,Card
O00060,C0335,2025-06-18,completed,Online,Card
O00061,C0474,2026-07-08,completed,Online,Card
O00062,C0219,2025-03-31,completed,In-store,EFT
O00063,C0042,2026-04-30,completed,Online,Card
O00064,C0096,2026-04-02,completed,Online,Card
O00065,C0117,2026-07-21,completed,Online,EFT
O00066,C0089,2025-06-21,cancelled,In-store,Card
O00067,C0076,2025-09-22,completed,In-store,SnapScan
O00068,C0267,2026-04-15,returned,Online,SnapScan
O00069,C0052,2025-10-20,completed,In-store,Cash
O00070,C0089,2025-10-10,completed,In-store,EFT
O00071,C0122,2025-02-20,completed,In-store,Cash
O00072,C0440,2025-04-11,cancelled,Online,Card
O00073,C0422,2026-02-21,completed,In-store,Cash
O00074,C0099,2025-07-25,completed,Online,Card
O00075,C0229,2025-07-01,cancelled,Online,EFT
O00076,C0146,2025-01-29,completed,Online,EFT
O00077,C0130,2025-11-09,completed,Online,Cash
O00078,C0495,2026-01-19,completed,In-store,Card
O00079,C0365,2025-11-02,completed,Online,Card
O00080,C0378,2025-02-06,completed,In-store,SnapScan
O00081,C0244,2026-01-03,completed,In-store,Cash
O00082,C0336,2025-04-02,completed,Online,Cash
O00083,C0238,2025-05-01,completed,In-store,EFT
O00084,C0210,2026-08-07,completed,In-store,Card
O00085,C0087,2026-08-14,completed,Online,SnapScan
O00086,C0495,2026-05-04,completed,Online,Card
O00087,C0272,2025-07-15,completed,Online,SnapScan
O00088,C0258,2025-11-10,completed,Online,Card
O00089,C0184,2025-07-12,completed,In-store,SnapScan
O00090,C0376,2025-01-23,completed,Online,Card
O00091,C0025,2025-04-21,completed,Online,EFT
O00092,C0360,2025-06-06,completed,In-store,Card
O00093,C0311,2025-05-21,completed,In-store,Card
O00094,C0426,2026-06-20,cancelled,Online,Card
O00095,C0247,2025-12-05,completed,Online,Card
O00096,C0464,2025-09-20,completed,Online,Store credit
O00097,C0021,2025-10-25,completed,In-store,Card
O00098,C0332,2025-06-24,completed,In-store,Store credit
O00099,C0059,2026-02-15,completed,Online,Cash
O00100,C0031,2025-06-13,completed,In-store,Card
O00101,C0451,2025-05-14,completed,Online,Cash
O00102,C0361,2026-06-22,completed,In-store,EFT
O00103,C0457,2025-02-25,completed,In-store,Card
O00104,C0143,2025-02-21,completed,In-store,Card
O00105,C0335,2025-01-19,completed,Online,EFT
O00106,C0327,2025-11-08,completed,In-store,Card
O00107,C0170,2026-07-28,completed,In-store,SnapScan
O00108,C0114,2025-01-03,completed,In-store,Store credit
O00109,C0460,2025-06-18,completed,In-store,SnapScan
O00110,C0477,2026-02-07,completed,In-store,Card
O00111,C0345,2025-05-07,completed,Online,EFT
O00112,C0418,2025-05-12,completed,In-store,EFT
O00113,C0355,2025-09-12,completed,In-store,Store credit
O00114,C0441,2025-11-18,returned,In-store,Card
O00115,C0491,2025-07-02,completed,In-store,Card
O00116,C0483,2026-03-04,completed,In-store,EFT
O00117,C0083,2025-10-21,completed,Online,Card
O00118,C0122,2026-06-08,completed,In-store,Card
O00119,C0381,2025-09-15,completed,In-store,Cash
O00120,C0332,2026-01-12,completed,Online,EFT
O00121,C0143,2026-07-24,completed,Online,Cash
O00122,C0079,2025-11-27,completed,In-store,Cash
O00123,C0270,2025-08-14,returned,Online,SnapScan
O00124,C0114,2025-08-07,completed,Online,Card
O00125,C0165,2026-01-26,returned,In-store,Card
O00126,C0250,2025-02-14,completed,In-store,Card
O00127,C0276,2026-07-01,completed,Online,EFT
O00128,C0020,2025-03-31,completed,Online,Card
O00129,C0231,2026-02-19,completed,Online,EFT
O00130,C0149,2025-11-05,completed,In-store,Card
O00131,C0153,2026-01-18,returned,Online,Cash
O00132,C0276,2026-07-15,returned,Online,SnapScan
O00133,C0410,2026-08-04,completed,In-store,Store credit
O00134,C0461,2025-07-18,completed,Online,EFT
O00135,C0162,2026-03-15,completed,Online,SnapScan
O00136,C0184,2025-11-09,completed,In-store,Card
O00137,C0376,2025-03-20,completed,In-store,Cash
O00138,C0277,2026-04-29,completed,Online,Card
O00139,C0315,2025-06-19,completed,Online,Card
O00140,C0119,2025-03-06,completed,Online,EFT
O00141,C0053,2026-06-18,completed,Online,SnapScan
O00142,C0465,2025-08-17,completed,Online,Cash
O00143,C0264,2025-10-15,completed,Online,Card
O00144,C0246,2026-05-06,completed,Online,Cash
O00145,C0069,2026-06-09,completed,In-store,Card
O00146,C0497,2026-08-01,completed,In-store,SnapScan
O00147,C0421,2025-07-06,completed,Online,Card
O00148,C0104,2026-06-20,completed,Online,Card
O00149,C0308,2025-02-09,completed,Online,SnapScan
O00150,C0001,2026-03-18,completed,Online,Card
O00151,C0465,2026-08-13,completed,Online,Card
O00152,C0210,2025-09-21,completed,In-store,SnapScan
O00153,C0186,2025-04-20,completed,In-store,Card
O00154,C0248,2025-09-17,cancelled,In-store,SnapScan
O00155,C0383,2025-08-24,completed,In-store,Card
O00156,C0315,2025-02-23,completed,In-store,Card
O00157,C0046,2025-03-07,completed,Online,EFT
O00158,C0328,2026-05-22,completed,Online,EFT
O00159,C0336,2025-01-01,cancelled,Online,Card
O00160,C0008,2025-03-12,returned,Online,SnapScan
O00161,C0477,2026-02-18,completed,Online,Card
O00162,C0060,2026-06-10,returned,In-store,SnapScan
O00163,C0235,2026-04-17,completed,In-store,Card
O00164,C0347,2025-08-24,completed,Online,Card
O00165,C0244,2025-11-18,completed,Online,Store credit
O00166,C0104,2025-09-13,completed,Online,SnapScan
O00167,C0315,2025-01-07,completed,Online,Card
O00168,C0469,2026-06-08,completed,Online,EFT
O00169,C0258,2025-12-22,completed,Online,Store credit
O00170,C0186,2025-09-23,completed,Online,Card
O00171,C0352,2025-08-23,completed,In-store,SnapScan
O00172,C0216,2026-05-27,completed,In-store,EFT
O00173,C0031,2025-08-09,completed,Online,EFT
O00174,C0286,2025-09-21,completed,Online,Card
O00175,C0182,2025-11-29,completed,In-store,Cash
O00176,C0445,2025-06-21,completed,In-store,Card
O00177,C0335,2025-10-26,completed,In-store,Card
O00178,C0129,2025-03-23,completed,Online,Card
O00179,C0146,2026-03-30,completed,Online,Cash
O00180,C0244,2026-04-24,cancelled,Online,Card
O00181,C0324,2026-08-01,completed,In-store,EFT
O00182,C0418,2025-05-20,completed,Online,Card
O00183,C0378,2026-02-04,completed,Online,Card
O00184,C0415,2025-10-03,completed,In-store,Card
O00185,C0319,2026-05-19,completed,Online,Card
O00186,C0120,2025-04-03,completed,Online,Card
O00187,C0406,2025-02-02,completed,In-store,Store credit
O00188,C0099,2025-09-14,completed,In-store,Card
O00189,C0341,2025-08-02,completed,In-store,Card
O00190,C0063,2025-09-17,completed,Online,Card
O00191,C0223,2025-11-28,completed,In-store,Card
O00192,C0353,2025-06-08,completed,Online,Card
O00193,C0321,2025-03-03,completed,In-store,SnapScan
O00194,C0371,2025-05-18,completed,Online,SnapScan
O00195,C0240,2025-10-09,completed,In-store,Cash
O00196,C0135,2026-07-09,completed,Online,EFT
O00197,C0187,2025-09-02,completed,Online,Store credit
O00198,C0035,2025-02-14,completed,Online,Cash
O00199,C0329,2026-02-02,completed,Online,SnapScan
O00200,C0007,2025-08-02,completed,In-store,Cash
O00201,C0030,2025-09-30,completed,In-store,Cash
O00202,C0372,2025-08-25,completed,Online,EFT
O00203,C0383,2025-04-19,completed,In-store,EFT
O00204,C0337,2025-06-11,completed,In-store,Store credit
O00205,C0393,2026-07-18,returned,Online,Store credit
O00206,C0146,2025-01-17,completed,In-store,Card
O00207,C0396,2025-10-10,returned,Online,EFT
O00208,C0128,2025-08-27,completed,Online,EFT
O00209,C0354,2026-08-14,completed,Online,EFT
O00210,C0395,2025-12-09,completed,Online,Cash
O00211,C0277,2026-08-02,completed,Online,Card
O00212,C0295,2026-06-01,completed,Online,SnapScan
O00213,C0026,2026-07-16,completed,Online,Card
O00214,C0269,2025-09-10,completed,Online,Card
O00215,C0305,2025-01-25,completed,Online,Card
O00216,C0486,2025-06-01,completed,In-store,Card
O00217,C0105,2026-07-14,completed,Online,Card
O00218,C0023,2025-09-19,completed,Online,SnapScan
O00219,C0437,2026-01-04,completed,Online,Cash
O00220,C0306,2026-06-29,completed,Online,Store credit
O00221,C0081,2025-01-19,completed,Online,EFT
O00222,C0132,2026-02-01,completed,In-store,Card
O00223,C0196,2026-06-18,cancelled,In-store,EFT
O00224,C0160,2025-12-04,completed,In-store,EFT
O00225,C0466,2025-05-29,completed,In-store,Card
O00226,C0163,2025-05-30,completed,In-store,Cash
O00227,C0421,2025-10-08,completed,Online,Card
O00228,C0306,2025-08-26,completed,Online,Card
O00229,C0017,2026-02-23,completed,Online,Card
O00230,C0475,2026-03-26,completed,Online,Card
O00231,C0481,2026-08-09,completed,Online,Cash
O00232,C0286,2026-02-01,completed,In-store,Card
O00233,C0147,2026-04-18,completed,Online,Cash
O00234,C0399,2026-07-14,completed,Online,Card
O00235,C0166,2025-06-17,completed,Online,Card
O00236,C0373,2026-06-08,completed,Online,EFT
O00237,C0338,2025-06-03,completed,Online,SnapScan
O00238,C0229,2025-10-23,completed,Online,Card
O00239,C0256,2026-07-11,completed,In-store,Card
O00240,C0308,2025-01-07,completed,Online,EFT
O00241,C0342,2026-08-15,completed,Online,Store credit
O00242,C0146,2026-08-10,completed,Online,Card
O00243,C0389,2026-03-14,completed,Online,Card
O00244,C0108,2025-08-03,completed,Online,SnapScan
O00245,C0133,2026-06-23,completed,In-store,Store credit
O00246,C0120,2025-10-25,cancelled,Online,Card
O00247,C0287,2025-08-06,completed,Online,Card
O00248,C0015,2025-06-29,completed,In-store,Store credit
O00249,C0443,2026-07-04,completed,Online,SnapScan
O00250,C0431,2025-02-01,completed,Online,EFT
O00251,C0401,2025-11-12,completed,Online,Card
O00252,C0058,2026-01-19,completed,In-store,Cash
O00253,C0079,2025-07-14,completed,Online,Cash
O00254,C0421,2026-06-13,completed,Online,SnapScan
O00255,C0045,2025-12-08,completed,Online,EFT
O00256,C0103,2025-07-17,completed,Online,SnapScan
O00257,C0053,2025-07-31,completed,Online,Card
O00258,C0219,2026-02-06,completed,In-store,EFT
O00259,C0392,2026-04-22,completed,Online,SnapScan
O00260,C0074,2025-09-22,returned,Online,EFT
O00261,C0434,2025-06-24,completed,Online,EFT
O00262,C0155,2026-06-30,completed,In-store,Card
O00263,C0175,2025-08-02,completed,In-store,SnapScan
O00264,C0340,2025-03-21,completed,In-store,Cash
O00265,C0228,2025-06-30,completed,Online,EFT
O00266,C0455,2025-01-01,completed,In-store,Card
O00267,C0163,2025-11-03,returned,Online,Store credit
O00268,C0314,2026-06-07,completed,Online,Card
O00269,C0184,2025-04-23,completed,In-store,Card
O00270,C0340,2025-06-27,completed,Online,Card
O00271,C0071,2026-03-02,completed,In-store,EFT
O00272,C0475,2026-07-14,completed,Online,Card
O00273,C0440,2025-10-14,completed,Online,Cash
O00274,C0343,2025-03-21,completed,Online,EFT
O00275,C0376,2025-12-06,cancelled,In-store,Card
O00276,C0032,2026-04-30,completed,In-store,EFT
O00277,C0259,2025-03-20,completed,Online,Card
O00278,C0090,2025-06-04,completed,Online,Card
O00279,C0429,2026-05-23,completed,Online,Card
O00280,C0420,2025-04-29,completed,Online,Card
O00281,C0446,2026-03-22,completed,In-store,Card
O00282,C0222,2025-10-07,completed,Online,Card
O00283,C0100,2026-06-17,completed,In-store,Card
O00284,C0180,2025-08-13,completed,Online,Card
O00285,C0363,2025-05-03,completed,In-store,Card
O00286,C0142,2026-03-14,completed,In-store,SnapScan
O00287,C0199,2025-12-07,completed,In-store,Card
O00288,C0252,2025-04-22,completed,In-store,Card
O00289,C0398,2026-04-02,completed,Online,EFT
O00290,C0359,2025-12-04,completed,Online,Store credit
O00291,C0489,2026-05-09,completed,Online,Store credit
O00292,C0491,2025-04-03,completed,In-store,Card
O00293,C0323,2026-01-03,completed,In-store,Card
O00294,C0304,2025-09-02,completed,Online,EFT
O00295,C0495,2025-01-17,completed,Online,SnapScan
O00296,C0268,2026-04-15,returned,In-store,EFT
O00297,C0465,2025-02-16,completed,In-store,Card
O00298,C0419,2025-04-19,completed,In-store,EFT
O00299,C0378,2026-02-16,completed,In-store,EFT
O00300,C0172,2025-03-06,completed,Online,Card
O00301,C0324,2026-01-21,completed,Online,Card
O00302,C0304,2025-10-18,completed,In-store,SnapScan
O00303,C0313,2025-02-08,completed,In-store,EFT
O00304,C0121,2025-07-16,completed,Online,Card
O00305,C0321,2025-08-02,completed,Online,SnapScan
O00306,C0108,2026-03-22,completed,In-store,Cash
O00307,C0264,2025-04-29,completed,Online,Card
O00308,C0117,2025-04-11,completed,Online,Card
O00309,C0235,2025-07-18,completed,In-store,Card
O00310,C0239,2026-04-15,completed,In-store,Card
O00311,C0314,2025-06-24,completed,In-store,Card
O00312,C0303,2026-04-30,completed,Online,SnapScan
O00313,C0077,2026-08-11,completed,Online,Card
O00314,C0112,2025-05-16,completed,Online,Store credit
O00315,C0293,2025-01-25,cancelled,Online,Card
O00316,C0322,2025-03-14,completed,In-store,EFT
O00317,C0295,2025-08-01,completed,Online,Cash
O00318,C0188,2026-04-22,completed,Online,Card
O00319,C0059,2026-05-05,completed,In-store,Cash
O00320,C0033,2026-01-17,completed,Online,EFT
O00321,C0150,2026-04-08,completed,In-store,Store credit
O00322,C0085,2025-10-10,completed,Online,Card
O00323,C0278,2025-05-16,completed,Online,SnapScan
O00324,C0119,2026-06-17,completed,Online,Card
O00325,C0156,2026-08-04,completed,In-store,Card
O00326,C0433,2025-02-18,completed,Online,Store credit
O00327,C0342,2025-06-07,completed,Online,Store credit
O00328,C0076,2026-01-17,completed,In-store,EFT
O00329,C0075,2026-04-15,returned,Online,Store credit
O00330,C0387,2026-08-11,completed,In-store,SnapScan
O00331,C0029,2025-07-19,completed,Online,Store credit
O00332,C0347,2025-03-31,cancelled,Online,Card
O00333,C0219,2026-01-14,completed,Online,Card
O00334,C0373,2026-03-31,completed,Online,Card
O00335,C0428,2025-03-30,completed,Online,Store credit
O00336,C0469,2025-10-07,completed,In-store,SnapScan
O00337,C0287,2026-04-20,completed,In-store,Card
O00338,C0148,2026-03-04,completed,In-store,EFT
O00339,C0307,2026-01-06,completed,In-store,Cash
O00340,C0433,2025-09-23,completed,Online,Card
O00341,C0328,2025-03-20,completed,In-store,Card
O00342,C0424,2025-11-05,completed,Online,EFT
O00343,C0191,2026-05-12,completed,In-store,Card
O00344,C0460,2026-07-27,completed,In-store,EFT
O00345,C0246,2025-12-23,completed,In-store,Cash
O00346,C0073,2025-08-21,completed,Online,Store credit
O00347,C0388,2026-03-18,completed,Online,SnapScan
O00348,C0387,2025-04-09,completed,In-store,Card
O00349,C0400,2025-09-05,completed,Online,SnapScan
O00350,C0110,2026-06-01,completed,Online,EFT
O00351,C0195,2026-03-11,completed,Online,Card
O00352,C0160,2026-03-31,completed,Online,Store credit
O00353,C0481,2026-01-12,completed,In-store,Card
O00354,C0062,2025-05-27,completed,In-store,Store credit
O00355,C0207,2025-05-06,completed,Online,Card
O00356,C0076,2026-04-11,completed,Online,Card
O00357,C0092,2026-01-27,completed,Online,Card
O00358,C0339,2026-05-25,completed,Online,Card
O00359,C0236,2025-02-06,completed,In-store,Cash
O00360,C0367,2026-02-03,completed,Online,EFT
O00361,C0254,2026-01-22,completed,Online,Store credit
O00362,C0188,2025-12-24,completed,In-store,EFT
O00363,C0180,2025-02-27,completed,Online,EFT
O00364,C0236,2026-03-09,completed,In-store,Card
O00365,C0251,2025-04-13,completed,Online,Card
O00366,C0148,2025-09-29,completed,In-store,Card
O00367,C0304,2025-12-11,completed,Online,Card
O00368,C0412,2025-11-04,completed,Online,Card
O00369,C0096,2026-08-14,completed,In-store,Cash
O00370,C0392,2025-11-04,completed,In-store,Cash
O00371,C0208,2025-09-02,completed,Online,Card
O00372,C0405,2025-10-12,completed,Online,Cash
O00373,C0204,2025-05-24,completed,In-store,Card
O00374,C0122,2025-05-06,completed,Online,Cash
O00375,C0226,2026-02-23,completed,In-store,Card
O00376,C0350,2025-09-10,cancelled,In-store,Store credit
O00377,C0496,2025-02-05,completed,In-store,Store credit
O00378,C0274,2025-08-31,completed,Online,Cash
O00379,C0388,2025-08-30,completed,In-store,Card
O00380,C0209,2025-02-04,completed,Online,SnapScan
O00381,C0423,2025-06-14,completed,Online,Card
O00382,C0228,2025-05-20,completed,Online,Card
O00383,C0406,2025-11-24,completed,Online,Card
O00384,C0194,2026-08-08,completed,In-store,Store credit
O00385,C0026,2026-02-15,completed,In-store,Card
O00386,C0442,2025-09-30,completed,Online,Card
O00387,C0121,2026-04-07,returned,Online,EFT
O00388,C0363,2026-03-10,completed,Online,Card
O00389,C0182,2025-02-16,completed,Online,Card
O00390,C0272,2026-03-20,completed,Online,Card
O00391,C0145,2025-09-27,completed,In-store,Card
O00392,C0392,2025-06-04,completed,In-store,EFT
O00393,C0019,2026-04-27,completed,In-store,Card
O00394,C0261,2025-10-07,completed,In-store,Card
O00395,C0063,2026-02-08,completed,In-store,Card
O00396,C0338,2026-05-07,completed,In-store,EFT
O00397,C0167,2026-08-06,completed,In-store,SnapScan
O00398,C0309,2026-01-26,completed,Online,Card
O00399,C0222,2025-11-14,completed,Online,Card
O00400,C0244,2025-10-02,completed,Online,SnapScan
O00401,C0477,2026-05-23,completed,In-store,Card
O00402,C0154,2025-09-12,completed,Online,Card
O00403,C0212,2025-04-07,completed,In-store,SnapScan
O00404,C0380,2026-04-19,completed,Online,Card
O00405,C0388,2026-04-06,completed,Online,Store credit
O00406,C0007,2025-06-25,completed,Online,Card
O00407,C0346,2026-02-09,completed,Online,Card
O00408,C0014,2025-08-03,completed,Online,Card
O00409,C0360,2026-04-01,cancelled,Online,Cash
O00410,C0323,2026-03-19,cancelled,In-store,SnapScan
O00411,C0348,2026-05-15,completed,Online,Card
O00412,C0331,2025-12-22,completed,Online,SnapScan
O00413,C0367,2026-04-25,completed,Online,SnapScan
O00414,C0407,2026-03-02,returned,Online,Card
O00415,C0258,2025-02-02,completed,Online,Card
O00416,C0402,2025-12-30,completed,In-store,Cash
O00417,C0500,2025-04-19,completed,In-store,Cash
O00418,C0061,2025-07-30,returned,Online,Card
O00419,C0079,2026-01-08,completed,Online,Cash
O00420,C0428,2026-05-01,completed,Online,Card
O00421,C0078,2026-06-27,completed,Online,SnapScan
O00422,C0265,2026-01-06,returned,Online,SnapScan
O00423,C0223,2025-03-04,completed,Online,Store credit
O00424,C0410,2026-06-17,cancelled,Online,Cash
O00425,C0271,2025-05-31,completed,Online,Card
O00426,C0044,2025-02-07,completed,Online,SnapScan
O00427,C0015,2026-07-07,completed,Online,SnapScan
O00428,C0064,2025-02-18,completed,In-store,Card
O00429,C0154,2025-10-19,completed,In-store,EFT
O00430,C0168,2026-06-13,completed,In-store,Card
O00431,C0032,2026-03-12,completed,Online,Card
O00432,C0399,2026-02-09,completed,In-store,EFT
O00433,C0243,2025-02-03,completed,In-store,Card
O00434,C0073,2026-03-08,completed,In-store,Cash
O00435,C0035,2025-02-15,completed,In-store,EFT
O00436,C0077,2025-11-28,completed,In-store,Card
O00437,C0408,2025-11-13,completed,In-store,Card
O00438,C0338,2026-06-29,completed,Online,SnapScan
O00439,C0165,2026-02-16,completed,Online,Store credit
O00440,C0163,2026-01-27,completed,Online,Card
O00441,C0079,2025-11-11,completed,Online,Store credit
O00442,C0073,2026-02-27,completed,Online,Store credit
O00443,C0163,2026-04-21,completed,Online,Card
O00444,C0403,2025-05-09,completed,Online,Card
O00445,C0276,2026-03-10,cancelled,In-store,Card
O00446,C0180,2025-08-06,completed,Online,Card
O00447,C0144,2026-03-19,completed,Online,SnapScan
O00448,C0307,2025-12-03,completed,In-store,Card
O00449,C0404,2025-03-21,completed,In-store,SnapScan
O00450,C0424,2026-01-02,completed,In-store,SnapScan
O00451,C0156,2025-08-15,completed,Online,Card
O00452,C0327,2026-02-10,completed,Online,Card
O00453,C0350,2026-08-02,completed,In-store,SnapScan
O00454,C0141,2025-07-16,completed,Online,Store credit
O00455,C0483,2025-02-23,completed,Online,Cash
O00456,C0186,2026-06-14,completed,In-store,Card
O00457,C0201,2025-07-19,completed,In-store,SnapScan
O00458,C0013,2025-12-09,completed,Online,Store credit
O00459,C0044,2025-03-04,returned,Online,Cash
O00460,C0034,2025-04-15,completed,In-store,Card
O00461,C0443,2025-01-11,completed,Online,Card
O00462,C0099,2025-04-21,completed,In-store,Card
O00463,C0023,2025-03-03,completed,In-store,Card
O00464,C0176,2025-10-26,completed,Online,EFT
O00465,C0103,2025-07-26,completed,Online,EFT
O00466,C0084,2025-04-18,completed,In-store,Card
O00467,C0239,2025-08-07,completed,In-store,Store credit
O00468,C0004,2026-01-07,completed,Online,EFT
O00469,C0392,2026-01-04,completed,Online,Card
O00470,C0284,2025-09-09,completed,Online,Cash
O00471,C0339,2025-06-25,returned,In-store,Store credit
O00472,C0220,2025-09-08,returned,In-store,EFT
O00473,C0454,2026-05-16,completed,Online,Card
O00474,C0092,2025-11-26,completed,Online,Store credit
O00475,C0232,2025-08-29,completed,Online,Cash
O00476,C0118,2025-02-12,completed,In-store,Card
O00477,C0120,2025-09-29,completed,Online,Card
O00478,C0171,2025-07-21,completed,Online,SnapScan
O00479,C0154,2025-10-16,completed,In-store,Card
O00480,C0390,2025-06-02,completed,Online,SnapScan
O00481,C0388,2026-04-25,completed,Online,SnapScan
O00482,C0214,2025-08-03,completed,In-store,Card
O00483,C0256,2025-12-28,completed,In-store,Card
O00484,C0468,2026-08-11,completed,In-store,Card
O00485,C0169,2026-08-07,cancelled,In-store,Card
O00486,C0251,2025-01-28,completed,Online,Store credit
O00487,C0233,2025-02-28,completed,Online,Card
O00488,C0067,2025-07-30,completed,In-store,EFT
O00489,C0351,2026-04-15,completed,Online,Card
O00490,C0169,2026-08-06,completed,Online,EFT
O00491,C0153,2026-02-05,completed,In-store,Card
O00492,C0094,2026-08-06,completed,In-store,Card
O00493,C0391,2026-07-21,completed,Online,SnapScan
O00494,C0038,2026-04-18,completed,In-store,Cash
O00495,C0070,2025-12-01,completed,Online,Card
O00496,C0052,2025-07-01,completed,Online,Card
O00497,C0184,2025-07-02,completed,Online,EFT
O00498,C0329,2025-04-16,completed,Online,Card
O00499,C0192,2025-09-02,completed,Online,Card
O00500,C0491,2025-04-09,completed,In-store,Card
O00501,C0166,2026-07-30,completed,In-store,Store credit
O00502,C0183,2025-11-28,completed,Online,Card
O00503,C0211,2025-11-05,completed,In-store,SnapScan
O00504,C0453,2025-11-22,completed,Online,Card
O00505,C0460,2025-05-08,completed,In-store,SnapScan
O00506,C0020,2025-09-01,returned,In-store,Store credit
O00507,C0332,2025-10-23,completed,Online,SnapScan
O00508,C0341,2025-09-12,completed,In-store,Card
O00509,C0481,2025-07-29,completed,Online,EFT
O00510,C0156,2025-10-20,completed,In-store,Card
O00511,C0390,2025-06-09,completed,In-store,Card
O00512,C0305,2026-07-05,completed,In-store,Card
O00513,C0241,2025-07-20,completed,Online,Card
O00514,C0251,2025-11-12,completed,Online,Card
O00515,C0475,2026-03-11,completed,Online,Card
O00516,C0488,2025-06-15,completed,In-store,EFT
O00517,C0355,2025-11-06,completed,In-store,EFT
O00518,C0108,2026-02-12,completed,Online,Card
O00519,C0221,2025-06-24,completed,Online,Card
O00520,C0094,2025-07-16,completed,In-store,Card
O00521,C0033,2025-12-17,completed,Online,SnapScan
O00522,C0299,2025-02-12,completed,Online,Card
O00523,C0350,2025-12-18,completed,In-store,EFT
O00524,C0413,2025-04-13,completed,In-store,Card
O00525,C0338,2026-05-02,completed,In-store,Card
O00526,C0348,2026-03-31,completed,Online,SnapScan
O00527,C0100,2025-05-27,completed,In-store,SnapScan
O00528,C0448,2026-04-24,completed,Online,Card
O00529,C0015,2025-06-14,returned,Online,Card
O00530,C0344,2025-05-07,completed,In-store,EFT
O00531,C0368,2026-01-26,completed,In-store,Store credit
O00532,C0045,2025-04-25,completed,In-store,Store credit
O00533,C0001,2025-11-15,completed,In-store,Store credit
O00534,C0065,2026-06-17,completed,In-store,Card
O00535,C0152,2025-08-13,completed,Online,EFT
O00536,C0353,2025-05-07,completed,In-store,EFT
O00537,C0079,2025-08-04,completed,In-store,Card
O00538,C0435,2025-06-13,cancelled,Online,Card
O00539,C0473,2025-07-19,completed,Online,Card
O00540,C0235,2025-06-17,completed,Online,Card
O00541,C0076,2026-01-21,returned,Online,Cash
O00542,C0204,2026-05-16,completed,In-store,Card
O00543,C0189,2025-01-12,completed,Online,Card
O00544,C0407,2025-07-05,completed,In-store,SnapScan
O00545,C0466,2026-07-05,completed,In-store,Card
O00546,C0366,2025-05-08,completed,Online,EFT
O00547,C0161,2025-05-06,completed,In-store,EFT
O00548,C0064,2026-06-03,completed,In-store,Card
O00549,C0181,2026-07-06,completed,In-store,EFT
O00550,C0427,2025-08-09,returned,In-store,Card
O00551,C0282,2025-09-19,completed,In-store,Card
O00552,C0376,2025-10-03,cancelled,In-store,Card
O00553,C0079,2025-11-20,completed,Online,EFT
O00554,C0209,2025-03-09,completed,Online,Cash
O00555,C0474,2025-05-07,completed,In-store,Card
O00556,C0200,2025-07-05,completed,In-store,Store credit
O00557,C0337,2025-05-10,completed,In-store,Card
O00558,C0142,2026-03-15,completed,In-store,Store credit
O00559,C0161,2025-04-03,completed,Online,Card
O00560,C0476,2026-05-20,completed,Online,Store credit
O00561,C0316,2025-07-14,returned,In-store,SnapScan
O00562,C0230,2025-06-22,completed,In-store,EFT
O00563,C0181,2025-02-22,completed,Online,Card
O00564,C0440,2025-05-01,completed,Online,Card
O00565,C0478,2026-06-12,completed,Online,Card
O00566,C0003,2025-12-25,completed,Online,Card
O00567,C0080,2025-09-14,completed,Online,Card
O00568,C0225,2026-03-26,completed,Online,Card
O00569,C0069,2026-02-09,completed,Online,Card
O00570,C0410,2025-05-11,completed,In-store,Cash
O00571,C0007,2025-08-31,completed,In-store,Card
O00572,C0317,2025-06-06,completed,Online,Card
O00573,C0421,2026-03-16,completed,In-store,SnapScan
O00574,C0020,2025-10-08,cancelled,In-store,Card
O00575,C0119,2025-08-16,completed,Online,Card
O00576,C0459,2025-02-18,completed,Online,EFT
O00577,C0052,2026-03-18,completed,In-store,Card
O00578,C0395,2025-05-14,completed,In-store,Card
O00579,C0062,2025-02-12,completed,In-store,EFT
O00580,C0280,2025-12-18,completed,In-store,EFT
O00581,C0130,2026-07-28,cancelled,In-store,Card
O00582,C0141,2025-05-13,completed,In-store,Card
O00583,C0095,2025-01-04,completed,Online,EFT
O00584,C0088,2025-08-18,completed,Online,Card
O00585,C0405,2025-02-22,completed,Online,Cash
O00586,C0453,2026-07-17,completed,Online,Cash
O00587,C0183,2025-08-13,completed,Online,Card
O00588,C0485,2025-09-21,completed,In-store,EFT
O00589,C0048,2026-05-23,completed,Online,Cash
O00590,C0145,2025-01-22,completed,In-store,SnapScan
O00591,C0207,2025-04-13,completed,Online,SnapScan
O00592,C0424,2025-01-14,completed,In-store,Card
O00593,C0308,2025-01-14,completed,Online,SnapScan
O00594,C0228,2025-06-17,completed,Online,Card
O00595,C0262,2026-03-02,completed,In-store,Card
O00596,C0472,2026-01-29,completed,In-store,Cash
O00597,C0061,2026-01-05,returned,In-store,Cash
O00598,C0342,2025-11-05,completed,In-store,Card
O00599,C0077,2025-05-31,completed,Online,SnapScan
O00600,C0393,2026-01-30,completed,Online,Card
O00601,C0216,2026-06-24,completed,In-store,SnapScan
O00602,C0069,2025-04-23,completed,Online,Cash
O00603,C0357,2025-05-27,completed,Online,Store credit
O00604,C0429,2025-06-11,completed,Online,Card
O00605,C0381,2025-05-24,completed,In-store,Card
O00606,C0007,2025-10-21,completed,Online,EFT
O00607,C0284,2025-09-22,returned,Online,SnapScan
O00608,C0194,2025-05-09,completed,Online,Card
O00609,C0161,2026-02-19,completed,Online,SnapScan
O00610,C0015,2025-09-03,completed,Online,Card
O00611,C0292,2026-08-02,completed,In-store,Card
O00612,C0183,2025-10-17,returned,Online,Card
O00613,C0050,2025-12-06,completed,Online,SnapScan
O00614,C0020,2025-10-25,completed,In-store,Card
O00615,C0494,2026-05-29,completed,In-store,EFT
O00616,C0311,2025-03-18,returned,In-store,Store credit
O00617,C0281,2025-03-31,completed,Online,Card
O00618,C0046,2025-03-14,completed,In-store,Card
O00619,C0250,2025-02-10,completed,Online,Card
O00620,C0260,2026-04-06,completed,In-store,EFT
O00621,C0193,2025-06-12,completed,In-store,Card
O00622,C0492,2026-02-11,completed,Online,Card
O00623,C0059,2025-10-13,completed,Online,Store credit
O00624,C0308,2026-01-25,completed,In-store,SnapScan
O00625,C0447,2026-03-06,completed,In-store,Card
O00626,C0402,2025-06-14,cancelled,Online,Cash
O00627,C0316,2025-05-29,completed,In-store,Store credit
O00628,C0406,2026-02-21,completed,In-store,Store credit
O00629,C0108,2025-07-15,cancelled,In-store,Card
O00630,C0425,2026-07-10,completed,In-store,Card
O00631,C0054,2025-04-02,completed,In-store,Card
O00632,C0109,2025-08-17,completed,In-store,Card
O00633,C0115,2026-06-04,completed,In-store,Card
O00634,C0380,2025-11-22,returned,In-store,Card
O00635,C0082,2026-03-24,completed,In-store,Card
O00636,C0134,2026-07-21,completed,Online,Card
O00637,C0015,2026-07-11,returned,Online,Card
O00638,C0114,2025-11-01,completed,In-store,SnapScan
O00639,C0479,2025-05-28,completed,In-store,EFT
O00640,C0073,2025-10-17,completed,Online,Card
O00641,C0456,2025-11-18,completed,Online,Card
O00642,C0131,2025-05-05,completed,Online,Card
O00643,C0043,2025-05-10,completed,Online,Store credit
O00644,C0224,2026-06-09,returned,In-store,Card
O00645,C0407,2025-11-16,completed,In-store,Card
O00646,C0311,2026-01-28,completed,In-store,Card
O00647,C0310,2026-06-28,completed,Online,Card
O00648,C0337,2026-01-16,completed,In-store,Card
O00649,C0291,2025-11-26,completed,Online,EFT
O00650,C0350,2026-03-22,completed,Online,Card
O00651,C0011,2025-10-19,completed,In-store,EFT
O00652,C0207,2025-02-07,completed,In-store,Card
O00653,C0386,2025-12-21,completed,Online,EFT
O00654,C0467,2025-05-05,completed,In-store,Card
O00655,C0442,2026-03-23,completed,Online,SnapScan
O00656,C0136,2025-12-04,completed,Online,EFT
O00657,C0339,2026-05-17,cancelled,Online,SnapScan
O00658,C0181,2026-07-26,completed,Online,EFT
O00659,C0107,2026-06-25,completed,Online,Store credit
O00660,C0500,2026-04-09,completed,Online,SnapScan
O00661,C0488,2026-08-15,completed,Online,Cash
O00662,C0232,2025-12-27,returned,Online,Card
O00663,C0226,2025-10-07,completed,Online,Card
O00664,C0028,2025-02-06,completed,Online,EFT
O00665,C0376,2025-10-02,completed,Online,Card
O00666,C0379,2025-11-09,completed,Online,EFT
O00667,C0007,2026-05-01,completed,Online,Store credit
O00668,C0024,2025-01-18,completed,In-store,Cash
O00669,C0232,2026-05-18,completed,In-store,Card
O00670,C0397,2026-05-11,completed,In-store,SnapScan
O00671,C0073,2026-01-01,completed,Online,SnapScan
O00672,C0179,2025-12-06,completed,In-store,Card
O00673,C0063,2026-03-20,completed,In-store,SnapScan
O00674,C0351,2025-05-31,completed,Online,Store credit
O00675,C0145,2025-05-07,completed,Online,Card
O00676,C0491,2026-07-29,completed,Online,Card
O00677,C0051,2025-09-25,returned,In-store,Card
O00678,C0394,2025-07-24,completed,Online,Card
O00679,C0280,2025-07-07,completed,In-store,Card
O00680,C0351,2026-01-02,completed,Online,Card
O00681,C0393,2026-03-08,completed,Online,Cash
O00682,C0414,2026-06-15,completed,Online,Card
O00683,C0262,2025-02-24,completed,Online,EFT
O00684,C0310,2025-05-04,completed,Online,Card
O00685,C0063,2025-11-04,cancelled,In-store,Cash
O00686,C0073,2025-09-04,completed,In-store,EFT
O00687,C0198,2025-04-20,completed,In-store,Card
O00688,C0156,2025-02-04,completed,In-store,EFT
O00689,C0371,2026-04-15,completed,In-store,Card
O00690,C0174,2026-04-16,completed,In-store,Card
O00691,C0398,2026-06-23,completed,In-store,EFT
O00692,C0256,2026-05-03,completed,Online,SnapScan
O00693,C0020,2025-03-16,completed,Online,EFT
O00694,C0194,2025-05-17,cancelled,In-store,Card
O00695,C0380,2025-06-15,completed,Online,SnapScan
O00696,C0105,2025-02-04,completed,In-store,Card
O00697,C0350,2026-06-25,completed,In-store,EFT
O00698,C0321,2026-01-21,completed,In-store,Card
O00699,C0482,2025-10-24,returned,Online,SnapScan
O00700,C0295,2025-09-05,completed,In-store,Card
O00701,C0299,2026-04-28,returned,In-store,EFT
O00702,C0392,2025-03-02,completed,Online,SnapScan
O00703,C0067,2025-10-05,completed,Online,Card
O00704,C0436,2025-08-22,completed,Online,SnapScan
O00705,C0219,2026-07-17,completed,Online,Cash
O00706,C0008,2025-09-13,completed,Online,Card
O00707,C0456,2025-09-08,cancelled,Online,Card
O00708,C0183,2025-08-14,completed,Online,Card
O00709,C0462,2026-02-25,completed,In-store,Card
O00710,C0157,2026-07-21,completed,Online,SnapScan
O00711,C0233,2025-04-27,completed,In-store,Card
O00712,C0010,2026-01-27,completed,Online,Card
O00713,C0017,2026-07-09,completed,In-store,Cash
O00714,C0476,2025-02-28,completed,In-store,Store credit
O00715,C0068,2025-01-16,completed,In-store,Card
O00716,C0165,2025-09-28,completed,Online,Card
O00717,C0433,2026-07-24,completed,Online,Store credit
O00718,C0133,2025-10-10,completed,Online,Card
O00719,C0095,2026-06-03,completed,In-store,Card
O00720,C0435,2025-12-28,completed,Online,Card
O00721,C0349,2026-03-02,completed,Online,Card
O00722,C0334,2026-01-19,completed,In-store,EFT
O00723,C0303,2025-01-27,completed,Online,Card
O00724,C0337,2025-06-03,completed,In-store,Card
O00725,C0323,2026-07-16,completed,Online,Card
O00726,C0410,2026-01-06,completed,Online,Store credit
O00727,C0040,2026-01-06,completed,In-store,Card
O00728,C0466,2026-02-22,completed,In-store,EFT
O00729,C0461,2025-07-04,completed,Online,Card
O00730,C0018,2026-03-18,completed,Online,Card
O00731,C0124,2025-10-28,completed,In-store,Cash
O00732,C0323,2026-04-06,completed,Online,SnapScan
O00733,C0304,2026-01-14,completed,Online,Card
O00734,C0153,2026-05-21,completed,In-store,Cash
O00735,C0484,2025-08-04,completed,Online,Cash
O00736,C0141,2026-05-14,completed,In-store,Card
O00737,C0463,2025-02-10,returned,Online,SnapScan
O00738,C0486,2026-08-08,completed,Online,Card
O00739,C0135,2025-03-30,completed,In-store,SnapScan
O00740,C0114,2025-03-18,completed,Online,Card
O00741,C0052,2026-06-18,completed,In-store,EFT
O00742,C0078,2026-05-12,completed,In-store,Card
O00743,C0384,2025-08-08,completed,Online,EFT
O00744,C0315,2026-01-25,completed,Online,Card
O00745,C0323,2026-02-06,completed,Online,Card
O00746,C0127,2026-03-12,completed,Online,Card
O00747,C0248,2026-05-16,completed,In-store,Card
O00748,C0032,2026-07-30,completed,Online,Card
O00749,C0028,2025-10-02,completed,Online,EFT
O00750,C0086,2026-07-03,completed,In-store,Store credit
O00751,C0361,2025-12-08,completed,In-store,EFT
O00752,C0149,2025-06-15,returned,Online,Card
O00753,C0249,2025-02-13,completed,Online,Card
O00754,C0259,2026-03-02,completed,In-store,EFT
O00755,C0155,2025-10-08,completed,Online,Store credit
O00756,C0465,2026-07-01,completed,Online,Store credit
O00757,C0204,2025-08-26,completed,Online,Card
O00758,C0049,2026-07-29,completed,In-store,Card
O00759,C0268,2026-08-04,completed,Online,Card
O00760,C0353,2026-08-02,completed,In-store,Card
O00761,C0334,2025-08-30,completed,In-store,Card
O00762,C0102,2026-03-25,completed,Online,Cash
O00763,C0223,2025-10-29,completed,In-store,Card
O00764,C0149,2026-06-20,completed,In-store,Store credit
O00765,C0170,2025-05-19,completed,In-store,Card
O00766,C0003,2025-11-16,completed,Online,Card
O00767,C0326,2026-07-27,completed,Online,Card
O00768,C0300,2025-11-10,completed,In-store,EFT
O00769,C0053,2025-05-10,completed,In-store,SnapScan
O00770,C0316,2026-04-30,completed,Online,Card
O00771,C0001,2025-11-28,cancelled,Online,SnapScan
O00772,C0061,2025-09-04,completed,Online,Card
O00773,C0490,2025-06-20,returned,In-store,SnapScan
O00774,C0438,2026-04-23,completed,Online,Card
O00775,C0100,2025-01-06,completed,Online,Cash
O00776,C0130,2025-10-08,completed,In-store,Cash
O00777,C0015,2025-06-06,completed,Online,Cash
O00778,C0032,2025-11-18,completed,In-store,Card
O00779,C0301,2026-01-11,completed,In-store,Card
O00780,C0102,2026-06-02,completed,In-store,Cash
O00781,C0045,2025-07-10,completed,In-store,Card
O00782,C0042,2025-09-10,completed,In-store,Store credit
O00783,C0140,2025-07-24,completed,Online,EFT
O00784,C0396,2026-06-20,completed,In-store,Cash
O00785,C0360,2026-03-21,completed,In-store,SnapScan
O00786,C0138,2025-04-03,completed,Online,Card
O00787,C0244,2025-05-24,completed,Online,EFT
O00788,C0216,2026-05-02,completed,In-store,Card
O00789,C0125,2025-09-16,completed,In-store,Card
O00790,C0391,2026-06-04,completed,Online,Card
O00791,C0483,2026-06-21,completed,In-store,SnapScan
O00792,C0047,2025-11-13,completed,Online,Card
O00793,C0105,2026-03-24,completed,Online,EFT
O00794,C0426,2026-04-20,completed,In-store,Card
O00795,C0145,2026-03-11,completed,Online,Card
O00796,C0422,2025-01-02,completed,In-store,Cash
O00797,C0335,2025-07-04,completed,Online,Card
O00798,C0352,2025-04-14,completed,Online,SnapScan
O00799,C0233,2025-01-12,completed,In-store,Card
O00800,C0365,2025-12-10,cancelled,Online,Card
O00801,C0004,2025-12-12,completed,Online,Card
O00802,C0188,2025-02-21,completed,In-store,Card
O00803,C0137,2025-07-03,completed,Online,Card
O00804,C0019,2026-06-29,completed,Online,Card
O00805,C0141,2025-12-20,completed,Online,Cash
O00806,C0041,2025-12-12,completed,Online,Card
O00807,C0407,2025-09-07,completed,Online,EFT
O00808,C0096,2025-10-11,completed,Online,Card
O00809,C0010,2026-03-01,completed,Online,Card
O00810,C0169,2026-07-09,completed,In-store,Card
O00811,C0438,2026-05-26,completed,In-store,EFT
O00812,C0041,2026-05-14,completed,Online,Card
O00813,C0499,2025-10-18,completed,Online,Card
O00814,C0206,2026-07-18,completed,In-store,Card
O00815,C0116,2026-02-18,completed,Online,Cash
O00816,C0425,2025-12-09,completed,In-store,Card
O00817,C0318,2026-05-31,cancelled,In-store,SnapScan
O00818,C0436,2025-06-15,completed,In-store,Card
O00819,C0126,2026-03-31,cancelled,In-store,Store credit
O00820,C0036,2025-01-08,completed,In-store,Card
O00821,C0276,2025-05-04,completed,In-store,Store credit
O00822,C0372,2025-02-10,completed,In-store,Card
O00823,C0406,2025-04-25,completed,Online,EFT
O00824,C0050,2025-12-04,completed,In-store,Card
O00825,C0170,2026-04-07,completed,In-store,EFT
O00826,C0325,2025-11-09,completed,Online,SnapScan
O00827,C0109,2025-11-07,completed,Online,Card
O00828,C0444,2026-05-12,completed,In-store,Card
O00829,C0077,2025-10-12,completed,In-store,Card
O00830,C0465,2025-01-13,completed,In-store,SnapScan
O00831,C0169,2026-06-04,completed,In-store,EFT
O00832,C0379,2025-07-07,completed,In-store,Card
O00833,C0098,2025-03-07,returned,Online,Card
O00834,C0238,2025-04-11,completed,In-store,Card
O00835,C0111,2026-05-14,completed,Online,Card
O00836,C0091,2025-12-03,completed,In-store,Card
O00837,C0499,2026-06-06,completed,Online,Card
O00838,C0176,2026-07-06,completed,Online,Card
O00839,C0272,2026-04-29,completed,Online,EFT
O00840,C0313,2025-06-10,completed,Online,Card
O00841,C0156,2026-01-15,completed,Online,Card
O00842,C0029,2026-02-23,completed,In-store,Store credit
O00843,C0286,2026-07-28,completed,In-store,EFT
O00844,C0167,2026-05-07,returned,In-store,Store credit
O00845,C0473,2025-10-19,completed,Online,SnapScan
O00846,C0302,2025-11-03,completed,Online,Card
O00847,C0446,2025-11-18,completed,In-store,SnapScan
O00848,C0171,2025-07-23,completed,In-store,Card
O00849,C0025,2026-06-26,completed,In-store,Card
O00850,C0295,2025-12-08,completed,In-store,Store credit
O00851,C0221,2025-10-11,completed,In-store,Store credit
O00852,C0174,2026-04-10,completed,In-store,Cash
O00853,C0320,2026-02-04,completed,Online,Card
O00854,C0273,2026-04-14,completed,Online,Cash
O00855,C0118,2025-08-02,completed,Online,Store credit
O00856,C0450,2026-03-27,completed,In-store,Card
O00857,C0468,2026-06-13,completed,In-store,Card
O00858,C0260,2026-01-04,completed,Online,Store credit
O00859,C0440,2025-04-13,completed,In-store,Cash
O00860,C0334,2026-02-04,completed,Online,Store credit
O00861,C0080,2025-05-24,completed,In-store,Card
O00862,C0415,2025-07-05,completed,In-store,SnapScan
O00863,C0466,2025-09-29,completed,Online,Card
O00864,C0468,2026-02-22,completed,Online,EFT
O00865,C0058,2026-05-03,completed,Online,Cash
O00866,C0463,2025-09-21,completed,In-store,Card
O00867,C0413,2025-05-27,completed,Online,Card
O00868,C0374,2025-11-05,cancelled,In-store,Card
O00869,C0378,2025-02-05,completed,In-store,EFT
O00870,C0322,2026-08-15,completed,In-store,Card
O00871,C0394,2026-06-11,returned,Online,Cash
O00872,C0050,2025-12-17,completed,In-store,Card
O00873,C0235,2025-04-24,completed,In-store,Card
O00874,C0043,2026-06-01,completed,In-store,Cash
O00875,C0270,2025-06-05,completed,Online,Card
O00876,C0349,2025-06-19,completed,In-store,Card
O00877,C0070,2025-11-04,completed,In-store,Card
O00878,C0428,2025-12-25,cancelled,Online,Cash
O00879,C0142,2025-12-02,completed,Online,Card
O00880,C0079,2025-03-14,completed,In-store,SnapScan
O00881,C0407,2026-05-14,completed,Online,Card
O00882,C0464,2025-09-15,completed,Online,EFT
O00883,C0413,2026-05-13,completed,Online,EFT
O00884,C0193,2026-06-16,completed,In-store,Card
O00885,C0392,2025-09-02,completed,In-store,Cash
O00886,C0332,2026-03-27,completed,In-store,EFT
O00887,C0130,2026-01-03,completed,Online,Store credit
O00888,C0358,2025-09-27,completed,Online,EFT
O00889,C0413,2025-08-22,completed,Online,Cash
O00890,C0096,2026-01-27,completed,In-store,Card
O00891,C0492,2025-06-22,completed,Online,EFT
O00892,C0449,2026-02-19,completed,Online,Card
O00893,C0490,2025-10-28,completed,In-store,Card
O00894,C0141,2025-01-27,completed,In-store,Store credit
O00895,C0075,2025-01-13,completed,In-store,Cash
O00896,C0298,2026-02-14,completed,In-store,Store credit
O00897,C0121,2025-11-24,completed,In-store,Card
O00898,C0054,2025-08-22,completed,In-store,EFT
O00899,C0303,2026-03-23,completed,In-store,Card
O00900,C0362,2025-06-01,completed,Online,Store credit
O00901,C0366,2026-05-18,completed,In-store,Card
O00902,C0156,2025-12-05,completed,Online,Card
O00903,C0033,2026-06-27,completed,Online,Card
O00904,C0243,2025-05-22,completed,Online,Card
O00905,C0095,2025-09-24,completed,Online,Store credit
O00906,C0286,2025-03-02,completed,Online,Card
O00907,C0275,2025-08-12,cancelled,Online,EFT
O00908,C0362,2025-07-01,completed,In-store,Card
O00909,C0150,2025-04-21,completed,Online,Card
O00910,C0343,2026-07-22,completed,Online,Card
O00911,C0336,2025-11-25,completed,In-store,EFT
O00912,C0013,2026-05-19,completed,In-store,EFT
O00913,C0271,2025-02-12,completed,Online,Cash
O00914,C0156,2026-01-30,completed,In-store,Card
O00915,C0487,2025-07-10,completed,In-store,Card
O00916,C0024,2026-01-26,completed,In-store,Store credit
O00917,C0170,2025-07-01,cancelled,In-store,Card
O00918,C0378,2025-10-07,completed,Online,Cash
O00919,C0308,2025-01-11,completed,Online,EFT
O00920,C0082,2026-05-16,completed,Online,Card
O00921,C0422,2025-07-26,returned,In-store,Card
O00922,C0118,2025-02-08,completed,Online,SnapScan
O00923,C0108,2025-11-22,completed,Online,Cash
O00924,C0330,2025-02-27,completed,Online,Card
O00925,C0370,2026-03-26,completed,Online,Cash
O00926,C0210,2026-06-15,completed,In-store,Card
O00927,C0019,2026-08-01,completed,Online,Cash
O00928,C0252,2025-09-14,completed,In-store,Card
O00929,C0132,2025-06-14,completed,Online,SnapScan
O00930,C0437,2025-08-21,cancelled,Online,EFT
O00931,C0376,2026-04-09,completed,Online,Card
O00932,C0126,2025-08-11,completed,In-store,Store credit
O00933,C0202,2025-05-25,completed,Online,Card
O00934,C0356,2025-07-31,completed,In-store,Card
O00935,C0126,2025-05-14,completed,Online,EFT
O00936,C0170,2025-04-03,completed,In-store,Card
O00937,C0320,2025-11-20,completed,Online,SnapScan
O00938,C0451,2025-06-05,completed,Online,Cash
O00939,C0435,2025-09-13,cancelled,In-store,Card
O00940,C0195,2026-05-04,completed,Online,EFT
O00941,C0454,2026-01-14,completed,Online,Card
O00942,C0492,2025-07-21,cancelled,Online,SnapScan
O00943,C0267,2025-01-25,completed,In-store,Card
O00944,C0173,2025-02-11,completed,In-store,EFT
O00945,C0195,2025-07-24,returned,Online,Card
O00946,C0483,2025-12-21,completed,Online,Card
O00947,C0039,2025-07-01,completed,Online,SnapScan
O00948,C0497,2026-04-17,completed,Online,EFT
O00949,C0047,2025-01-04,completed,In-store,Card
O00950,C0254,2025-07-10,completed,In-store,EFT
O00951,C0064,2025-03-19,completed,In-store,SnapScan
O00952,C0308,2026-02-27,completed,Online,Card
O00953,C0376,2025-03-03,completed,In-store,Card
O00954,C0492,2025-03-09,completed,In-store,Card
O00955,C0251,2025-11-17,completed,Online,Card
O00956,C0232,2025-06-06,completed,In-store,Card
O00957,C0446,2025-06-02,completed,Online,SnapScan
O00958,C0077,2025-10-05,completed,Online,Card
O00959,C0371,2026-05-27,completed,In-store,Card
O00960,C0158,2025-06-12,completed,Online,EFT
O00961,C0190,2026-08-02,cancelled,Online,Card
O00962,C0466,2025-11-17,returned,Online,Card
O00963,C0495,2025-11-26,completed,In-store,SnapScan
O00964,C0197,2025-06-01,completed,Online,Card
O00965,C0074,2026-01-08,completed,Online,Card
O00966,C0249,2025-11-18,completed,In-store,EFT
O00967,C0152,2025-01-26,completed,In-store,Card
O00968,C0081,2026-03-31,completed,Online,Card
O00969,C0166,2025-01-18,completed,In-store,EFT
O00970,C0014,2026-03-21,completed,Online,Card
O00971,C0072,2025-06-05,completed,Online,SnapScan
O00972,C0212,2025-12-18,completed,Online,EFT
O00973,C0060,2025-09-25,completed,Online,EFT
O00974,C0389,2025-08-27,returned,In-store,Card
O00975,C0010,2026-06-07,completed,Online,EFT
O00976,C0179,2025-03-24,completed,Online,Cash
O00977,C0322,2025-10-16,completed,Online,Card
O00978,C0334,2026-06-09,completed,Online,Card
O00979,C0103,2026-08-07,completed,Online,EFT
O00980,C0321,2025-08-24,completed,In-store,Card
O00981,C0199,2025-12-02,completed,In-store,Store credit
O00982,C0001,2025-02-01,completed,In-store,Store credit
O00983,C0012,2025-11-01,completed,Online,Card
O00984,C0356,2026-07-25,completed,Online,EFT
O00985,C0194,2025-01-31,completed,Online,Card
O00986,C0033,2025-10-15,completed,In-store,Card
O00987,C0354,2026-04-04,completed,In-store,Card
O00988,C0147,2026-01-08,completed,Online,Cash
O00989,C0178,2026-02-21,completed,Online,Card
O00990,C0456,2026-05-22,completed,Online,Store credit
O00991,C0184,2026-04-23,completed,Online,EFT
O00992,C0418,2025-07-30,completed,Online,Cash
O00993,C0404,2025-12-09,completed,In-store,Card
O00994,C0097,2025-01-01,completed,In-store,SnapScan
O00995,C0327,2025-04-09,returned,Online,Card
O00996,C0037,2025-03-10,completed,In-store,Card
O00997,C0176,2026-02-02,completed,Online,EFT
O00998,C0276,2025-04-11,completed,In-store,Cash
O00999,C0124,2026-04-26,completed,Online,SnapScan
O01000,C0258,2025-07-05,completed,In-store,Card
O01001,C0496,2025-03-20,completed,Online,Card
O01002,C0359,2025-04-29,completed,Online,SnapScan
O01003,C0360,2026-03-09,completed,Online,Cash
O01004,C0293,2025-07-11,completed,Online,Store credit
O01005,C0337,2025-07-09,completed,Online,Card
O01006,C0006,2026-01-16,completed,In-store,Card
O01007,C0246,2025-08-07,completed,Online,Card
O01008,C0440,2025-03-14,completed,Online,Card
O01009,C0116,2025-09-26,completed,In-store,Card
O01010,C0477,2026-01-18,completed,In-store,Cash
O01011,C0387,2025-06-11,completed,Online,Card
O01012,C0361,2025-05-30,completed,Online,Card
O01013,C0168,2025-11-12,completed,Online,SnapScan
O01014,C0139,2025-10-23,completed,Online,Store credit
O01015,C0157,2025-07-16,completed,Online,Card
O01016,C0314,2025-05-23,completed,In-store,Card
O01017,C0371,2025-10-26,completed,Online,SnapScan
O01018,C0175,2025-05-30,completed,Online,Card
O01019,C0479,2025-09-18,returned,Online,Store credit
O01020,C0251,2025-04-21,completed,Online,Card
O01021,C0022,2025-03-13,completed,Online,Card
O01022,C0113,2026-08-08,completed,In-store,Card
O01023,C0113,2025-06-25,completed,In-store,Card
O01024,C0127,2026-02-21,completed,Online,Card
O01025,C0344,2025-11-12,completed,In-store,Card
O01026,C0077,2026-01-29,completed,In-store,Card
O01027,C0311,2025-07-30,completed,In-store,EFT
O01028,C0128,2025-10-25,completed,Online,Cash
O01029,C0131,2025-12-23,completed,In-store,Card
O01030,C0434,2025-02-07,cancelled,Online,SnapScan
O01031,C0026,2025-09-14,completed,In-store,Card
O01032,C0118,2026-02-24,completed,Online,Card
O01033,C0447,2025-06-30,completed,Online,Card
O01034,C0365,2025-03-20,completed,Online,SnapScan
O01035,C0189,2025-07-03,completed,In-store,Card
O01036,C0011,2026-05-28,completed,Online,Card
O01037,C0312,2026-01-12,completed,Online,Card
O01038,C0311,2025-02-13,completed,Online,Card
O01039,C0239,2026-06-17,completed,In-store,SnapScan
O01040,C0019,2025-07-31,completed,In-store,Cash
O01041,C0013,2025-11-19,completed,Online,SnapScan
O01042,C0463,2026-03-26,completed,Online,SnapScan
O01043,C0027,2025-09-09,returned,In-store,Store credit
O01044,C0455,2026-03-20,completed,Online,Cash
O01045,C0159,2026-06-03,completed,In-store,Card
O01046,C0172,2026-04-17,completed,Online,Card
O01047,C0478,2026-01-22,completed,In-store,SnapScan
O01048,C0113,2025-02-12,completed,Online,Card
O01049,C0078,2026-03-14,completed,Online,Cash
O01050,C0373,2026-05-10,completed,Online,Cash
O01051,C0416,2025-12-17,cancelled,In-store,Store credit
O01052,C0080,2026-06-17,completed,In-store,SnapScan
O01053,C0482,2026-06-06,completed,In-store,Store credit
O01054,C0422,2025-06-01,completed,In-store,Card
O01055,C0486,2025-03-09,completed,In-store,Card
O01056,C0016,2025-12-08,completed,Online,Cash
O01057,C0085,2025-12-11,completed,Online,Card
O01058,C0460,2025-04-05,returned,In-store,EFT
O01059,C0069,2025-10-26,cancelled,Online,EFT
O01060,C0021,2025-01-01,completed,Online,Card
O01061,C0316,2026-06-23,completed,In-store,Card
O01062,C0353,2025-10-18,completed,In-store,EFT
O01063,C0215,2025-08-29,completed,In-store,EFT
O01064,C0041,2025-03-02,completed,Online,Card
O01065,C0171,2025-11-24,completed,Online,Card
O01066,C0201,2025-07-16,completed,Online,Cash
O01067,C0495,2026-03-09,completed,In-store,SnapScan
O01068,C0123,2026-06-10,completed,In-store,Cash
O01069,C0191,2025-12-12,completed,In-store,Card
O01070,C0381,2026-06-02,completed,Online,EFT
O01071,C0281,2025-10-25,completed,In-store,Card
O01072,C0033,2026-05-01,completed,Online,Card
O01073,C0297,2025-09-18,completed,Online,Card
O01074,C0025,2025-03-19,completed,Online,SnapScan
O01075,C0255,2025-08-07,completed,In-store,SnapScan
O01076,C0485,2026-05-07,completed,Online,SnapScan
O01077,C0464,2026-03-13,completed,Online,Card
O01078,C0389,2025-10-04,cancelled,Online,Card
O01079,C0343,2025-10-12,completed,Online,Card
O01080,C0010,2025-03-30,cancelled,Online,Card
O01081,C0406,2026-03-19,completed,Online,SnapScan
O01082,C0301,2025-03-10,cancelled,In-store,Cash
O01083,C0191,2025-12-13,completed,In-store,Cash
O01084,C0060,2025-05-20,completed,In-store,EFT
O01085,C0029,2025-11-04,cancelled,In-store,SnapScan
O01086,C0095,2025-04-06,completed,In-store,EFT
O01087,C0026,2025-10-11,completed,In-store,SnapScan
O01088,C0477,2025-02-11,completed,In-store,Card
O01089,C0484,2025-01-05,completed,Online,Card
O01090,C0482,2026-07-29,completed,Online,Card
O01091,C0112,2025-05-10,completed,In-store,Cash
O01092,C0432,2025-07-12,completed,Online,Card
O01093,C0211,2025-10-22,completed,In-store,Cash
O01094,C0130,2025-05-12,completed,In-store,EFT
O01095,C0368,2025-04-24,completed,Online,Card
O01096,C0064,2026-01-13,completed,Online,EFT
O01097,C0446,2025-09-06,completed,In-store,Card
O01098,C0456,2025-03-03,completed,Online,Card
O01099,C0219,2025-01-15,completed,In-store,Card
O01100,C0139,2025-06-14,completed,Online,Card
O01101,C0354,2025-04-12,completed,In-store,SnapScan
O01102,C0415,2025-09-08,completed,In-store,EFT
O01103,C0168,2026-07-22,completed,Online,Card
O01104,C0357,2025-10-06,completed,In-store,EFT
O01105,C0491,2026-07-30,completed,Online,EFT
O01106,C0212,2026-07-02,cancelled,Online,EFT
O01107,C0456,2026-04-06,completed,Online,Store credit
O01108,C0124,2025-02-15,completed,Online,Card
O01109,C0474,2026-08-13,completed,Online,Card
O01110,C0379,2025-04-10,cancelled,In-store,EFT
O01111,C0092,2025-07-20,completed,Online,Card
O01112,C0061,2025-07-29,completed,In-store,SnapScan
O01113,C0432,2026-03-07,completed,In-store,Card
O01114,C0086,2025-09-30,completed,In-store,Cash
O01115,C0230,2026-03-12,completed,In-store,Card
O01116,C0428,2025-01-21,completed,Online,SnapScan
O01117,C0359,2026-07-01,returned,Online,Card
O01118,C0453,2025-03-17,completed,In-store,Card
O01119,C0430,2025-07-30,completed,In-store,EFT
O01120,C0370,2026-07-14,completed,In-store,Card
O01121,C0442,2025-02-01,completed,Online,SnapScan
O01122,C0332,2026-01-16,completed,In-store,Store credit
O01123,C0345,2025-04-28,completed,Online,Card
O01124,C0308,2026-08-14,completed,Online,EFT
O01125,C0240,2025-01-27,completed,Online,EFT
O01126,C0121,2026-02-27,completed,Online,Card
O01127,C0402,2026-08-14,completed,Online,SnapScan
O01128,C0009,2026-06-23,completed,Online,Card
O01129,C0271,2025-05-08,completed,In-store,SnapScan
O01130,C0281,2026-05-01,completed,In-store,Card
O01131,C0138,2025-09-06,completed,Online,EFT
O01132,C0125,2026-03-06,completed,Online,SnapScan
O01133,C0200,2025-06-10,completed,In-store,SnapScan
O01134,C0374,2025-01-24,completed,Online,Card
O01135,C0285,2026-05-28,completed,In-store,Card
O01136,C0149,2025-02-28,cancelled,Online,Card
O01137,C0301,2025-11-19,completed,In-store,SnapScan
O01138,C0102,2025-09-04,completed,In-store,Card
O01139,C0021,2026-02-21,completed,In-store,Store credit
O01140,C0269,2025-01-09,completed,Online,Cash
O01141,C0255,2025-09-28,completed,In-store,EFT
O01142,C0446,2026-06-23,completed,In-store,Card
O01143,C0430,2025-01-28,completed,In-store,Card
O01144,C0259,2025-06-01,completed,Online,Card
O01145,C0382,2025-10-29,completed,Online,Store credit
O01146,C0173,2025-09-01,completed,Online,Card
O01147,C0029,2026-06-17,completed,Online,Card
O01148,C0052,2025-06-29,completed,Online,Card
O01149,C0293,2025-04-22,completed,In-store,Card
O01150,C0060,2025-09-05,completed,In-store,SnapScan
O01151,C0232,2025-01-19,completed,Online,Card
O01152,C0232,2025-09-19,completed,Online,SnapScan
O01153,C0426,2026-07-20,completed,In-store,SnapScan
O01154,C0197,2026-08-06,completed,Online,Card
O01155,C0406,2025-07-19,returned,In-store,Card
O01156,C0286,2026-04-30,completed,In-store,Card
O01157,C0111,2025-11-13,cancelled,Online,EFT
O01158,C0267,2025-05-22,completed,In-store,Card
O01159,C0223,2025-12-16,completed,In-store,Card
O01160,C0473,2025-08-10,completed,Online,Card
O01161,C0385,2025-05-04,completed,Online,Card
O01162,C0438,2025-01-31,completed,Online,SnapScan
O01163,C0454,2026-02-03,completed,Online,Cash
O01164,C0271,2025-02-27,completed,Online,Card
O01165,C0447,2026-03-30,completed,In-store,Card
O01166,C0226,2026-03-30,completed,Online,Card
O01167,C0473,2026-01-29,returned,In-store,EFT
O01168,C0068,2025-11-18,returned,Online,Cash
O01169,C0006,2025-07-29,completed,In-store,Card
O01170,C0385,2026-03-09,completed,Online,EFT
O01171,C0193,2025-05-05,completed,Online,Cash
O01172,C0073,2026-02-10,completed,Online,SnapScan
O01173,C0105,2025-09-14,completed,Online,EFT
O01174,C0424,2025-07-06,completed,Online,Card
O01175,C0449,2025-04-28,completed,Online,EFT
O01176,C0231,2025-01-24,completed,In-store,EFT
O01177,C0441,2026-05-24,completed,Online,SnapScan
O01178,C0277,2025-05-28,completed,In-store,Card
O01179,C0008,2025-12-10,completed,Online,Card
O01180,C0168,2026-08-05,completed,Online,EFT
O01181,C0221,2026-07-09,completed,Online,Card
O01182,C0488,2025-08-24,completed,Online,Store credit
O01183,C0434,2026-06-09,completed,Online,Card
O01184,C0385,2025-02-06,completed,Online,Card
O01185,C0101,2026-07-07,completed,In-store,Card
O01186,C0237,2026-05-22,completed,Online,EFT
O01187,C0384,2025-02-09,completed,Online,EFT
O01188,C0189,2025-02-23,completed,In-store,EFT
O01189,C0091,2025-12-17,completed,Online,EFT
O01190,C0488,2025-05-17,completed,In-store,Cash
O01191,C0096,2026-06-30,completed,In-store,Store credit
O01192,C0088,2026-02-18,returned,Online,EFT
O01193,C0482,2026-06-01,completed,In-store,Card
O01194,C0487,2026-07-27,completed,In-store,SnapScan
O01195,C0427,2025-04-26,returned,In-store,Card
O01196,C0020,2025-03-30,completed,Online,Card
O01197,C0104,2025-04-20,completed,Online,EFT
O01198,C0269,2025-04-10,completed,Online,Cash
O01199,C0443,2025-04-22,completed,In-store,Card
O01200,C0388,2026-05-05,completed,Online,Card
O01201,C0398,2026-03-15,completed,In-store,Cash
O01202,C0071,2026-05-20,completed,Online,Store credit
O01203,C0148,2025-07-02,completed,Online,EFT
O01204,C0171,2025-01-27,completed,In-store,Cash
O01205,C0332,2025-08-26,completed,Online,EFT
O01206,C0325,2026-03-12,completed,Online,Card
O01207,C0301,2026-05-18,completed,In-store,EFT
O01208,C0361,2025-06-21,returned,Online,Store credit
O01209,C0279,2025-04-19,completed,Online,Card
O01210,C0321,2025-11-09,completed,In-store,Cash
O01211,C0393,2026-04-28,completed,In-store,EFT
O01212,C0165,2025-09-24,completed,Online,EFT
O01213,C0262,2026-04-10,completed,In-store,Card
O01214,C0226,2025-05-04,completed,Online,Card
O01215,C0475,2026-08-02,completed,In-store,Store credit
O01216,C0282,2025-05-28,completed,Online,EFT
O01217,C0158,2025-10-01,completed,Online,EFT
O01218,C0171,2025-09-25,completed,In-store,Store credit
O01219,C0226,2025-03-13,completed,Online,EFT
O01220,C0168,2025-05-22,completed,In-store,Cash
O01221,C0498,2025-04-11,completed,Online,SnapScan
O01222,C0311,2026-04-22,completed,Online,EFT
O01223,C0450,2026-01-17,completed,Online,Card
O01224,C0155,2025-08-30,returned,In-store,SnapScan
O01225,C0296,2025-06-21,completed,In-store,EFT
O01226,C0142,2026-06-08,completed,In-store,Card
O01227,C0352,2026-05-27,completed,In-store,Card
O01228,C0081,2025-05-01,completed,In-store,Store credit
O01229,C0382,2025-04-02,completed,Online,Card
O01230,C0102,2025-08-08,completed,In-store,Card
O01231,C0334,2025-11-05,completed,In-store,Card
O01232,C0203,2026-06-22,completed,Online,Card
O01233,C0100,2026-01-11,cancelled,Online,Card
O01234,C0118,2026-04-10,completed,Online,Card
O01235,C0391,2025-05-14,completed,Online,Store credit
O01236,C0143,2025-03-03,completed,In-store,Card
O01237,C0441,2025-10-16,completed,In-store,Card
O01238,C0329,2025-01-08,completed,In-store,Card
O01239,C0464,2026-02-20,returned,In-store,SnapScan
O01240,C0399,2025-12-23,completed,Online,Card
O01241,C0285,2025-03-02,completed,In-store,Card
O01242,C0212,2026-07-22,completed,Online,Card
O01243,C0176,2025-03-04,completed,Online,Card
O01244,C0446,2025-10-22,completed,Online,Card
O01245,C0013,2025-01-18,completed,Online,EFT
O01246,C0288,2025-01-06,completed,In-store,SnapScan
O01247,C0181,2025-03-07,completed,In-store,EFT
O01248,C0170,2025-01-26,completed,In-store,Card
O01249,C0121,2026-07-11,completed,In-store,Cash
O01250,C0131,2026-05-29,completed,In-store,EFT
O01251,C0332,2025-03-08,completed,In-store,EFT
O01252,C0488,2025-02-20,completed,In-store,Card
O01253,C0008,2025-03-10,completed,In-store,Card
O01254,C0264,2026-04-17,completed,Online,Card
O01255,C0338,2025-01-29,completed,In-store,Card
O01256,C0400,2026-04-05,returned,In-store,Card
O01257,C0321,2025-10-24,returned,Online,SnapScan
O01258,C0183,2026-06-19,completed,In-store,EFT
O01259,C0277,2025-06-26,completed,Online,EFT
O01260,C0432,2025-07-04,completed,Online,Card
O01261,C0419,2025-10-04,completed,In-store,Card
O01262,C0061,2025-09-22,returned,Online,EFT
O01263,C0329,2025-09-12,completed,Online,Cash
O01264,C0409,2026-02-12,completed,In-store,Cash
O01265,C0079,2026-07-29,completed,Online,Card
O01266,C0224,2025-05-21,cancelled,Online,Card
O01267,C0372,2025-09-12,completed,In-store,EFT
O01268,C0023,2025-09-18,completed,Online,Card
O01269,C0163,2025-02-02,completed,In-store,Card
O01270,C0133,2026-07-06,completed,Online,Card
O01271,C0139,2026-02-28,completed,In-store,SnapScan
O01272,C0358,2026-02-10,completed,Online,Card
O01273,C0161,2025-02-20,completed,In-store,SnapScan
O01274,C0456,2025-02-15,completed,Online,Card
O01275,C0211,2025-05-09,completed,In-store,Card
O01276,C0498,2025-09-14,completed,Online,Card
O01277,C0286,2026-03-22,completed,Online,Card
O01278,C0160,2025-11-19,completed,In-store,Card
O01279,C0067,2025-09-06,completed,Online,SnapScan
O01280,C0312,2025-12-22,completed,In-store,EFT
O01281,C0093,2026-04-08,completed,In-store,EFT
O01282,C0091,2025-10-15,completed,Online,Card
O01283,C0203,2026-05-08,completed,In-store,Card
O01284,C0070,2026-02-23,completed,In-store,EFT
O01285,C0028,2025-07-28,completed,Online,SnapScan
O01286,C0237,2026-07-22,completed,In-store,Card
O01287,C0220,2025-09-18,completed,Online,EFT
O01288,C0040,2025-04-25,completed,Online,Store credit
O01289,C0151,2025-06-20,completed,Online,Cash
O01290,C0278,2025-03-04,completed,Online,SnapScan
O01291,C0170,2025-08-24,completed,Online,Cash
O01292,C0177,2025-06-26,completed,Online,EFT
O01293,C0108,2026-07-02,completed,In-store,Card
O01294,C0467,2025-11-25,completed,Online,Card
O01295,C0398,2025-06-08,completed,In-store,EFT
O01296,C0429,2026-05-06,completed,In-store,EFT
O01297,C0374,2026-07-08,completed,Online,Card
O01298,C0304,2026-04-06,completed,Online,EFT
O01299,C0256,2025-01-31,completed,In-store,Store credit
O01300,C0109,2025-06-21,completed,Online,Card
O01301,C0355,2026-06-19,completed,Online,Card
O01302,C0197,2025-04-06,completed,In-store,Card
O01303,C0403,2026-05-10,completed,In-store,SnapScan
O01304,C0018,2025-01-04,completed,In-store,Card
O01305,C0011,2025-02-17,completed,In-store,EFT
O01306,C0202,2026-01-15,completed,Online,Card
O01307,C0268,2025-01-16,completed,In-store,Card
O01308,C0274,2026-08-05,completed,Online,Card
O01309,C0242,2026-06-26,cancelled,In-store,Card
O01310,C0040,2026-08-07,completed,Online,EFT
O01311,C0452,2026-01-03,completed,In-store,EFT
O01312,C0484,2026-08-09,completed,Online,Card
O01313,C0362,2025-04-03,completed,Online,Card
O01314,C0304,2026-02-17,returned,Online,Card
O01315,C0231,2025-02-24,completed,In-store,Cash
O01316,C0422,2026-07-21,completed,Online,Card
O01317,C0295,2025-01-19,returned,Online,EFT
O01318,C0236,2025-06-25,completed,Online,Cash
O01319,C0144,2025-01-06,completed,Online,EFT
O01320,C0278,2026-01-18,completed,Online,SnapScan
O01321,C0451,2025-02-14,completed,Online,SnapScan
O01322,C0003,2026-05-11,completed,In-store,Store credit
O01323,C0365,2025-12-02,completed,In-store,SnapScan
O01324,C0143,2026-04-29,completed,Online,SnapScan
O01325,C0079,2025-12-27,completed,Online,EFT
O01326,C0405,2026-01-04,completed,Online,Cash
O01327,C0442,2025-10-07,cancelled,Online,SnapScan
O01328,C0457,2025-11-03,completed,Online,Store credit
O01329,C0465,2025-11-02,completed,Online,Card
O01330,C0202,2026-01-04,completed,Online,Card
O01331,C0375,2025-01-29,completed,In-store,Cash
O01332,C0260,2026-02-02,completed,In-store,Card
O01333,C0200,2025-02-25,completed,Online,EFT
O01334,C0471,2025-10-02,completed,Online,Card
O01335,C0462,2025-11-18,returned,Online,Store credit
O01336,C0026,2025-03-22,completed,Online,Cash
O01337,C0098,2025-05-13,completed,In-store,Store credit
O01338,C0148,2025-08-10,cancelled,In-store,Card
O01339,C0260,2025-10-19,completed,Online,EFT
O01340,C0175,2025-05-31,completed,Online,Card
O01341,C0330,2025-01-20,completed,Online,Cash
O01342,C0356,2025-05-09,completed,In-store,EFT
O01343,C0202,2026-05-18,completed,In-store,Cash
O01344,C0425,2025-01-12,completed,Online,Card
O01345,C0276,2025-09-18,completed,Online,Card
O01346,C0126,2025-01-06,completed,In-store,EFT
O01347,C0463,2025-04-30,completed,Online,Card
O01348,C0491,2026-04-13,completed,In-store,EFT
O01349,C0119,2025-09-04,completed,In-store,Card
O01350,C0096,2025-03-21,completed,In-store,Cash
O01351,C0116,2026-07-18,completed,Online,SnapScan
O01352,C0269,2025-05-08,completed,In-store,SnapScan
O01353,C0171,2026-07-18,completed,In-store,Cash
O01354,C0363,2025-02-21,completed,In-store,Cash
O01355,C0461,2025-06-26,completed,Online,Store credit
O01356,C0071,2025-06-22,completed,Online,Card
O01357,C0321,2025-08-23,completed,In-store,Card
O01358,C0109,2025-05-15,returned,In-store,SnapScan
O01359,C0359,2025-01-11,completed,In-store,SnapScan
O01360,C0366,2025-06-02,completed,Online,SnapScan
O01361,C0398,2025-05-14,completed,Online,Cash
O01362,C0423,2025-02-28,completed,In-store,Card
O01363,C0307,2025-04-02,completed,In-store,EFT
O01364,C0384,2026-06-28,completed,In-store,Card
O01365,C0199,2026-02-06,completed,In-store,SnapScan
O01366,C0029,2026-01-11,completed,In-store,Store credit
O01367,C0457,2025-02-11,completed,In-store,Store credit
O01368,C0031,2025-11-07,completed,In-store,Card
O01369,C0157,2025-07-13,completed,In-store,Card
O01370,C0434,2025-06-22,completed,Online,Cash
O01371,C0341,2025-05-21,returned,In-store,Store credit
O01372,C0489,2025-02-10,completed,Online,Store credit
O01373,C0174,2025-09-03,completed,In-store,Store credit
O01374,C0188,2025-02-28,completed,Online,Card
O01375,C0373,2026-02-04,returned,In-store,Card
O01376,C0369,2025-10-02,completed,In-store,Cash
O01377,C0190,2026-08-01,completed,In-store,Card
O01378,C0294,2025-12-07,returned,In-store,Card
O01379,C0074,2025-11-27,completed,Online,Card
O01380,C0233,2025-10-10,completed,Online,SnapScan
O01381,C0213,2025-04-30,completed,Online,Card
O01382,C0349,2025-01-19,completed,In-store,SnapScan
O01383,C0374,2026-07-17,completed,In-store,EFT
O01384,C0144,2025-06-30,completed,In-store,SnapScan
O01385,C0330,2025-06-17,completed,In-store,EFT
O01386,C0232,2025-05-16,completed,Online,Card
O01387,C0032,2025-02-17,returned,In-store,Card
O01388,C0475,2026-01-12,completed,Online,Store credit
O01389,C0374,2025-05-12,completed,Online,Card
O01390,C0204,2026-06-26,completed,In-store,Card
O01391,C0319,2025-12-21,completed,In-store,Card
O01392,C0369,2026-01-18,cancelled,Online,Cash
O01393,C0227,2025-08-21,completed,Online,EFT
O01394,C0117,2026-03-10,completed,Online,Store credit
O01395,C0311,2026-05-25,completed,Online,Card
O01396,C0252,2025-05-08,completed,Online,EFT
O01397,C0274,2025-09-22,completed,Online,Card
O01398,C0261,2025-01-18,completed,In-store,Card
O01399,C0455,2025-12-12,completed,In-store,Card
O01400,C0004,2026-05-13,completed,Online,EFT
O01401,C0007,2025-03-15,completed,Online,Card
O01402,C0425,2026-04-30,completed,Online,Card
O01403,C0292,2025-03-16,completed,In-store,EFT
O01404,C0040,2026-08-03,completed,In-store,Card
O01405,C0109,2025-11-25,completed,In-store,Card
O01406,C0046,2025-06-03,completed,In-store,EFT
O01407,C0243,2025-08-09,completed,Online,Cash
O01408,C0346,2025-01-29,completed,Online,EFT
O01409,C0482,2026-08-09,returned,In-store,Card
O01410,C0159,2025-07-12,completed,Online,SnapScan
O01411,C0181,2025-01-25,completed,Online,Card
O01412,C0223,2026-05-24,completed,In-store,EFT
O01413,C0113,2026-04-27,completed,In-store,Card
O01414,C0226,2025-03-22,completed,In-store,EFT
O01415,C0356,2026-01-15,completed,In-store,Card
O01416,C0346,2025-07-31,completed,Online,Card
O01417,C0287,2026-08-07,completed,In-store,Card
O01418,C0386,2025-09-26,completed,In-store,Card
O01419,C0157,2025-05-05,completed,In-store,EFT
O01420,C0210,2025-09-28,completed,In-store,Cash
O01421,C0371,2026-05-04,completed,Online,EFT
O01422,C0229,2025-05-13,completed,Online,Cash
O01423,C0300,2025-05-16,completed,Online,Card
O01424,C0196,2025-03-07,completed,In-store,EFT
O01425,C0183,2026-06-26,completed,Online,Card
O01426,C0221,2025-03-22,returned,In-store,Store credit
O01427,C0357,2025-12-02,completed,Online,Store credit
O01428,C0478,2025-05-19,completed,Online,Card
O01429,C0010,2025-11-05,completed,In-store,Card
O01430,C0487,2025-11-18,completed,In-store,Card
O01431,C0135,2025-07-12,cancelled,Online,Cash
O01432,C0188,2025-02-18,completed,In-store,EFT
O01433,C0173,2025-06-13,completed,Online,Store credit
O01434,C0111,2025-07-29,completed,Online,Card
O01435,C0063,2026-03-15,completed,Online,SnapScan
O01436,C0313,2025-12-22,completed,In-store,Card
O01437,C0463,2025-06-27,returned,In-store,EFT
O01438,C0139,2025-05-15,completed,Online,Card
O01439,C0453,2026-07-14,completed,In-store,Card
O01440,C0185,2026-07-09,completed,In-store,Card
O01441,C0353,2025-12-18,completed,Online,Card
O01442,C0040,2025-07-10,completed,Online,Store credit
O01443,C0357,2025-12-21,completed,In-store,SnapScan
O01444,C0423,2026-05-12,completed,Online,EFT
O01445,C0318,2025-09-15,completed,Online,Card
O01446,C0094,2025-06-17,completed,In-store,Card
O01447,C0416,2025-09-24,completed,In-store,Cash
O01448,C0277,2025-07-20,completed,Online,Card
O01449,C0412,2025-06-20,completed,Online,EFT
O01450,C0094,2026-02-11,completed,In-store,Card
O01451,C0079,2025-01-18,completed,In-store,Card
O01452,C0372,2025-06-11,completed,Online,Card
O01453,C0319,2025-10-31,completed,In-store,Card
O01454,C0014,2026-07-19,completed,Online,SnapScan
O01455,C0140,2026-08-11,completed,In-store,SnapScan
O01456,C0487,2025-06-27,completed,Online,Card
O01457,C0206,2025-11-02,completed,In-store,EFT
O01458,C0157,2025-05-17,completed,In-store,Card
O01459,C0327,2026-06-22,completed,In-store,EFT
O01460,C0112,2025-10-31,completed,Online,Card
O01461,C0376,2026-05-13,returned,In-store,EFT
O01462,C0334,2025-06-14,completed,Online,SnapScan
O01463,C0011,2025-06-22,completed,Online,Card
O01464,C0203,2025-07-13,completed,Online,EFT
O01465,C0461,2025-08-29,completed,Online,Card
O01466,C0358,2026-03-19,completed,Online,Card
O01467,C0456,2025-07-31,completed,Online,Cash
O01468,C0453,2026-07-10,returned,In-store,SnapScan
O01469,C0157,2025-04-22,completed,Online,Card
O01470,C0261,2025-08-18,completed,Online,SnapScan
O01471,C0253,2026-01-30,completed,Online,SnapScan
O01472,C0417,2025-09-30,completed,Online,Card
O01473,C0297,2026-07-01,completed,Online,Card
O01474,C0357,2026-02-13,completed,In-store,EFT
O01475,C0158,2026-06-04,completed,In-store,Card
O01476,C0005,2026-04-01,completed,In-store,EFT
O01477,C0156,2025-03-06,completed,In-store,Card
O01478,C0158,2026-05-25,completed,Online,EFT
O01479,C0434,2025-11-06,completed,Online,Card
O01480,C0406,2025-06-20,completed,Online,Card
O01481,C0017,2025-06-17,completed,In-store,Card
O01482,C0139,2026-07-02,completed,Online,Card
O01483,C0341,2025-02-12,completed,Online,SnapScan
O01484,C0444,2025-08-31,completed,In-store,Card
O01485,C0348,2025-12-20,completed,Online,EFT
O01486,C0225,2026-07-09,completed,In-store,Card
O01487,C0370,2025-01-20,completed,Online,Card
O01488,C0152,2025-11-07,completed,In-store,Store credit
O01489,C0287,2026-02-15,completed,Online,Card
O01490,C0166,2025-12-19,completed,Online,Card
O01491,C0064,2025-01-09,completed,Online,EFT
O01492,C0278,2025-10-23,completed,Online,EFT
O01493,C0251,2025-03-25,cancelled,Online,SnapScan
O01494,C0306,2025-02-27,completed,Online,Card
O01495,C0368,2026-04-29,completed,In-store,Card
O01496,C0300,2025-11-09,completed,Online,Cash
O01497,C0189,2025-03-28,completed,Online,Cash
O01498,C0242,2025-08-24,completed,In-store,Card
O01499,C0437,2025-10-30,completed,In-store,Card
O01500,C0236,2025-07-24,completed,In-store,EFT
O01501,C0114,2025-07-19,completed,Online,Card
O01502,C0416,2026-07-25,completed,In-store,Card
O01503,C0093,2025-05-06,completed,Online,Card
O01504,C0443,2025-04-20,completed,In-store,Card
O01505,C0227,2026-01-23,returned,In-store,Card
O01506,C0300,2025-01-30,completed,Online,EFT
O01507,C0175,2025-06-17,completed,Online,EFT
O01508,C0264,2026-06-14,completed,In-store,Cash
O01509,C0169,2026-08-08,completed,Online,Store credit
O01510,C0460,2025-03-17,completed,Online,EFT
O01511,C0469,2025-09-26,returned,In-store,SnapScan
O01512,C0112,2025-01-31,completed,Online,SnapScan
O01513,C0012,2026-08-10,completed,Online,Card
O01514,C0114,2026-01-18,completed,In-store,Card
O01515,C0100,2025-05-10,completed,Online,SnapScan
O01516,C0128,2026-06-30,completed,In-store,Card
O01517,C0219,2025-02-13,completed,In-store,Card
O01518,C0070,2025-11-03,completed,Online,Cash
O01519,C0124,2025-03-03,completed,In-store,EFT
O01520,C0183,2025-12-22,completed,Online,Card
O01521,C0210,2025-01-05,completed,Online,Card
O01522,C0350,2026-02-27,completed,In-store,EFT
O01523,C0154,2026-02-24,completed,Online,Card
O01524,C0070,2026-05-18,cancelled,Online,Card
O01525,C0447,2025-04-15,completed,Online,Card
O01526,C0475,2025-01-23,completed,In-store,Card
O01527,C0275,2025-10-12,returned,Online,SnapScan
O01528,C0137,2025-07-21,completed,In-store,SnapScan
O01529,C0260,2026-05-21,completed,Online,EFT
O01530,C0208,2025-10-18,completed,Online,Cash
O01531,C0058,2025-12-24,completed,In-store,Store credit
O01532,C0404,2025-06-20,cancelled,In-store,Card
O01533,C0029,2026-05-22,completed,In-store,Card
O01534,C0031,2026-05-10,completed,Online,Store credit
O01535,C0105,2025-07-07,completed,Online,Card
O01536,C0427,2025-08-08,completed,Online,EFT
O01537,C0026,2026-05-02,completed,Online,Card
O01538,C0406,2025-08-31,completed,In-store,SnapScan
O01539,C0299,2025-02-01,completed,Online,EFT
O01540,C0490,2026-07-31,cancelled,Online,Card
O01541,C0105,2026-07-08,completed,In-store,SnapScan
O01542,C0130,2025-11-20,completed,Online,Card
O01543,C0414,2025-03-12,completed,Online,Card
O01544,C0116,2025-11-05,completed,In-store,Card
O01545,C0110,2025-10-04,completed,Online,SnapScan
O01546,C0162,2025-04-07,completed,Online,Card
O01547,C0355,2026-01-03,completed,Online,Card
O01548,C0490,2026-07-04,completed,In-store,Card
O01549,C0376,2026-07-03,completed,Online,EFT
O01550,C0234,2025-09-23,completed,In-store,Card
O01551,C0291,2025-05-14,completed,Online,Card
O01552,C0321,2025-05-11,completed,In-store,Store credit
O01553,C0484,2025-02-10,completed,Online,EFT
O01554,C0103,2026-05-19,completed,In-store,Cash
O01555,C0112,2025-01-03,completed,Online,Card
O01556,C0233,2025-09-03,completed,In-store,Card
O01557,C0436,2025-04-05,completed,In-store,EFT
O01558,C0236,2025-02-15,completed,Online,SnapScan
O01559,C0281,2026-03-12,completed,Online,Card
O01560,C0223,2025-05-02,completed,In-store,Card
O01561,C0048,2026-07-23,completed,In-store,Card
O01562,C0326,2025-09-24,completed,In-store,Card
O01563,C0229,2025-11-26,completed,In-store,Card
O01564,C0009,2025-05-23,completed,Online,Card
O01565,C0457,2026-02-05,completed,Online,Card
O01566,C0240,2025-08-21,completed,Online,Store credit
O01567,C0233,2025-01-18,completed,Online,EFT
O01568,C0444,2026-02-12,completed,Online,Card
O01569,C0028,2025-03-29,completed,Online,Card
O01570,C0090,2025-07-25,cancelled,Online,SnapScan
O01571,C0490,2025-09-22,completed,In-store,Store credit
O01572,C0215,2025-08-13,completed,Online,Cash
O01573,C0256,2025-07-29,cancelled,Online,Cash
O01574,C0252,2026-02-24,completed,Online,Card
O01575,C0094,2026-02-08,completed,Online,Card
O01576,C0401,2026-02-14,returned,In-store,Card
O01577,C0280,2026-03-29,completed,In-store,SnapScan
O01578,C0297,2025-03-03,completed,Online,Card
O01579,C0215,2026-01-23,completed,In-store,Card
O01580,C0385,2025-12-28,completed,In-store,Card
O01581,C0046,2025-05-07,completed,In-store,Card
O01582,C0002,2026-03-16,completed,Online,EFT
O01583,C0012,2026-02-19,completed,In-store,Card
O01584,C0411,2025-07-10,completed,Online,SnapScan
O01585,C0123,2026-05-24,completed,In-store,EFT
O01586,C0305,2026-04-03,completed,In-store,EFT
O01587,C0239,2026-07-23,completed,In-store,Card
O01588,C0385,2025-02-22,completed,Online,EFT
O01589,C0187,2025-01-10,completed,Online,Store credit
O01590,C0012,2026-04-29,returned,In-store,EFT
O01591,C0055,2026-03-13,completed,In-store,Card
O01592,C0062,2026-07-03,completed,Online,Card
O01593,C0463,2025-01-08,completed,Online,Card
O01594,C0132,2025-10-28,completed,In-store,Card
O01595,C0201,2025-02-08,completed,Online,EFT
O01596,C0342,2026-04-29,completed,In-store,EFT
O01597,C0296,2026-01-09,completed,In-store,Store credit
O01598,C0459,2025-11-02,completed,Online,Store credit
O01599,C0417,2026-06-20,completed,In-store,Card
O01600,C0155,2025-04-20,completed,In-store,SnapScan
O01601,C0366,2026-07-18,cancelled,In-store,Card
O01602,C0061,2025-10-10,returned,Online,SnapScan
O01603,C0218,2025-05-06,completed,Online,Card
O01604,C0051,2025-05-18,completed,Online,EFT
O01605,C0237,2025-06-14,completed,Online,Card
O01606,C0034,2026-03-29,completed,Online,Card
O01607,C0118,2026-05-08,completed,Online,Card
O01608,C0455,2026-03-29,completed,Online,Card
O01609,C0076,2026-04-07,completed,Online,Card
O01610,C0229,2026-01-22,completed,Online,Store credit
O01611,C0271,2026-03-18,completed,In-store,EFT
O01612,C0480,2026-06-20,cancelled,In-store,Card
O01613,C0133,2025-01-07,completed,Online,EFT
O01614,C0005,2025-11-18,completed,Online,Card
O01615,C0436,2025-03-20,completed,In-store,Card
O01616,C0031,2025-06-30,completed,In-store,Card
O01617,C0334,2026-05-17,completed,Online,Card
O01618,C0453,2026-07-11,completed,Online,Cash
O01619,C0054,2026-03-12,returned,Online,EFT
O01620,C0137,2025-07-08,completed,Online,Cash
O01621,C0238,2025-01-20,returned,In-store,Card
O01622,C0470,2025-10-14,completed,Online,Card
O01623,C0017,2026-02-12,completed,Online,Card
O01624,C0082,2026-08-10,completed,Online,Card
O01625,C0368,2026-03-06,completed,In-store,Cash
O01626,C0384,2026-01-18,completed,In-store,Card
O01627,C0434,2025-01-23,completed,Online,EFT
O01628,C0468,2025-02-05,completed,Online,Card
O01629,C0059,2025-08-20,cancelled,Online,SnapScan
O01630,C0146,2025-08-02,completed,In-store,Card
O01631,C0380,2026-07-06,cancelled,Online,Card
O01632,C0125,2026-05-24,completed,Online,Card
O01633,C0138,2025-04-06,completed,In-store,Card
O01634,C0141,2026-04-30,completed,In-store,Card
O01635,C0118,2025-01-28,completed,In-store,EFT
O01636,C0170,2025-12-28,completed,Online,SnapScan
O01637,C0026,2026-06-14,completed,Online,EFT
O01638,C0068,2025-06-07,cancelled,Online,Card
O01639,C0253,2025-02-12,completed,In-store,Cash
O01640,C0302,2026-07-26,completed,Online,Cash
O01641,C0425,2026-07-09,completed,In-store,EFT
O01642,C0247,2025-05-09,completed,In-store,Card
O01643,C0408,2026-02-20,completed,In-store,Card
O01644,C0451,2025-07-04,completed,Online,Store credit
O01645,C0228,2025-02-10,completed,Online,Card
O01646,C0010,2025-08-26,completed,Online,SnapScan
O01647,C0238,2025-04-06,completed,In-store,Card
O01648,C0271,2025-05-28,completed,In-store,Card
O01649,C0426,2025-02-26,completed,Online,Card
O01650,C0008,2026-08-10,completed,Online,Card
O01651,C0439,2025-08-17,completed,Online,Cash
O01652,C0406,2025-09-23,completed,Online,Card
O01653,C0142,2025-10-22,completed,In-store,Card
O01654,C0217,2025-08-02,completed,In-store,Card
O01655,C0316,2026-08-02,completed,Online,Card
O01656,C0220,2025-12-10,completed,Online,Card
O01657,C0432,2025-05-21,completed,In-store,Card
O01658,C0491,2025-01-04,completed,Online,Cash
O01659,C0121,2025-11-25,completed,In-store,Card
O01660,C0234,2026-06-02,returned,Online,Card
O01661,C0180,2026-03-02,completed,Online,Card
O01662,C0356,2025-03-31,completed,In-store,SnapScan
O01663,C0398,2026-06-14,completed,Online,Card
O01664,C0362,2025-09-11,completed,In-store,EFT
O01665,C0341,2025-08-05,completed,Online,SnapScan
O01666,C0398,2025-03-25,completed,In-store,Card
O01667,C0024,2026-02-01,completed,Online,Card
O01668,C0445,2026-05-31,completed,In-store,Card
O01669,C0332,2026-07-29,completed,In-store,Card
O01670,C0493,2025-01-16,completed,In-store,EFT
O01671,C0291,2026-07-04,returned,Online,EFT
O01672,C0396,2025-08-27,completed,Online,Cash
O01673,C0135,2025-06-25,completed,Online,Card
O01674,C0168,2025-11-06,completed,In-store,Card
O01675,C0307,2025-07-03,completed,Online,EFT
O01676,C0084,2025-10-06,completed,In-store,SnapScan
O01677,C0401,2025-03-19,completed,Online,Card
O01678,C0176,2026-06-25,completed,In-store,Cash
O01679,C0396,2025-05-26,returned,In-store,Card
O01680,C0028,2025-06-09,completed,Online,Card
O01681,C0266,2025-03-09,completed,Online,EFT
O01682,C0168,2025-01-31,completed,Online,Card
O01683,C0215,2026-07-07,completed,In-store,EFT
O01684,C0286,2025-02-03,completed,In-store,Card
O01685,C0473,2026-03-08,completed,In-store,Card
O01686,C0334,2025-07-08,completed,Online,EFT
O01687,C0192,2025-08-09,completed,Online,Card
O01688,C0390,2026-04-05,completed,In-store,Card
O01689,C0158,2025-02-13,completed,Online,SnapScan
O01690,C0405,2026-01-12,completed,Online,Card
O01691,C0450,2026-06-07,completed,Online,Cash
O01692,C0492,2025-05-11,completed,Online,Card
O01693,C0419,2026-05-12,cancelled,In-store,EFT
O01694,C0269,2026-02-01,completed,In-store,EFT
O01695,C0233,2026-08-06,completed,Online,Cash
O01696,C0406,2026-07-16,completed,Online,EFT
O01697,C0470,2026-03-21,completed,Online,Card
O01698,C0459,2025-09-10,completed,Online,EFT
O01699,C0006,2025-01-31,completed,Online,Card
O01700,C0334,2025-08-21,completed,In-store,SnapScan
O01701,C0078,2026-07-11,completed,Online,EFT
O01702,C0082,2025-05-19,completed,Online,EFT
O01703,C0478,2026-05-12,cancelled,Online,Store credit
O01704,C0065,2026-08-06,returned,In-store,EFT
O01705,C0052,2026-06-23,completed,Online,Card
O01706,C0116,2025-03-16,completed,Online,EFT
O01707,C0116,2026-03-06,completed,In-store,EFT
O01708,C0437,2025-11-14,completed,Online,Card
O01709,C0274,2026-03-02,completed,In-store,Card
O01710,C0165,2025-03-20,completed,In-store,SnapScan
O01711,C0041,2025-10-02,completed,Online,Card
O01712,C0041,2025-04-08,completed,In-store,Card
O01713,C0252,2026-04-30,completed,Online,EFT
O01714,C0473,2026-07-14,completed,Online,EFT
O01715,C0421,2026-07-12,completed,In-store,Card
O01716,C0106,2025-07-28,completed,Online,Card
O01717,C0135,2025-01-22,completed,Online,Card
O01718,C0061,2025-04-05,completed,In-store,EFT
O01719,C0276,2025-10-10,completed,In-store,Card
O01720,C0308,2026-04-27,completed,Online,Store credit
O01721,C0491,2025-02-28,completed,In-store,EFT
O01722,C0149,2026-02-04,completed,In-store,EFT
O01723,C0209,2025-07-04,completed,In-store,EFT
O01724,C0265,2026-02-15,completed,In-store,Card
O01725,C0005,2026-01-15,completed,In-store,Cash
O01726,C0280,2025-05-04,completed,Online,Card
O01727,C0328,2025-01-30,completed,Online,EFT
O01728,C0190,2026-08-06,completed,In-store,Card
O01729,C0320,2026-07-01,completed,Online,Store credit
O01730,C0132,2025-10-07,cancelled,In-store,Card
O01731,C0116,2026-06-11,completed,In-store,EFT
O01732,C0109,2025-10-18,completed,In-store,SnapScan
O01733,C0407,2026-01-15,completed,Online,Card
O01734,C0416,2026-02-23,completed,Online,Card
O01735,C0208,2025-01-17,completed,Online,Store credit
O01736,C0102,2025-01-05,completed,Online,SnapScan
O01737,C0168,2025-11-11,completed,In-store,Store credit
O01738,C0240,2025-02-25,completed,Online,EFT
O01739,C0434,2026-02-19,completed,Online,Card
O01740,C0311,2026-05-22,completed,In-store,Card
O01741,C0356,2026-05-05,completed,In-store,Card
O01742,C0096,2025-06-17,completed,Online,Card
O01743,C0246,2025-08-06,completed,Online,EFT
O01744,C0236,2026-01-21,completed,In-store,Card
O01745,C0364,2025-06-13,completed,Online,Card
O01746,C0295,2025-04-07,completed,In-store,Card
O01747,C0153,2026-05-22,completed,In-store,EFT
O01748,C0200,2025-02-28,returned,Online,Card
O01749,C0202,2025-10-19,cancelled,Online,Card
O01750,C0039,2026-03-01,completed,Online,Store credit
O01751,C0161,2025-06-23,completed,In-store,Card
O01752,C0153,2025-02-24,completed,Online,Card
O01753,C0071,2026-01-16,completed,Online,Store credit
O01754,C0484,2026-02-18,completed,In-store,Store credit
O01755,C0268,2025-08-11,cancelled,In-store,EFT
O01756,C0260,2026-03-14,completed,In-store,Cash
O01757,C0382,2025-08-16,cancelled,Online,Card
O01758,C0479,2026-07-01,completed,Online,Cash
O01759,C0129,2025-01-17,completed,Online,EFT
O01760,C0303,2026-06-28,completed,Online,Card
O01761,C0383,2026-06-01,completed,Online,Card
O01762,C0248,2025-03-01,completed,Online,Cash
O01763,C0375,2025-07-24,completed,Online,EFT
O01764,C0275,2025-10-05,completed,In-store,Card
O01765,C0408,2026-02-01,completed,In-store,Card
O01766,C0062,2025-02-21,completed,Online,Cash
O01767,C0215,2025-11-27,completed,Online,Card
O01768,C0003,2025-01-08,completed,Online,Card
O01769,C0055,2025-06-07,completed,Online,Card
O01770,C0152,2025-01-06,completed,In-store,Card
O01771,C0445,2025-02-12,completed,Online,Store credit
O01772,C0480,2025-10-02,completed,Online,EFT
O01773,C0025,2026-07-08,completed,Online,Card
O01774,C0034,2026-05-03,completed,In-store,Cash
O01775,C0007,2025-11-02,completed,Online,SnapScan
O01776,C0008,2026-08-10,completed,In-store,Store credit
O01777,C0001,2025-06-22,completed,Online,Card
O01778,C0431,2025-01-18,completed,In-store,Card
O01779,C0273,2026-03-24,completed,In-store,Store credit
O01780,C0378,2025-10-01,cancelled,In-store,SnapScan
O01781,C0430,2025-11-24,completed,Online,Card
O01782,C0085,2026-04-16,completed,Online,Store credit
O01783,C0207,2025-07-06,completed,Online,Store credit
O01784,C0151,2025-05-31,completed,In-store,Cash
O01785,C0121,2025-05-17,completed,Online,EFT
O01786,C0078,2025-06-25,completed,In-store,EFT
O01787,C0410,2026-07-10,completed,Online,EFT
O01788,C0216,2026-05-24,completed,Online,EFT
O01789,C0155,2026-01-14,completed,In-store,SnapScan
O01790,C0135,2026-07-18,completed,Online,EFT
O01791,C0403,2025-01-29,completed,Online,Card
O01792,C0414,2025-01-28,completed,Online,Cash
O01793,C0301,2025-05-16,completed,In-store,EFT
O01794,C0262,2026-03-24,completed,In-store,Card
O01795,C0236,2026-06-08,completed,In-store,SnapScan
O01796,C0337,2025-08-12,completed,Online,EFT
O01797,C0245,2025-08-16,completed,In-store,Card
O01798,C0054,2025-03-20,completed,Online,Card
O01799,C0332,2025-11-27,completed,Online,Card
O01800,C0309,2025-03-18,completed,In-store,Card
O01801,C0135,2026-02-26,cancelled,In-store,Card
O01802,C0314,2025-11-23,completed,Online,Card
O01803,C0083,2025-05-31,completed,Online,Card
O01804,C0193,2026-01-17,completed,Online,SnapScan
O01805,C0407,2026-01-29,completed,In-store,Card
O01806,C0322,2026-05-14,completed,In-store,Store credit
O01807,C0486,2025-06-15,completed,Online,EFT
O01808,C0457,2025-04-12,completed,In-store,Cash
O01809,C0250,2026-04-06,completed,In-store,Card
O01810,C0437,2025-12-23,completed,In-store,EFT
O01811,C0213,2026-01-22,completed,Online,SnapScan
O01812,C0066,2025-05-17,completed,In-store,Card
O01813,C0457,2026-03-08,completed,In-store,Card
O01814,C0141,2025-10-28,completed,Online,Card
O01815,C0197,2025-09-10,completed,Online,Card
O01816,C0328,2025-07-07,completed,Online,Cash
O01817,C0111,2026-07-15,completed,In-store,SnapScan
O01818,C0426,2025-10-05,completed,In-store,Card
O01819,C0241,2025-09-04,returned,Online,Store credit
O01820,C0298,2025-07-22,completed,Online,Card
O01821,C0147,2025-09-07,completed,In-store,Card
O01822,C0357,2026-07-03,completed,Online,Card
O01823,C0088,2025-04-17,returned,Online,SnapScan
O01824,C0208,2026-06-22,completed,Online,Card
O01825,C0297,2025-07-22,completed,In-store,Card
O01826,C0172,2025-01-20,completed,In-store,Card
O01827,C0014,2026-02-18,completed,Online,Card
O01828,C0206,2026-03-11,completed,Online,SnapScan
O01829,C0017,2025-11-24,cancelled,Online,EFT
O01830,C0492,2025-02-17,completed,Online,Card
O01831,C0265,2026-01-23,returned,Online,Card
O01832,C0348,2025-10-18,completed,Online,Card
O01833,C0003,2025-06-27,completed,Online,Card
O01834,C0183,2025-09-11,completed,Online,EFT
O01835,C0119,2025-12-31,completed,Online,Card
O01836,C0434,2025-03-09,completed,In-store,Card
O01837,C0318,2026-03-03,completed,Online,Card
O01838,C0288,2026-02-22,completed,In-store,SnapScan
O01839,C0199,2026-05-21,returned,Online,Card
O01840,C0281,2025-08-18,completed,Online,EFT
O01841,C0343,2026-08-15,completed,In-store,Card
O01842,C0389,2026-07-14,completed,Online,Card
O01843,C0413,2025-08-02,completed,Online,Card
O01844,C0315,2026-03-10,completed,In-store,Cash
O01845,C0107,2025-05-01,completed,Online,Card
O01846,C0325,2025-06-18,completed,In-store,Card
O01847,C0384,2025-11-04,completed,In-store,Card
O01848,C0046,2026-02-24,completed,In-store,Card
O01849,C0293,2025-01-29,completed,In-store,Card
O01850,C0111,2026-05-03,returned,Online,Card
O01851,C0037,2026-03-21,completed,Online,Card
O01852,C0500,2025-10-17,completed,In-store,EFT
O01853,C0461,2025-06-15,completed,Online,EFT
O01854,C0127,2025-10-26,completed,In-store,SnapScan
O01855,C0080,2025-03-03,completed,Online,Card
O01856,C0031,2025-03-23,completed,Online,Cash
O01857,C0238,2025-01-05,completed,In-store,EFT
O01858,C0163,2025-05-20,returned,In-store,Card
O01859,C0155,2025-04-24,completed,Online,SnapScan
O01860,C0222,2025-07-09,completed,Online,Card
O01861,C0336,2026-05-24,completed,In-store,Card
O01862,C0315,2025-10-10,completed,In-store,Card
O01863,C0307,2025-08-15,cancelled,Online,Card
O01864,C0234,2025-06-09,completed,Online,EFT
O01865,C0244,2025-01-24,completed,Online,Cash
O01866,C0216,2025-07-04,completed,In-store,Card
O01867,C0052,2026-05-13,completed,Online,Card
O01868,C0446,2025-06-15,completed,Online,Card
O01869,C0242,2025-12-01,completed,Online,EFT
O01870,C0117,2026-01-17,completed,Online,Card
O01871,C0161,2025-07-18,completed,In-store,Card
O01872,C0004,2026-03-24,completed,In-store,Store credit
O01873,C0389,2026-04-21,completed,Online,Store credit
O01874,C0319,2025-10-22,returned,In-store,Card
O01875,C0391,2026-06-07,completed,Online,EFT
O01876,C0453,2025-05-12,completed,Online,EFT
O01877,C0329,2025-01-26,completed,Online,EFT
O01878,C0295,2025-01-15,completed,Online,Card
O01879,C0157,2025-01-22,completed,Online,EFT
O01880,C0079,2026-06-17,completed,Online,Card
O01881,C0124,2025-08-28,completed,Online,Card
O01882,C0048,2025-08-17,completed,In-store,Card
O01883,C0314,2026-02-12,completed,Online,SnapScan
O01884,C0124,2025-05-25,returned,Online,Card
O01885,C0065,2025-11-12,completed,Online,Cash
O01886,C0015,2026-01-29,completed,Online,SnapScan
O01887,C0123,2025-08-07,completed,Online,SnapScan
O01888,C0415,2025-05-23,completed,Online,Card
O01889,C0425,2025-05-15,completed,Online,Card
O01890,C0420,2025-12-30,cancelled,Online,Card
O01891,C0421,2026-01-02,completed,Online,Card
O01892,C0251,2026-05-14,completed,Online,Card
O01893,C0095,2025-12-15,completed,Online,Card
O01894,C0319,2025-05-27,completed,Online,SnapScan
O01895,C0470,2026-07-02,completed,Online,Card
O01896,C0401,2025-05-02,completed,In-store,Card
O01897,C0220,2025-12-15,completed,Online,Cash
O01898,C0284,2025-03-30,completed,In-store,Card
O01899,C0080,2025-05-16,completed,In-store,Card
O01900,C0126,2025-05-19,completed,In-store,Card
O01901,C0420,2026-06-14,completed,In-store,Card
O01902,C0078,2025-11-16,completed,In-store,Card
O01903,C0177,2026-05-30,completed,Online,Card
O01904,C0072,2025-02-12,completed,In-store,EFT
O01905,C0220,2026-02-07,completed,Online,Cash
O01906,C0128,2026-05-16,returned,Online,Card
O01907,C0012,2025-11-11,completed,Online,Card
O01908,C0171,2025-04-23,completed,In-store,Cash
O01909,C0300,2025-08-09,completed,In-store,Cash
O01910,C0337,2026-01-16,returned,Online,SnapScan
O01911,C0354,2025-01-07,completed,Online,Card
O01912,C0013,2025-07-28,completed,In-store,Card
O01913,C0331,2025-06-09,completed,In-store,EFT
O01914,C0205,2026-04-01,completed,Online,EFT
O01915,C0423,2025-06-05,completed,In-store,Card
O01916,C0109,2026-03-10,completed,In-store,Card
O01917,C0470,2025-10-20,completed,In-store,EFT
O01918,C0367,2025-02-23,completed,Online,Card
O01919,C0192,2025-02-21,completed,In-store,Cash
O01920,C0177,2026-06-28,completed,In-store,EFT
O01921,C0377,2025-02-06,completed,In-store,Card
O01922,C0458,2026-06-06,completed,In-store,Cash
O01923,C0245,2025-11-14,completed,Online,Card
O01924,C0250,2026-04-07,completed,Online,Store credit
O01925,C0356,2026-07-27,completed,Online,SnapScan
O01926,C0218,2026-06-14,cancelled,Online,EFT
O01927,C0212,2025-03-09,completed,Online,Card
O01928,C0183,2026-07-07,completed,Online,Card
O01929,C0304,2026-06-06,completed,Online,Card
O01930,C0172,2026-07-27,completed,In-store,EFT
O01931,C0445,2025-08-02,completed,In-store,Card
O01932,C0423,2026-04-19,completed,In-store,Card
O01933,C0085,2025-11-24,completed,In-store,Card
O01934,C0115,2026-07-23,completed,In-store,Store credit
O01935,C0376,2026-05-08,completed,In-store,Card
O01936,C0149,2026-05-16,completed,In-store,Card
O01937,C0317,2026-03-14,returned,In-store,EFT
O01938,C0234,2026-02-21,completed,In-store,SnapScan
O01939,C0009,2025-01-18,completed,Online,Card
O01940,C0094,2025-05-11,completed,In-store,SnapScan
O01941,C0146,2026-05-05,completed,Online,SnapScan
O01942,C0020,2025-04-09,completed,Online,Cash
O01943,C0206,2025-12-24,completed,In-store,Cash
O01944,C0458,2025-04-02,completed,Online,EFT
O01945,C0199,2025-10-18,completed,Online,Card
O01946,C0159,2026-02-07,completed,Online,Cash
O01947,C0026,2025-03-30,completed,In-store,SnapScan
O01948,C0107,2025-05-27,completed,Online,Store credit
O01949,C0102,2025-08-29,completed,Online,EFT
O01950,C0030,2025-02-28,completed,In-store,EFT
O01951,C0159,2026-06-29,cancelled,Online,EFT
O01952,C0113,2026-03-31,completed,Online,SnapScan
O01953,C0404,2025-03-26,completed,Online,EFT
O01954,C0132,2026-04-14,completed,In-store,Cash
O01955,C0281,2025-08-06,completed,In-store,Card
O01956,C0286,2025-05-08,completed,Online,Card
O01957,C0015,2025-04-17,completed,Online,Card
O01958,C0279,2026-06-23,returned,In-store,Card
O01959,C0304,2025-06-12,completed,Online,Card
O01960,C0096,2026-07-18,returned,In-store,Cash
O01961,C0055,2025-05-19,completed,In-store,Card
O01962,C0195,2025-10-31,completed,In-store,Cash
O01963,C0038,2025-10-25,completed,Online,Cash
O01964,C0048,2026-07-02,completed,Online,Card
O01965,C0428,2026-05-19,completed,Online,Card
O01966,C0010,2025-05-07,completed,In-store,Card
O01967,C0253,2025-10-09,completed,In-store,Card
O01968,C0108,2025-05-02,completed,Online,Card
O01969,C0070,2025-09-25,completed,In-store,EFT
O01970,C0187,2025-09-02,completed,In-store,EFT
O01971,C0466,2026-05-23,completed,In-store,EFT
O01972,C0034,2025-10-15,completed,Online,EFT
O01973,C0260,2025-07-23,completed,In-store,Cash
O01974,C0111,2026-03-21,cancelled,In-store,Card
O01975,C0243,2026-01-09,completed,Online,Card
O01976,C0112,2025-09-15,completed,In-store,SnapScan
O01977,C0206,2026-04-20,completed,In-store,Card
O01978,C0389,2025-07-20,completed,In-store,Card
O01979,C0003,2025-09-05,completed,Online,Card
O01980,C0068,2025-01-05,completed,Online,EFT
O01981,C0318,2025-12-05,completed,In-store,Card
O01982,C0445,2025-06-20,completed,Online,Card
O01983,C0094,2025-12-19,completed,Online,Card
O01984,C0042,2025-09-23,completed,Online,Card
O01985,C0156,2025-12-19,completed,In-store,EFT
O01986,C0227,2025-09-14,completed,In-store,Card
O01987,C0217,2025-06-20,completed,Online,Card
O01988,C0478,2025-03-02,completed,Online,EFT
O01989,C0317,2025-12-11,completed,Online,Card
O01990,C0277,2025-05-27,returned,Online,EFT
O01991,C0401,2025-08-23,completed,Online,EFT
O01992,C0440,2025-05-29,completed,In-store,Card
O01993,C0227,2026-01-23,completed,In-store,Card
O01994,C0436,2025-07-27,completed,Online,Cash
O01995,C0439,2025-06-10,completed,In-store,Card
O01996,C0310,2025-05-10,completed,In-store,Card
O01997,C0058,2026-03-14,completed,In-store,SnapScan
O01998,C0204,2026-08-04,completed,In-store,Card
O01999,C0350,2026-04-08,completed,Online,Card
O02000,C0194,2026-06-18,completed,Online,EFT
O02001,C0333,2025-02-18,completed,In-store,SnapScan
O02002,C0179,2025-11-01,completed,In-store,Card
O02003,C0125,2026-07-17,completed,Online,Card
O02004,C0275,2026-07-15,completed,In-store,Card
O02005,C0122,2026-07-05,completed,In-store,Card
O02006,C0067,2025-03-24,completed,In-store,SnapScan
O02007,C0004,2026-06-26,completed,In-store,Cash
O02008,C0216,2026-04-29,completed,Online,Card
O02009,C0257,2026-03-02,completed,In-store,Card
O02010,C0425,2026-01-26,returned,Online,Card
O02011,C0101,2026-07-12,completed,Online,SnapScan
O02012,C0196,2025-06-30,completed,Online,Card
O02013,C0399,2025-04-10,completed,Online,EFT
O02014,C0204,2026-06-29,completed,Online,Store credit
O02015,C0194,2026-07-06,cancelled,Online,Card
O02016,C0113,2026-05-14,completed,In-store,Card
O02017,C0489,2025-04-27,completed,Online,Store credit
O02018,C0136,2025-02-21,completed,In-store,Card
O02019,C0081,2025-10-15,completed,Online,Card
O02020,C0246,2025-12-09,completed,In-store,Cash
O02021,C0308,2025-02-28,completed,In-store,Card
O02022,C0378,2025-04-08,completed,Online,Card
O02023,C0181,2026-04-05,completed,In-store,SnapScan
O02024,C0468,2026-07-29,completed,Online,Cash
O02025,C0086,2025-02-18,completed,Online,Cash
O02026,C0354,2025-07-19,completed,Online,Cash
O02027,C0387,2025-02-16,completed,In-store,Card
O02028,C0116,2025-12-16,returned,In-store,Card
O02029,C0467,2025-11-26,completed,Online,SnapScan
O02030,C0035,2025-09-18,completed,In-store,Cash
O02031,C0134,2026-01-02,completed,In-store,SnapScan
O02032,C0005,2026-04-27,completed,Online,SnapScan
O02033,C0469,2025-02-02,completed,In-store,EFT
O02034,C0457,2025-07-12,completed,In-store,Store credit
O02035,C0111,2026-04-27,completed,Online,Card
O02036,C0093,2025-11-09,completed,Online,Cash
O02037,C0118,2025-03-04,completed,In-store,Card
O02038,C0457,2026-07-12,completed,In-store,Card
O02039,C0016,2025-06-11,completed,Online,Cash
O02040,C0458,2025-04-04,completed,In-store,Card
O02041,C0314,2026-08-13,completed,Online,Card
O02042,C0154,2025-11-29,completed,In-store,Card
O02043,C0384,2026-08-15,completed,Online,EFT
O02044,C0299,2026-03-10,completed,In-store,EFT
O02045,C0048,2025-03-08,completed,Online,SnapScan
O02046,C0440,2025-06-02,completed,Online,EFT
O02047,C0118,2025-09-01,completed,Online,Card
O02048,C0484,2025-05-17,completed,Online,Card
O02049,C0499,2026-07-27,completed,In-store,SnapScan
O02050,C0169,2025-02-15,completed,Online,EFT
O02051,C0175,2025-10-08,completed,Online,Card
O02052,C0055,2026-04-14,completed,In-store,Card
O02053,C0409,2026-06-21,completed,In-store,SnapScan
O02054,C0050,2026-01-29,completed,Online,EFT
O02055,C0223,2026-08-13,completed,Online,Store credit
O02056,C0136,2025-07-02,completed,Online,Card
O02057,C0067,2025-12-05,completed,In-store,EFT
O02058,C0128,2026-06-14,completed,In-store,SnapScan
O02059,C0263,2025-12-26,completed,Online,SnapScan
O02060,C0472,2026-05-31,completed,Online,Cash
O02061,C0168,2026-03-01,completed,In-store,SnapScan
O02062,C0305,2025-09-22,completed,In-store,Card
O02063,C0348,2026-03-08,completed,In-store,SnapScan
O02064,C0155,2025-10-14,completed,Online,Cash
O02065,C0483,2026-02-06,completed,Online,Card
O02066,C0314,2025-10-07,completed,In-store,Store credit
O02067,C0493,2025-09-03,completed,Online,EFT
O02068,C0444,2026-05-07,completed,Online,Card
O02069,C0387,2026-04-28,completed,In-store,Card
O02070,C0018,2026-02-23,completed,Online,Card
O02071,C0269,2025-12-08,completed,Online,Store credit
O02072,C0239,2025-01-30,completed,In-store,Card
O02073,C0386,2026-01-06,completed,Online,EFT
O02074,C0111,2026-04-04,completed,Online,Card
O02075,C0048,2026-06-07,completed,In-store,Card
O02076,C0401,2026-01-28,completed,Online,EFT
O02077,C0035,2025-10-10,completed,In-store,EFT
O02078,C0217,2025-10-20,completed,Online,Cash
O02079,C0111,2025-04-01,completed,Online,Card
O02080,C0047,2025-09-17,completed,In-store,Card
O02081,C0002,2025-07-12,completed,Online,Card
O02082,C0443,2026-05-24,completed,Online,Card
O02083,C0005,2025-05-25,completed,Online,Card
O02084,C0309,2025-12-02,completed,In-store,SnapScan
O02085,C0430,2025-04-24,completed,Online,EFT
O02086,C0113,2025-11-15,returned,Online,Cash
O02087,C0419,2025-06-27,completed,Online,EFT
O02088,C0080,2026-04-29,returned,Online,Store credit
O02089,C0171,2025-12-31,completed,In-store,Card
O02090,C0231,2026-03-28,completed,In-store,Card
O02091,C0340,2025-11-17,completed,In-store,Card
O02092,C0095,2025-04-11,completed,In-store,Cash
O02093,C0412,2025-04-16,completed,In-store,Cash
O02094,C0436,2026-06-24,completed,Online,Card
O02095,C0476,2026-02-16,completed,In-store,Cash
O02096,C0410,2025-03-30,completed,Online,EFT
O02097,C0283,2026-04-12,completed,Online,Card
O02098,C0174,2026-05-21,completed,Online,Card
O02099,C0416,2025-02-15,completed,In-store,Cash
O02100,C0406,2025-07-06,completed,Online,Card
O02101,C0205,2025-12-16,completed,Online,Card
O02102,C0200,2025-12-04,completed,In-store,Card
O02103,C0467,2025-09-01,completed,Online,Store credit
O02104,C0303,2025-01-24,completed,In-store,SnapScan
O02105,C0110,2026-06-06,completed,Online,SnapScan
O02106,C0487,2026-08-07,completed,Online,SnapScan
O02107,C0491,2026-01-06,completed,Online,EFT
O02108,C0170,2025-08-15,completed,In-store,Card
O02109,C0353,2025-06-02,completed,Online,SnapScan
O02110,C0192,2025-08-03,completed,In-store,Card
O02111,C0249,2026-02-24,completed,Online,EFT
O02112,C0499,2025-10-03,completed,In-store,Cash
O02113,C0460,2025-12-19,completed,In-store,Card
O02114,C0362,2025-10-26,cancelled,Online,Cash
O02115,C0393,2026-01-02,completed,Online,Cash
O02116,C0490,2025-07-31,completed,Online,Card
O02117,C0473,2025-10-15,completed,Online,SnapScan
O02118,C0131,2026-03-23,completed,Online,Card
O02119,C0003,2025-03-15,completed,Online,Card
O02120,C0476,2025-12-21,completed,In-store,Card
O02121,C0423,2026-02-17,completed,Online,Card
O02122,C0307,2025-06-06,completed,In-store,Card
O02123,C0022,2025-06-24,cancelled,In-store,Store credit
O02124,C0311,2026-01-15,completed,In-store,Card
O02125,C0043,2026-07-31,completed,In-store,EFT
O02126,C0294,2025-10-11,completed,In-store,EFT
O02127,C0142,2026-07-09,completed,In-store,SnapScan
O02128,C0400,2025-11-23,completed,Online,Card
O02129,C0275,2026-04-28,completed,Online,Cash
O02130,C0356,2025-09-04,completed,Online,Card
O02131,C0330,2025-09-16,completed,In-store,SnapScan
O02132,C0089,2025-12-27,completed,Online,Card
O02133,C0325,2026-05-15,completed,Online,Card
O02134,C0188,2026-01-17,completed,Online,SnapScan
O02135,C0335,2026-02-23,completed,Online,Cash
O02136,C0380,2025-11-06,completed,Online,Card
O02137,C0179,2025-11-24,cancelled,Online,Card
O02138,C0434,2025-02-10,completed,Online,Card
O02139,C0222,2025-07-02,returned,Online,EFT
O02140,C0297,2025-08-31,completed,In-store,Store credit
O02141,C0102,2026-03-15,completed,Online,Cash
O02142,C0496,2025-08-07,completed,Online,Card
O02143,C0310,2026-04-25,returned,Online,Card
O02144,C0473,2025-08-19,completed,In-store,SnapScan
O02145,C0494,2025-01-23,completed,In-store,Store credit
O02146,C0224,2026-01-09,completed,Online,Cash
O02147,C0415,2025-09-28,completed,In-store,Card
O02148,C0066,2025-07-20,completed,Online,Card
O02149,C0405,2026-07-14,completed,In-store,Cash
O02150,C0110,2025-07-05,completed,In-store,Card
O02151,C0352,2025-12-13,completed,In-store,EFT
O02152,C0220,2026-06-10,completed,Online,SnapScan
O02153,C0344,2025-05-18,completed,In-store,Card
O02154,C0227,2025-06-23,completed,In-store,Card
O02155,C0150,2026-04-25,returned,Online,EFT
O02156,C0214,2025-07-09,returned,Online,Card
O02157,C0295,2025-08-16,completed,In-store,EFT
O02158,C0132,2026-03-16,completed,Online,EFT
O02159,C0119,2025-01-21,completed,In-store,SnapScan
O02160,C0059,2026-04-07,completed,Online,Card
O02161,C0492,2025-12-07,completed,Online,Cash
O02162,C0293,2025-01-26,completed,Online,Card
O02163,C0309,2025-08-26,completed,In-store,EFT
O02164,C0044,2026-05-07,completed,In-store,Card
O02165,C0377,2025-03-25,completed,In-store,SnapScan
O02166,C0170,2026-01-12,completed,In-store,SnapScan
O02167,C0042,2026-05-13,completed,Online,Card
O02168,C0196,2025-01-05,completed,In-store,Card
O02169,C0224,2025-03-04,completed,Online,Card
O02170,C0216,2026-04-08,completed,In-store,Card
O02171,C0060,2026-07-09,completed,Online,Card
O02172,C0305,2026-01-04,completed,In-store,Card
O02173,C0186,2025-10-24,completed,Online,Card
O02174,C0296,2025-08-04,completed,Online,Store credit
O02175,C0440,2025-12-24,completed,Online,SnapScan
O02176,C0477,2026-02-24,completed,Online,EFT
O02177,C0209,2025-05-28,completed,Online,EFT
O02178,C0215,2025-06-26,completed,In-store,Card
O02179,C0404,2026-02-15,completed,In-store,Cash
O02180,C0399,2025-05-24,completed,Online,Card
O02181,C0482,2025-09-29,completed,In-store,EFT
O02182,C0055,2025-04-30,cancelled,In-store,SnapScan
O02183,C0004,2025-11-28,completed,In-store,Card
O02184,C0441,2026-03-11,completed,In-store,Card
O02185,C0487,2025-05-14,completed,Online,Card
O02186,C0473,2025-08-02,returned,In-store,EFT
O02187,C0104,2025-03-20,completed,Online,Card
O02188,C0243,2026-08-15,completed,Online,Card
O02189,C0242,2025-01-05,completed,Online,Card
O02190,C0361,2025-01-04,completed,In-store,Card
O02191,C0256,2025-05-21,completed,In-store,Card
O02192,C0349,2026-08-08,completed,Online,Cash
O02193,C0393,2025-12-16,completed,In-store,Card
O02194,C0462,2025-09-01,completed,Online,EFT
O02195,C0079,2025-08-23,completed,Online,Card
O02196,C0370,2025-04-20,completed,Online,Store credit
O02197,C0497,2026-08-02,completed,Online,Card
O02198,C0176,2026-07-03,cancelled,In-store,Card
O02199,C0411,2026-03-31,completed,In-store,Store credit
O02200,C0416,2026-04-24,completed,In-store,Card
O02201,C0355,2025-03-13,completed,In-store,Store credit
O02202,C0453,2025-12-17,completed,Online,Card
O02203,C0115,2026-06-15,completed,In-store,Cash
O02204,C0065,2025-10-28,completed,In-store,Store credit
O02205,C0117,2026-05-05,completed,Online,Card
O02206,C0079,2025-02-03,completed,In-store,Card
O02207,C0076,2026-04-23,completed,In-store,Card
O02208,C0216,2026-08-09,cancelled,Online,Card
O02209,C0115,2025-08-11,cancelled,In-store,Store credit
O02210,C0327,2025-09-06,completed,In-store,EFT
O02211,C0247,2026-05-04,completed,Online,Card
O02212,C0369,2025-07-27,completed,In-store,EFT
O02213,C0160,2025-11-05,completed,Online,SnapScan
O02214,C0472,2025-10-18,completed,Online,Card
O02215,C0442,2025-10-02,returned,Online,Card
O02216,C0114,2025-12-09,completed,In-store,Card
O02217,C0217,2025-11-14,completed,Online,Card
O02218,C0235,2025-06-11,completed,Online,Card
O02219,C0183,2025-11-29,completed,In-store,Store credit
O02220,C0332,2025-11-03,completed,Online,EFT
O02221,C0120,2026-06-07,completed,Online,Card
O02222,C0381,2025-08-17,completed,Online,Store credit
O02223,C0491,2026-06-12,completed,Online,Card
O02224,C0433,2025-03-18,completed,In-store,EFT
O02225,C0161,2026-07-30,completed,Online,Card
O02226,C0217,2025-01-25,returned,Online,SnapScan
O02227,C0376,2025-08-10,completed,Online,Card
O02228,C0337,2025-04-28,completed,Online,EFT
O02229,C0181,2025-04-01,completed,In-store,Store credit
O02230,C0487,2025-06-09,completed,Online,Card
O02231,C0235,2025-08-04,completed,Online,Card
O02232,C0394,2026-02-14,completed,In-store,EFT
O02233,C0237,2025-03-23,completed,Online,EFT
O02234,C0024,2025-12-26,completed,In-store,Card
O02235,C0336,2026-03-26,completed,In-store,Card
O02236,C0220,2025-12-06,completed,In-store,SnapScan
O02237,C0056,2025-06-14,completed,Online,Card
O02238,C0192,2025-10-25,completed,Online,Card
O02239,C0019,2026-08-01,completed,In-store,Card
O02240,C0409,2025-10-16,completed,Online,EFT
O02241,C0315,2025-11-11,completed,Online,EFT
O02242,C0387,2026-02-01,completed,In-store,EFT
O02243,C0075,2025-12-11,completed,In-store,Card
O02244,C0489,2025-10-21,completed,Online,Card
O02245,C0323,2025-06-19,completed,Online,Cash
O02246,C0278,2025-04-28,completed,Online,Card
O02247,C0100,2026-03-03,completed,Online,Card
O02248,C0075,2025-06-13,completed,Online,EFT
O02249,C0037,2025-09-08,completed,Online,Card
O02250,C0447,2025-04-23,returned,Online,Card
O02251,C0197,2025-03-29,completed,Online,SnapScan
O02252,C0426,2025-04-15,completed,In-store,EFT
O02253,C0210,2026-07-28,completed,In-store,Card
O02254,C0176,2025-03-29,completed,Online,Card
O02255,C0258,2026-01-05,completed,In-store,Card
O02256,C0419,2026-05-31,completed,Online,Card
O02257,C0162,2026-05-01,completed,In-store,Card
O02258,C0110,2026-04-06,completed,In-store,EFT
O02259,C0208,2025-11-04,completed,Online,Card
O02260,C0019,2025-03-25,completed,Online,Card
O02261,C0116,2026-02-10,completed,In-store,Card
O02262,C0307,2025-11-04,completed,In-store,EFT
O02263,C0208,2025-04-20,completed,Online,Cash
O02264,C0418,2025-02-07,completed,Online,Store credit
O02265,C0427,2025-02-23,cancelled,Online,Card
O02266,C0209,2025-12-17,completed,In-store,Card
O02267,C0300,2025-07-04,completed,Online,Card
O02268,C0111,2026-08-05,completed,In-store,EFT
O02269,C0476,2025-07-20,completed,In-store,Cash
O02270,C0233,2025-04-05,completed,Online,Store credit
O02271,C0247,2026-02-04,completed,Online,Card
O02272,C0164,2026-04-19,completed,Online,SnapScan
O02273,C0301,2026-07-25,completed,In-store,Card
O02274,C0274,2026-04-04,completed,In-store,EFT
O02275,C0339,2025-05-16,completed,In-store,Card
O02276,C0427,2025-02-26,completed,In-store,Card
O02277,C0099,2026-07-30,completed,Online,SnapScan
O02278,C0285,2026-06-09,completed,In-store,EFT
O02279,C0392,2026-07-29,completed,Online,Card
O02280,C0497,2025-11-21,completed,Online,Store credit
O02281,C0148,2025-05-05,completed,Online,EFT
O02282,C0303,2025-03-09,completed,Online,Card
O02283,C0461,2026-07-01,completed,In-store,SnapScan
O02284,C0096,2025-11-17,completed,In-store,Card
O02285,C0223,2026-06-04,completed,In-store,Card
O02286,C0013,2026-06-17,completed,In-store,Card
O02287,C0476,2025-02-23,completed,Online,Card
O02288,C0240,2025-06-22,completed,Online,SnapScan
O02289,C0261,2025-11-01,completed,Online,Card
O02290,C0101,2026-01-03,cancelled,In-store,Card
O02291,C0350,2025-03-29,completed,Online,Card
O02292,C0218,2025-06-01,cancelled,Online,EFT
O02293,C0022,2026-01-06,completed,Online,SnapScan
O02294,C0262,2026-04-23,completed,In-store,Cash
O02295,C0181,2025-10-25,completed,Online,Card
O02296,C0282,2025-10-30,completed,Online,Cash
O02297,C0391,2025-08-03,completed,Online,Card
O02298,C0042,2025-02-03,completed,In-store,EFT
O02299,C0067,2025-09-04,completed,Online,EFT
O02300,C0450,2025-10-09,completed,Online,SnapScan
O02301,C0213,2026-02-10,completed,Online,Cash
O02302,C0347,2025-11-09,completed,Online,Card
O02303,C0149,2025-12-06,completed,In-store,Card
O02304,C0355,2025-06-24,completed,In-store,Card
O02305,C0313,2026-02-22,completed,In-store,Card
O02306,C0357,2025-06-16,completed,In-store,EFT
O02307,C0234,2026-04-01,completed,Online,Store credit
O02308,C0306,2026-01-08,completed,Online,Card
O02309,C0352,2026-03-22,completed,Online,SnapScan
O02310,C0497,2025-09-01,completed,In-store,Card
O02311,C0159,2025-05-15,completed,In-store,Card
O02312,C0307,2025-04-01,completed,Online,Card
O02313,C0227,2025-09-14,completed,In-store,Card
O02314,C0093,2025-04-30,completed,Online,SnapScan
O02315,C0384,2025-03-14,completed,Online,EFT
O02316,C0380,2025-04-30,completed,In-store,EFT
O02317,C0468,2025-08-14,completed,In-store,SnapScan
O02318,C0280,2025-09-22,completed,In-store,Card
O02319,C0255,2025-10-19,completed,In-store,Cash
O02320,C0381,2026-03-13,completed,In-store,Store credit
O02321,C0182,2026-08-05,completed,Online,Store credit
O02322,C0169,2026-08-05,completed,Online,EFT
O02323,C0409,2026-07-20,completed,Online,Card
O02324,C0239,2026-02-02,completed,In-store,EFT
O02325,C0261,2026-07-02,completed,In-store,Card
O02326,C0463,2025-07-13,completed,In-store,Card
O02327,C0122,2025-11-18,completed,In-store,Card
O02328,C0247,2026-05-14,completed,Online,EFT
O02329,C0021,2026-02-25,completed,Online,Card
O02330,C0490,2025-06-01,completed,In-store,SnapScan
O02331,C0122,2025-01-28,completed,Online,Card
O02332,C0175,2025-12-07,cancelled,Online,Card
O02333,C0411,2025-11-16,completed,In-store,Card
O02334,C0423,2025-09-08,completed,Online,EFT
O02335,C0486,2025-12-12,completed,Online,EFT
O02336,C0490,2025-12-15,completed,Online,EFT
O02337,C0307,2026-05-03,completed,In-store,Card
O02338,C0430,2025-03-16,completed,Online,Cash
O02339,C0029,2026-07-27,completed,Online,Card
O02340,C0252,2026-07-09,completed,Online,Card
O02341,C0356,2025-01-27,returned,In-store,Card
O02342,C0420,2025-01-20,completed,In-store,Store credit
O02343,C0091,2026-01-06,completed,Online,Card
O02344,C0008,2026-03-29,completed,In-store,EFT
O02345,C0028,2026-03-21,completed,In-store,Card
O02346,C0263,2025-05-31,completed,In-store,Card
O02347,C0039,2026-06-13,returned,Online,Card
O02348,C0206,2026-01-23,completed,Online,Cash
O02349,C0122,2026-01-18,completed,Online,Cash
O02350,C0001,2026-06-11,completed,In-store,Card
O02351,C0218,2026-07-16,completed,In-store,EFT
O02352,C0035,2025-04-04,completed,In-store,Store credit
O02353,C0285,2026-01-06,completed,Online,Card
O02354,C0391,2025-08-24,completed,In-store,Card
O02355,C0187,2026-04-30,completed,Online,EFT
O02356,C0232,2025-11-13,completed,Online,Card
O02357,C0179,2025-08-05,completed,Online,SnapScan
O02358,C0314,2025-08-24,completed,In-store,SnapScan
O02359,C0347,2026-01-21,completed,Online,EFT
O02360,C0307,2025-02-17,completed,Online,EFT
O02361,C0314,2025-02-05,completed,Online,SnapScan
O02362,C0346,2025-12-31,completed,Online,EFT
O02363,C0378,2025-04-22,completed,Online,EFT
O02364,C0037,2026-07-02,completed,In-store,Cash
O02365,C0211,2025-05-01,completed,Online,SnapScan
O02366,C0453,2025-06-09,completed,In-store,Card
O02367,C0172,2025-12-06,completed,In-store,Card
O02368,C0241,2025-09-19,completed,Online,Card
O02369,C0234,2025-04-17,completed,Online,Card
O02370,C0025,2025-10-05,completed,Online,Cash
O02371,C0318,2026-05-31,completed,In-store,EFT
O02372,C0232,2025-10-29,cancelled,Online,Card
O02373,C0223,2025-07-06,completed,Online,Store credit
O02374,C0369,2025-12-24,returned,Online,Card
O02375,C0483,2026-04-22,completed,Online,EFT
O02376,C0326,2025-11-03,completed,In-store,Store credit
O02377,C0333,2025-06-15,completed,Online,Cash
O02378,C0321,2025-03-20,completed,In-store,Card
O02379,C0170,2026-06-10,completed,Online,Card
O02380,C0268,2025-06-30,completed,Online,Card
O02381,C0200,2026-06-23,completed,Online,Card
O02382,C0019,2025-12-03,completed,In-store,Cash
O02383,C0047,2025-06-21,completed,Online,Card
O02384,C0484,2026-07-09,completed,In-store,Card
O02385,C0370,2025-09-07,completed,Online,Cash
O02386,C0041,2025-01-08,completed,In-store,Card
O02387,C0490,2026-01-13,completed,Online,Card
O02388,C0232,2026-05-27,completed,In-store,Card
O02389,C0241,2025-08-12,completed,Online,Card
O02390,C0364,2025-06-17,completed,Online,SnapScan
O02391,C0267,2025-08-17,cancelled,In-store,Cash
O02392,C0120,2026-06-25,completed,In-store,Cash
O02393,C0264,2025-09-28,completed,Online,SnapScan
O02394,C0354,2025-06-16,completed,In-store,Card
O02395,C0315,2025-09-26,returned,In-store,EFT
O02396,C0484,2025-02-18,completed,In-store,EFT
O02397,C0256,2025-04-04,completed,Online,EFT
O02398,C0457,2026-07-16,completed,Online,EFT
O02399,C0235,2025-10-14,completed,Online,Card
O02400,C0236,2025-03-14,cancelled,In-store,Card
O02401,C0342,2025-10-30,completed,Online,EFT
O02402,C0353,2026-02-01,completed,In-store,Card
O02403,C0430,2025-10-21,completed,In-store,EFT
O02404,C0202,2025-11-17,completed,In-store,Card
O02405,C0164,2025-06-02,completed,Online,SnapScan
O02406,C0375,2026-07-15,completed,In-store,Card
O02407,C0147,2025-01-10,completed,Online,Card
O02408,C0186,2025-06-18,completed,In-store,EFT
O02409,C0312,2025-09-16,completed,In-store,EFT
O02410,C0374,2025-08-27,completed,Online,Card
O02411,C0222,2025-06-30,completed,Online,Card
O02412,C0394,2025-04-30,completed,In-store,EFT
O02413,C0270,2025-02-21,completed,In-store,SnapScan
O02414,C0347,2026-08-13,completed,Online,Card
O02415,C0120,2026-03-18,completed,In-store,Card
O02416,C0444,2025-01-31,completed,In-store,SnapScan
O02417,C0304,2026-01-12,completed,In-store,Card
O02418,C0236,2025-06-05,completed,In-store,SnapScan
O02419,C0255,2026-05-31,completed,Online,Store credit
O02420,C0489,2025-07-12,completed,In-store,Card
O02421,C0429,2026-02-11,completed,In-store,Cash
O02422,C0015,2026-05-20,completed,In-store,EFT
O02423,C0034,2025-10-08,completed,In-store,Card
O02424,C0386,2026-02-20,completed,Online,Card
O02425,C0320,2025-06-25,completed,Online,SnapScan
O02426,C0173,2025-10-08,completed,In-store,Card
O02427,C0266,2025-06-19,completed,Online,Card
O02428,C0099,2025-05-29,returned,Online,Card
O02429,C0141,2026-06-14,completed,Online,SnapScan
O02430,C0020,2026-02-14,completed,Online,Card
O02431,C0134,2026-01-02,completed,Online,Card
O02432,C0160,2025-08-08,completed,In-store,Card
O02433,C0039,2025-04-02,completed,Online,SnapScan
O02434,C0139,2026-01-24,cancelled,In-store,Card
O02435,C0474,2025-08-26,completed,Online,Card
O02436,C0324,2025-11-19,completed,In-store,EFT
O02437,C0490,2025-08-14,cancelled,Online,EFT
O02438,C0189,2025-02-26,returned,Online,EFT
O02439,C0185,2025-02-03,completed,Online,Card
O02440,C0322,2025-09-15,completed,Online,SnapScan
O02441,C0170,2026-08-14,completed,In-store,Card
O02442,C0199,2026-03-15,completed,Online,Cash
O02443,C0381,2025-03-10,completed,Online,Card
O02444,C0418,2026-02-24,completed,In-store,Cash
O02445,C0352,2025-02-17,completed,Online,Card
O02446,C0399,2026-08-03,completed,Online,EFT
O02447,C0457,2026-07-09,completed,Online,Card
O02448,C0338,2025-08-02,completed,Online,Cash
O02449,C0424,2025-03-26,completed,In-store,Cash
O02450,C0268,2025-10-12,completed,In-store,Card
O02451,C0131,2026-01-26,completed,Online,Card
O02452,C0375,2025-11-06,completed,In-store,SnapScan
O02453,C0343,2026-05-10,cancelled,In-store,Cash
O02454,C0089,2025-12-09,completed,In-store,SnapScan
O02455,C0300,2025-03-03,completed,In-store,Card
O02456,C0432,2025-07-28,completed,Online,EFT
O02457,C0304,2025-01-22,completed,In-store,Card
O02458,C0116,2025-06-18,completed,In-store,SnapScan
O02459,C0252,2025-11-08,completed,In-store,Card
O02460,C0345,2025-10-03,completed,Online,Card
O02461,C0396,2026-06-07,completed,Online,Store credit
O02462,C0471,2025-02-11,completed,Online,Card
O02463,C0314,2025-08-20,completed,Online,SnapScan
O02464,C0006,2025-02-03,cancelled,Online,SnapScan
O02465,C0045,2026-03-20,completed,Online,Card
O02466,C0304,2025-01-26,completed,In-store,Cash
O02467,C0077,2026-06-30,returned,In-store,Card
O02468,C0242,2025-02-24,completed,In-store,Card
O02469,C0120,2025-07-21,completed,In-store,EFT
O02470,C0052,2026-06-21,completed,In-store,Card
O02471,C0354,2025-05-28,completed,Online,EFT
O02472,C0332,2026-03-15,completed,Online,Card
O02473,C0467,2026-04-25,returned,In-store,Card
O02474,C0122,2025-06-18,completed,Online,SnapScan
O02475,C0223,2026-06-21,completed,In-store,Card
O02476,C0291,2026-08-14,completed,Online,Card
O02477,C0439,2026-04-26,completed,Online,Card
O02478,C0213,2025-08-22,completed,Online,Card
O02479,C0186,2026-03-22,completed,In-store,Card
O02480,C0340,2025-05-30,completed,In-store,Store credit
O02481,C0086,2025-12-26,completed,Online,SnapScan
O02482,C0409,2025-04-09,completed,Online,Card
O02483,C0440,2025-06-07,completed,Online,SnapScan
O02484,C0403,2025-01-24,completed,Online,Cash
O02485,C0008,2025-10-20,completed,Online,Card
O02486,C0131,2026-05-21,completed,In-store,Store credit
O02487,C0016,2025-12-06,completed,In-store,EFT
O02488,C0304,2026-06-26,returned,Online,Card
O02489,C0311,2026-02-17,completed,In-store,Card
O02490,C0262,2026-08-08,completed,In-store,Card
O02491,C0397,2025-08-26,completed,Online,EFT
O02492,C0183,2026-02-03,completed,Online,Card
O02493,C0159,2026-03-06,completed,Online,Card
O02494,C0226,2025-10-10,completed,In-store,EFT
O02495,C0387,2025-09-01,completed,In-store,Card
O02496,C0258,2025-03-13,completed,In-store,Card
O02497,C0206,2025-01-02,completed,Online,Card
O02498,C0055,2025-02-01,completed,In-store,SnapScan
O02499,C0395,2025-04-29,completed,Online,SnapScan
O02500,C0344,2025-08-16,completed,In-store,EFT
O02501,C0248,2025-01-08,completed,In-store,EFT
O02502,C0486,2026-07-26,returned,In-store,Cash
O02503,C0493,2025-05-19,completed,In-store,Cash
O02504,C0179,2026-01-30,completed,Online,EFT
O02505,C0485,2025-07-05,returned,In-store,SnapScan
O02506,C0252,2025-04-06,completed,Online,Card
O02507,C0312,2025-08-15,completed,Online,Card
O02508,C0340,2025-12-16,completed,In-store,SnapScan
O02509,C0046,2025-03-08,completed,Online,Card
O02510,C0398,2025-04-16,returned,In-store,SnapScan
O02511,C0360,2025-03-19,completed,Online,Card
O02512,C0135,2025-10-15,completed,Online,Cash
O02513,C0018,2026-02-28,completed,In-store,Card
O02514,C0317,2026-07-14,returned,Online,EFT
O02515,C0009,2025-10-25,completed,Online,Cash
O02516,C0200,2025-03-29,completed,In-store,Card
O02517,C0323,2026-02-15,completed,In-store,EFT
O02518,C0069,2026-02-01,completed,In-store,Store credit
O02519,C0277,2026-02-13,completed,In-store,Card
O02520,C0203,2026-01-14,completed,In-store,SnapScan
O02521,C0076,2025-11-27,completed,Online,Card
O02522,C0232,2025-07-04,completed,In-store,Card
O02523,C0191,2026-02-28,completed,In-store,Cash
O02524,C0368,2025-05-07,completed,Online,Card
O02525,C0039,2025-10-15,completed,In-store,EFT
O02526,C0353,2025-11-08,completed,In-store,Card
O02527,C0008,2025-02-13,completed,In-store,Card
O02528,C0396,2026-03-22,completed,In-store,Card
O02529,C0154,2026-05-30,completed,Online,Card
O02530,C0461,2026-04-23,cancelled,In-store,SnapScan
O02531,C0270,2025-07-11,completed,Online,Card
O02532,C0194,2025-02-15,completed,Online,Store credit
O02533,C0067,2025-02-26,completed,Online,Card
O02534,C0336,2025-02-05,completed,Online,Cash
O02535,C0063,2025-01-16,completed,Online,Store credit
O02536,C0237,2025-11-16,completed,Online,SnapScan
O02537,C0085,2026-03-19,completed,Online,Card
O02538,C0183,2026-07-19,completed,In-store,SnapScan
O02539,C0477,2025-05-14,completed,In-store,Card
O02540,C0148,2025-02-16,returned,Online,Card
O02541,C0286,2025-02-11,returned,Online,Card
O02542,C0450,2026-06-22,completed,Online,Card
O02543,C0391,2025-12-28,completed,In-store,Card
O02544,C0404,2026-07-06,completed,In-store,Store credit
O02545,C0405,2025-08-09,completed,Online,Card
O02546,C0221,2026-08-07,completed,In-store,Cash
O02547,C0181,2025-08-26,completed,Online,EFT
O02548,C0297,2026-07-30,completed,In-store,EFT
O02549,C0158,2026-07-27,completed,In-store,SnapScan
O02550,C0373,2025-12-13,returned,In-store,Cash
O02551,C0437,2026-02-24,completed,In-store,Card
O02552,C0108,2026-01-05,completed,Online,Card
O02553,C0410,2025-11-01,completed,In-store,Card
O02554,C0017,2025-04-07,completed,Online,Card
O02555,C0102,2026-02-27,cancelled,Online,Card
O02556,C0269,2026-02-08,completed,In-store,SnapScan
O02557,C0115,2026-06-28,completed,Online,Card
O02558,C0115,2025-06-27,completed,Online,Card
O02559,C0331,2026-01-08,completed,In-store,EFT
O02560,C0349,2025-12-10,completed,In-store,Card
O02561,C0261,2025-12-15,completed,Online,EFT
O02562,C0483,2025-12-22,cancelled,Online,Cash
O02563,C0430,2026-05-20,completed,In-store,SnapScan
O02564,C0377,2025-12-09,completed,Online,EFT
O02565,C0130,2025-11-24,completed,Online,Card
O02566,C0003,2026-07-27,completed,In-store,SnapScan
O02567,C0226,2025-12-24,completed,Online,Store credit
O02568,C0097,2025-07-11,completed,Online,Card
O02569,C0416,2025-01-30,completed,Online,Card
O02570,C0024,2025-05-25,completed,Online,Cash
O02571,C0137,2026-02-08,completed,In-store,Card
O02572,C0389,2026-08-13,completed,In-store,Card
O02573,C0248,2026-07-01,completed,In-store,Card
O02574,C0244,2026-08-03,completed,Online,Card
O02575,C0111,2025-11-26,completed,Online,Store credit
O02576,C0352,2025-07-07,completed,Online,Card
O02577,C0434,2026-07-09,completed,Online,Card
O02578,C0292,2025-04-23,completed,Online,Card
O02579,C0466,2025-09-12,completed,In-store,Card
O02580,C0297,2025-03-09,completed,In-store,SnapScan
O02581,C0349,2025-11-05,completed,Online,Card
O02582,C0237,2025-08-07,completed,In-store,EFT
O02583,C0315,2025-01-11,completed,In-store,EFT
O02584,C0383,2026-05-30,completed,In-store,Store credit
O02585,C0224,2025-01-06,completed,In-store,Card
O02586,C0461,2025-05-14,completed,In-store,EFT
O02587,C0457,2025-06-19,returned,Online,Store credit
O02588,C0306,2025-05-01,completed,Online,SnapScan
O02589,C0084,2025-01-27,completed,In-store,EFT
O02590,C0003,2025-01-23,completed,Online,EFT
O02591,C0466,2025-02-26,completed,In-store,SnapScan
O02592,C0492,2025-12-21,completed,Online,Cash
O02593,C0301,2026-06-23,returned,Online,Cash
O02594,C0192,2025-03-28,completed,Online,Cash
O02595,C0141,2025-05-15,completed,In-store,Card
O02596,C0215,2026-06-25,completed,In-store,Card
O02597,C0257,2026-04-10,completed,In-store,Card
O02598,C0131,2025-10-23,completed,Online,Card
O02599,C0477,2026-01-05,completed,Online,EFT
O02600,C0398,2025-12-04,completed,Online,Card
O02601,C0112,2026-06-11,completed,In-store,SnapScan
O02602,C0308,2025-10-19,completed,Online,EFT
O02603,C0055,2026-03-23,completed,Online,EFT
O02604,C0135,2025-01-22,completed,Online,Card
O02605,C0356,2025-07-26,completed,Online,Store credit
O02606,C0455,2026-01-08,returned,In-store,Store credit
O02607,C0476,2026-05-11,completed,In-store,Card
O02608,C0368,2025-02-22,completed,Online,Card
O02609,C0455,2025-02-17,completed,In-store,Store credit
O02610,C0191,2026-07-20,completed,Online,Card
O02611,C0222,2025-09-06,completed,Online,Cash
O02612,C0488,2025-03-06,completed,In-store,EFT
O02613,C0212,2026-04-09,completed,Online,Cash
O02614,C0223,2025-10-27,completed,Online,SnapScan
O02615,C0100,2025-06-20,completed,In-store,Card
O02616,C0282,2026-05-01,completed,In-store,Card
O02617,C0197,2025-08-11,cancelled,In-store,SnapScan
O02618,C0160,2025-05-28,completed,Online,Store credit
O02619,C0199,2026-02-04,completed,In-store,Card
O02620,C0071,2025-07-10,returned,Online,Card
O02621,C0471,2025-11-05,cancelled,In-store,Card
O02622,C0198,2025-11-30,completed,Online,SnapScan
O02623,C0068,2026-02-10,completed,Online,Card
O02624,C0211,2025-04-20,completed,Online,Card
O02625,C0078,2025-03-31,cancelled,Online,Card
O02626,C0048,2026-08-09,cancelled,Online,Store credit
O02627,C0121,2025-08-18,completed,In-store,Card
O02628,C0476,2026-05-03,completed,Online,Store credit
O02629,C0025,2025-10-13,completed,Online,Card
O02630,C0422,2026-05-18,completed,Online,Card
O02631,C0336,2025-10-30,completed,In-store,Card
O02632,C0049,2025-04-26,completed,Online,Cash
O02633,C0460,2026-01-11,completed,Online,Card
O02634,C0148,2025-12-14,completed,Online,Card
O02635,C0313,2025-05-10,completed,Online,Card
O02636,C0090,2025-08-15,completed,Online,Card
O02637,C0129,2026-04-10,completed,Online,Card
O02638,C0470,2026-03-24,completed,Online,EFT
O02639,C0043,2026-06-20,completed,Online,Cash
O02640,C0357,2025-08-25,completed,In-store,Card
O02641,C0215,2025-12-05,completed,Online,Card
O02642,C0076,2025-10-05,completed,In-store,Card
O02643,C0018,2025-11-08,completed,In-store,Card
O02644,C0026,2025-08-15,completed,Online,Card
O02645,C0162,2026-05-09,completed,Online,Card
O02646,C0135,2025-08-27,completed,Online,EFT
O02647,C0139,2026-03-28,completed,In-store,Card
O02648,C0322,2026-08-02,completed,Online,EFT
O02649,C0379,2025-08-31,cancelled,In-store,Card
O02650,C0127,2025-03-17,completed,Online,Cash
O02651,C0419,2025-09-21,completed,Online,Card
O02652,C0104,2026-01-13,completed,In-store,Cash
O02653,C0420,2025-06-13,completed,In-store,Store credit
O02654,C0311,2025-08-14,completed,Online,EFT
O02655,C0070,2026-05-27,completed,In-store,EFT
O02656,C0436,2026-05-23,completed,Online,EFT
O02657,C0332,2026-02-15,completed,Online,Card
O02658,C0357,2026-07-31,completed,In-store,SnapScan
O02659,C0062,2025-07-29,completed,Online,Store credit
O02660,C0137,2026-06-22,completed,Online,Card
O02661,C0255,2025-09-26,completed,In-store,Card
O02662,C0275,2025-08-29,completed,In-store,EFT
O02663,C0296,2025-05-07,completed,In-store,Card
O02664,C0108,2026-01-14,completed,Online,EFT
O02665,C0329,2026-02-07,completed,Online,SnapScan
O02666,C0398,2026-07-17,returned,Online,Card
O02667,C0302,2025-07-21,completed,Online,Card
O02668,C0262,2026-03-18,completed,In-store,SnapScan
O02669,C0332,2025-02-26,completed,In-store,EFT
O02670,C0065,2025-11-05,completed,Online,Card
O02671,C0195,2026-01-18,completed,Online,Card
O02672,C0275,2025-11-19,completed,In-store,Card
O02673,C0431,2025-06-03,completed,In-store,Card
O02674,C0329,2025-04-27,completed,Online,Cash
O02675,C0258,2025-03-21,completed,Online,Card
O02676,C0083,2026-01-29,completed,In-store,Card
O02677,C0092,2025-05-07,completed,Online,Card
O02678,C0146,2025-01-05,completed,In-store,SnapScan
O02679,C0468,2025-03-05,returned,In-store,Store credit
O02680,C0040,2025-02-22,completed,In-store,Card
O02681,C0391,2025-03-29,completed,Online,Card
O02682,C0197,2026-06-11,completed,In-store,Card
O02683,C0346,2025-07-21,completed,Online,SnapScan
O02684,C0472,2025-03-10,completed,Online,SnapScan
O02685,C0342,2026-01-18,completed,Online,EFT
O02686,C0442,2025-04-29,completed,Online,Card
O02687,C0418,2026-06-10,cancelled,In-store,Card
O02688,C0464,2025-05-04,completed,In-store,Card
O02689,C0224,2026-05-31,completed,Online,Card
O02690,C0064,2025-09-11,completed,Online,EFT
O02691,C0049,2025-04-11,completed,Online,Cash
O02692,C0393,2025-06-24,completed,Online,Card
O02693,C0372,2025-09-15,completed,In-store,Card
O02694,C0072,2025-11-17,completed,In-store,Card
O02695,C0230,2026-05-01,completed,Online,Card
O02696,C0155,2025-02-23,cancelled,In-store,Cash
O02697,C0353,2025-02-23,completed,In-store,EFT
O02698,C0142,2025-07-07,completed,Online,Card
O02699,C0386,2025-08-28,completed,Online,Card
O02700,C0332,2025-07-16,cancelled,In-store,SnapScan
O02701,C0119,2025-12-27,completed,In-store,Card
O02702,C0304,2025-07-11,completed,In-store,Card
O02703,C0418,2026-04-26,cancelled,In-store,Card
O02704,C0313,2026-02-14,completed,Online,Card
O02705,C0280,2025-01-12,completed,In-store,Card
O02706,C0190,2025-12-07,completed,In-store,Card
O02707,C0050,2026-02-28,completed,In-store,Card
O02708,C0441,2026-03-16,completed,In-store,SnapScan
O02709,C0252,2025-09-01,completed,In-store,Card
O02710,C0432,2026-05-30,completed,Online,Store credit
O02711,C0089,2025-08-10,completed,Online,Card
O02712,C0418,2026-08-07,completed,Online,Cash
O02713,C0384,2025-11-21,completed,In-store,Card
O02714,C0083,2025-09-04,completed,Online,SnapScan
O02715,C0214,2025-11-01,completed,Online,Card
O02716,C0362,2025-09-16,completed,Online,Card
O02717,C0324,2025-07-16,completed,Online,EFT
O02718,C0341,2026-05-23,completed,In-store,Card
O02719,C0024,2025-01-22,completed,Online,Card
O02720,C0293,2025-11-07,completed,In-store,Store credit
O02721,C0355,2026-04-21,completed,Online,Card
O02722,C0225,2026-01-15,completed,Online,Card
O02723,C0315,2026-04-13,completed,In-store,Card
O02724,C0210,2026-06-07,completed,Online,SnapScan
O02725,C0337,2026-02-17,completed,In-store,Card
O02726,C0465,2026-08-06,completed,In-store,EFT
O02727,C0462,2025-10-13,completed,In-store,SnapScan
O02728,C0265,2025-11-18,completed,Online,Store credit
O02729,C0178,2026-01-03,completed,Online,Card
O02730,C0435,2025-02-06,completed,In-store,Card
O02731,C0411,2025-06-18,completed,In-store,Card
O02732,C0064,2025-06-27,completed,Online,Card
O02733,C0488,2025-11-15,completed,Online,Card
O02734,C0009,2025-05-01,completed,Online,Card
O02735,C0147,2025-10-28,completed,In-store,Card
O02736,C0290,2026-05-10,completed,Online,SnapScan
O02737,C0238,2026-03-29,completed,In-store,Card
O02738,C0438,2026-06-25,completed,In-store,EFT
O02739,C0126,2025-05-20,completed,In-store,Store credit
O02740,C0460,2026-05-02,completed,Online,Card
O02741,C0407,2025-12-05,completed,Online,EFT
O02742,C0056,2025-03-10,completed,In-store,Cash
O02743,C0105,2025-02-24,completed,Online,Card
O02744,C0218,2026-03-25,completed,In-store,SnapScan
O02745,C0162,2026-03-11,completed,In-store,Card
O02746,C0169,2025-11-19,completed,In-store,Card
O02747,C0190,2025-08-24,completed,Online,EFT
O02748,C0457,2026-04-07,completed,Online,SnapScan
O02749,C0200,2025-09-28,completed,Online,Card
O02750,C0291,2026-06-29,completed,In-store,Card
O02751,C0255,2026-04-19,completed,In-store,SnapScan
O02752,C0434,2025-09-18,completed,Online,Card
O02753,C0130,2026-04-25,completed,In-store,Card
O02754,C0064,2026-02-08,completed,Online,Card
O02755,C0261,2026-06-28,completed,Online,Card
O02756,C0303,2025-09-28,completed,In-store,Card
O02757,C0056,2026-05-20,completed,Online,SnapScan
O02758,C0350,2025-10-14,returned,Online,EFT
O02759,C0210,2025-10-05,completed,In-store,Card
O02760,C0042,2025-06-17,completed,Online,Card
O02761,C0363,2025-05-15,completed,In-store,Card
O02762,C0227,2026-03-07,completed,In-store,Card
O02763,C0234,2025-07-18,completed,Online,Card
O02764,C0132,2025-07-18,completed,In-store,Store credit
O02765,C0176,2025-08-10,completed,Online,Cash
O02766,C0034,2026-07-24,completed,Online,SnapScan
O02767,C0141,2025-03-29,completed,Online,Card
O02768,C0078,2025-06-26,completed,In-store,Card
O02769,C0068,2025-08-29,completed,In-store,SnapScan
O02770,C0420,2026-07-19,completed,Online,Card
O02771,C0007,2025-06-23,returned,In-store,Card
O02772,C0280,2026-03-10,completed,Online,SnapScan
O02773,C0050,2025-11-07,completed,In-store,Card
O02774,C0467,2025-05-08,completed,In-store,Card
O02775,C0250,2026-01-31,completed,Online,Card
O02776,C0345,2026-03-06,completed,In-store,Cash
O02777,C0203,2026-03-24,completed,Online,Card
O02778,C0432,2025-04-23,completed,Online,EFT
O02779,C0008,2025-10-04,completed,Online,Card
O02780,C0092,2026-03-19,completed,In-store,Card
O02781,C0082,2026-04-26,returned,In-store,SnapScan
O02782,C0095,2025-03-16,completed,Online,Card
O02783,C0175,2026-02-02,completed,Online,EFT
O02784,C0335,2025-02-17,completed,Online,Card
O02785,C0275,2025-10-01,completed,In-store,Store credit
O02786,C0256,2025-02-14,completed,Online,Card
O02787,C0228,2025-02-02,cancelled,In-store,SnapScan
O02788,C0146,2025-07-21,completed,Online,EFT
O02789,C0465,2026-01-02,completed,In-store,SnapScan
O02790,C0256,2025-11-11,completed,Online,Cash
O02791,C0107,2025-09-22,completed,Online,EFT
O02792,C0411,2026-06-21,completed,In-store,Card
O02793,C0063,2025-08-05,completed,Online,EFT
O02794,C0400,2025-12-26,returned,Online,Card
O02795,C0296,2025-03-28,completed,Online,SnapScan
O02796,C0403,2026-04-06,completed,Online,Card
O02797,C0181,2025-05-09,completed,In-store,Store credit
O02798,C0276,2026-06-16,completed,Online,EFT
O02799,C0040,2026-07-22,completed,Online,Cash
O02800,C0331,2026-06-23,completed,In-store,Card
O02801,C0492,2026-03-19,completed,Online,Card
O02802,C0041,2025-04-22,returned,In-store,Card
O02803,C0191,2025-05-17,completed,Online,EFT
O02804,C0235,2025-09-17,completed,In-store,EFT
O02805,C0103,2026-05-29,completed,In-store,EFT
O02806,C0222,2025-09-11,completed,Online,Cash
O02807,C0335,2026-07-01,returned,Online,EFT
O02808,C0479,2025-11-10,completed,In-store,EFT
O02809,C0441,2026-01-06,completed,Online,EFT
O02810,C0454,2025-02-19,completed,In-store,Card
O02811,C0490,2026-04-11,completed,In-store,Card
O02812,C0371,2025-10-05,completed,Online,Card
O02813,C0121,2025-08-06,cancelled,Online,EFT
O02814,C0345,2026-07-06,completed,Online,Card
O02815,C0141,2025-06-13,completed,In-store,EFT
O02816,C0008,2025-08-06,completed,Online,Card
O02817,C0003,2025-11-06,completed,Online,EFT
O02818,C0476,2025-05-13,completed,Online,EFT
O02819,C0204,2025-03-08,completed,Online,Card
O02820,C0148,2026-04-25,returned,Online,Card
O02821,C0112,2026-08-14,completed,Online,Card
O02822,C0107,2025-09-18,completed,Online,Card
O02823,C0277,2025-12-05,completed,In-store,Card
O02824,C0310,2025-02-14,completed,In-store,EFT
O02825,C0357,2026-01-07,completed,In-store,Card
O02826,C0216,2025-07-11,cancelled,Online,Store credit
O02827,C0368,2025-10-10,completed,Online,Card
O02828,C0083,2026-07-31,completed,Online,Card
O02829,C0077,2025-06-19,returned,In-store,Card
O02830,C0472,2026-07-13,completed,Online,Card
O02831,C0500,2025-05-24,completed,In-store,Card
O02832,C0141,2026-03-08,completed,Online,SnapScan
O02833,C0377,2025-07-25,completed,Online,Card
O02834,C0056,2026-05-27,completed,In-store,Card
O02835,C0162,2025-06-07,completed,In-store,SnapScan
O02836,C0048,2025-09-29,completed,Online,EFT
O02837,C0249,2026-02-11,completed,Online,Card
O02838,C0103,2026-01-06,completed,Online,Cash
O02839,C0342,2025-11-09,completed,In-store,Card
O02840,C0352,2025-01-25,completed,In-store,Card
O02841,C0312,2025-11-13,completed,In-store,SnapScan
O02842,C0464,2025-01-17,completed,Online,Card
O02843,C0074,2025-12-02,completed,Online,EFT
O02844,C0311,2025-06-19,completed,Online,EFT
O02845,C0221,2026-03-03,completed,Online,Card
O02846,C0483,2025-06-23,completed,Online,Cash
O02847,C0408,2026-01-04,completed,In-store,EFT
O02848,C0025,2026-07-29,cancelled,Online,EFT
O02849,C0070,2025-07-28,completed,Online,Store credit
O02850,C0081,2025-06-13,returned,Online,Card
O02851,C0079,2025-09-04,completed,Online,Card
O02852,C0063,2026-07-17,completed,Online,Card
O02853,C0295,2025-01-15,completed,Online,Card
O02854,C0421,2025-06-28,returned,In-store,EFT
O02855,C0399,2026-05-08,completed,In-store,Card
O02856,C0367,2026-07-20,completed,Online,Card
O02857,C0329,2025-04-27,completed,Online,Card
O02858,C0280,2025-08-28,completed,In-store,Card
O02859,C0058,2025-04-12,completed,In-store,SnapScan
O02860,C0348,2025-01-28,completed,In-store,Card
O02861,C0211,2025-05-19,returned,Online,Card
O02862,C0087,2026-03-19,completed,In-store,Card
O02863,C0477,2025-12-13,completed,Online,EFT
O02864,C0400,2025-03-18,completed,Online,Card
O02865,C0255,2026-06-01,completed,Online,Card
O02866,C0021,2025-12-14,completed,Online,Cash
O02867,C0305,2026-03-30,completed,In-store,EFT
O02868,C0047,2025-06-11,completed,Online,Card
O02869,C0346,2026-04-26,completed,In-store,Cash
O02870,C0416,2026-03-27,completed,In-store,EFT
O02871,C0337,2026-06-18,completed,Online,Card
O02872,C0378,2025-01-30,completed,Online,Card
O02873,C0461,2026-05-10,completed,Online,SnapScan
O02874,C0129,2025-12-25,completed,Online,Card
O02875,C0326,2025-07-06,completed,Online,EFT
O02876,C0359,2026-04-29,completed,In-store,Card
O02877,C0274,2025-10-20,completed,In-store,Card
O02878,C0040,2026-07-21,completed,Online,Card
O02879,C0444,2025-08-20,completed,In-store,Cash
O02880,C0101,2025-09-19,completed,In-store,Card
O02881,C0146,2025-10-10,completed,Online,SnapScan
O02882,C0174,2025-09-29,completed,Online,Store credit
O02883,C0324,2026-07-22,completed,Online,Cash
O02884,C0386,2026-05-18,completed,Online,Card
O02885,C0227,2025-06-27,completed,In-store,Card
O02886,C0032,2026-04-21,completed,Online,Card
O02887,C0040,2025-01-27,completed,Online,Card
O02888,C0216,2026-02-03,completed,Online,SnapScan
O02889,C0076,2025-03-07,completed,Online,Store credit
O02890,C0005,2025-04-15,completed,Online,Card
O02891,C0247,2025-06-19,completed,In-store,EFT
O02892,C0360,2026-07-16,completed,Online,Cash
O02893,C0017,2025-03-05,completed,Online,Card
O02894,C0115,2026-05-16,completed,In-store,EFT
O02895,C0361,2025-11-26,completed,In-store,Card
O02896,C0386,2026-05-17,completed,In-store,Card
O02897,C0241,2026-07-02,completed,Online,Card
O02898,C0189,2025-08-12,completed,In-store,EFT
O02899,C0029,2025-08-31,completed,In-store,SnapScan
O02900,C0215,2025-08-05,completed,In-store,Cash
O02901,C0088,2025-03-31,completed,Online,Card
O02902,C0147,2025-04-17,completed,In-store,Card
O02903,C0403,2025-08-28,completed,Online,Card
O02904,C0397,2025-11-27,completed,In-store,Card
O02905,C0425,2025-10-25,completed,In-store,Cash
O02906,C0437,2025-06-11,completed,In-store,EFT
O02907,C0220,2025-12-02,completed,In-store,Card
O02908,C0001,2025-03-02,completed,In-store,Card
O02909,C0429,2026-07-11,completed,In-store,Card
O02910,C0182,2025-05-25,completed,In-store,Card
O02911,C0179,2025-07-13,completed,In-store,Card
O02912,C0413,2026-01-29,completed,Online,Store credit
O02913,C0155,2025-09-13,completed,In-store,Card
O02914,C0277,2025-02-19,completed,In-store,Card
O02915,C0238,2026-04-11,completed,Online,SnapScan
O02916,C0259,2025-04-24,completed,In-store,EFT
O02917,C0196,2025-07-29,completed,Online,Card
O02918,C0335,2025-03-26,completed,In-store,Store credit
O02919,C0015,2026-04-21,completed,Online,Card
O02920,C0368,2025-04-19,completed,In-store,SnapScan
O02921,C0478,2026-03-07,returned,In-store,Card
O02922,C0342,2025-02-04,completed,In-store,SnapScan
O02923,C0083,2026-01-19,completed,Online,EFT
O02924,C0320,2025-03-10,completed,In-store,Card
O02925,C0016,2025-09-22,completed,Online,Card
O02926,C0170,2025-09-19,completed,Online,Card
O02927,C0193,2026-04-08,returned,In-store,EFT
O02928,C0354,2025-11-14,completed,In-store,Card
O02929,C0051,2025-08-15,completed,Online,Card
O02930,C0177,2025-10-23,completed,In-store,SnapScan
O02931,C0174,2025-04-03,returned,In-store,Card
O02932,C0214,2025-03-24,completed,Online,Store credit
O02933,C0161,2025-05-03,completed,Online,Cash
O02934,C0068,2025-09-25,returned,In-store,Card
O02935,C0486,2025-05-29,completed,Online,EFT
O02936,C0260,2026-02-23,completed,Online,Card
O02937,C0134,2025-07-29,completed,In-store,Store credit
O02938,C0217,2025-09-14,completed,Online,Card
O02939,C0499,2025-04-21,completed,Online,Cash
O02940,C0216,2025-06-03,completed,Online,Card
O02941,C0233,2026-01-18,completed,In-store,Card
O02942,C0364,2025-02-06,completed,In-store,Card
O02943,C0364,2026-04-01,completed,In-store,Card
O02944,C0286,2026-06-12,completed,Online,Store credit
O02945,C0103,2025-03-07,completed,Online,Store credit
O02946,C0201,2026-03-11,completed,Online,EFT
O02947,C0252,2025-02-20,completed,In-store,EFT
O02948,C0353,2026-04-04,returned,Online,Card
O02949,C0402,2025-09-13,completed,Online,Card
O02950,C0204,2025-12-04,completed,In-store,SnapScan
O02951,C0087,2025-01-05,returned,Online,Card
O02952,C0210,2025-12-27,completed,Online,Cash
O02953,C0199,2025-04-22,completed,In-store,EFT
O02954,C0399,2025-10-31,completed,In-store,SnapScan
O02955,C0452,2025-09-01,returned,Online,Card
O02956,C0047,2026-01-12,completed,In-store,SnapScan
O02957,C0388,2025-07-12,completed,Online,Card
O02958,C0362,2026-06-28,completed,Online,Store credit
O02959,C0115,2025-08-08,completed,Online,Store credit
O02960,C0113,2026-03-30,completed,Online,EFT
O02961,C0193,2026-01-06,completed,Online,EFT
O02962,C0442,2025-07-18,completed,Online,Card
O02963,C0201,2025-09-15,completed,Online,Store credit
O02964,C0436,2025-06-14,completed,In-store,Card
O02965,C0399,2026-06-05,completed,In-store,EFT
O02966,C0312,2026-04-24,completed,Online,Card
O02967,C0389,2025-08-26,completed,In-store,Card
O02968,C0485,2026-08-13,completed,Online,Card
O02969,C0339,2026-07-09,completed,In-store,SnapScan
O02970,C0299,2025-02-12,completed,Online,Card
O02971,C0230,2025-02-07,completed,Online,SnapScan
O02972,C0240,2026-02-03,completed,Online,EFT
O02973,C0314,2026-04-27,completed,Online,Card
O02974,C0388,2026-08-06,completed,In-store,Cash
O02975,C0287,2025-03-23,completed,Online,Card
O02976,C0304,2025-05-20,cancelled,In-store,SnapScan
O02977,C0228,2025-11-24,completed,Online,EFT
O02978,C0330,2025-06-23,completed,In-store,EFT
O02979,C0033,2025-07-13,returned,Online,Cash
O02980,C0392,2025-07-01,completed,In-store,Store credit
O02981,C0166,2025-05-23,completed,In-store,Store credit
O02982,C0053,2025-04-25,completed,Online,Cash
O02983,C0031,2026-02-28,completed,In-store,EFT
O02984,C0027,2025-09-12,returned,Online,SnapScan
O02985,C0399,2026-07-08,completed,Online,EFT
O02986,C0481,2025-05-17,completed,Online,Card
O02987,C0341,2026-06-22,completed,Online,Card
O02988,C0351,2026-07-24,completed,In-store,Card
O02989,C0144,2025-04-03,completed,In-store,Card
O02990,C0257,2026-01-05,completed,Online,Card
O02991,C0027,2025-08-26,completed,Online,Card
O02992,C0417,2026-07-14,returned,Online,Card
O02993,C0436,2026-07-07,completed,Online,Card
O02994,C0307,2025-10-24,completed,In-store,EFT
O02995,C0437,2026-07-22,completed,Online,Card
O02996,C0312,2025-02-20,completed,In-store,SnapScan
O02997,C0437,2025-08-16,completed,In-store,Card
O02998,C0193,2026-03-18,completed,In-store,Card
O02999,C0002,2026-07-01,completed,Online,Cash
O03000,C0041,2025-02-07,completed,In-store,Card
O03001,C0004,2025-10-31,completed,Online,Card
O03002,C0320,2025-04-19,returned,In-store,Cash
O03003,C0214,2026-02-03,completed,Online,Card
O03004,C0178,2025-09-30,completed,In-store,Card
O03005,C0238,2025-06-25,completed,Online,Card
O03006,C0049,2025-09-16,completed,Online,Card
O03007,C0234,2026-08-12,completed,Online,SnapScan
O03008,C0092,2025-06-10,completed,In-store,Card
O03009,C0349,2025-12-28,completed,In-store,EFT
O03010,C0172,2025-02-16,completed,In-store,Card
O03011,C0033,2025-08-26,completed,Online,Card
O03012,C0118,2026-06-02,cancelled,Online,SnapScan
O03013,C0116,2025-01-27,completed,In-store,Cash
O03014,C0303,2025-02-17,completed,In-store,Card
O03015,C0254,2025-04-19,completed,Online,Card
O03016,C0148,2025-09-21,completed,In-store,EFT
O03017,C0183,2026-02-08,completed,In-store,EFT
O03018,C0485,2025-01-06,completed,Online,Card
O03019,C0135,2025-04-17,completed,In-store,EFT
O03020,C0079,2025-12-31,completed,Online,Store credit
O03021,C0203,2025-12-03,completed,Online,Cash
O03022,C0112,2025-04-12,completed,Online,EFT
O03023,C0198,2025-10-02,completed,In-store,Store credit
O03024,C0391,2026-01-02,completed,Online,SnapScan
O03025,C0443,2025-01-31,completed,Online,SnapScan
O03026,C0231,2026-04-20,completed,In-store,Store credit
O03027,C0159,2026-01-09,completed,Online,Cash
O03028,C0129,2025-01-22,completed,Online,Cash
O03029,C0346,2026-05-24,cancelled,Online,EFT
O03030,C0467,2025-06-15,completed,In-store,Card
O03031,C0093,2025-08-26,completed,Online,Card
O03032,C0285,2026-03-06,completed,In-store,Store credit
O03033,C0035,2026-07-21,cancelled,In-store,EFT
O03034,C0435,2026-07-01,completed,In-store,Card
O03035,C0179,2026-07-28,completed,In-store,Card
O03036,C0272,2025-11-25,completed,Online,Card
O03037,C0434,2025-04-08,completed,Online,Card
O03038,C0442,2025-05-06,completed,Online,Store credit
O03039,C0380,2025-06-15,completed,In-store,EFT
O03040,C0381,2025-10-01,completed,In-store,Card
O03041,C0142,2026-04-02,completed,Online,Cash
O03042,C0166,2025-07-12,cancelled,In-store,Card
O03043,C0100,2026-02-15,completed,In-store,Card
O03044,C0254,2026-04-22,completed,Online,Store credit
O03045,C0362,2026-04-25,completed,Online,SnapScan
O03046,C0092,2026-04-15,completed,In-store,Cash
O03047,C0204,2025-05-19,returned,Online,Cash
O03048,C0203,2025-08-26,completed,Online,Card
O03049,C0423,2025-10-17,completed,Online,Cash
O03050,C0011,2026-02-05,completed,Online,SnapScan
O03051,C0320,2026-04-28,completed,In-store,Card
O03052,C0120,2025-07-03,completed,In-store,EFT
O03053,C0495,2026-05-28,completed,In-store,Card
O03054,C0115,2025-07-11,completed,Online,SnapScan
O03055,C0377,2025-12-23,cancelled,Online,Store credit
O03056,C0253,2025-10-01,completed,Online,Card
O03057,C0341,2025-12-21,completed,In-store,Store credit
O03058,C0089,2026-04-11,completed,Online,Cash
O03059,C0214,2025-04-02,completed,In-store,Card
O03060,C0416,2025-05-25,completed,In-store,Card
O03061,C0299,2026-03-30,completed,In-store,Card
O03062,C0264,2025-04-23,completed,In-store,Card
O03063,C0007,2025-12-04,returned,Online,EFT
O03064,C0013,2025-12-15,completed,In-store,EFT
O03065,C0020,2025-07-08,cancelled,In-store,Store credit
O03066,C0456,2025-05-21,cancelled,Online,Cash
O03067,C0204,2025-06-12,completed,In-store,Card
O03068,C0200,2025-01-05,completed,Online,Card
O03069,C0496,2025-12-29,returned,Online,Card
O03070,C0147,2026-08-12,completed,In-store,Card
O03071,C0394,2025-05-11,completed,Online,Store credit
O03072,C0204,2025-05-02,completed,Online,Card
O03073,C0418,2025-10-13,completed,In-store,Card
O03074,C0191,2026-01-26,completed,Online,EFT
O03075,C0121,2025-03-26,completed,Online,Card
O03076,C0361,2025-12-19,completed,Online,EFT
O03077,C0441,2026-04-11,completed,In-store,Card
O03078,C0069,2026-01-31,completed,In-store,Card
O03079,C0451,2025-10-16,completed,In-store,Card
O03080,C0271,2026-03-18,completed,In-store,Store credit
O03081,C0027,2025-04-10,completed,In-store,Card
O03082,C0329,2026-07-14,completed,In-store,SnapScan
O03083,C0136,2025-05-12,completed,In-store,Card
O03084,C0048,2025-04-13,returned,Online,Card
O03085,C0389,2025-10-20,completed,In-store,EFT
O03086,C0425,2025-09-08,completed,Online,Card
O03087,C0163,2025-11-14,completed,In-store,SnapScan
O03088,C0267,2026-08-07,completed,Online,SnapScan
O03089,C0327,2025-12-02,completed,In-store,Card
O03090,C0317,2025-10-15,completed,Online,EFT
O03091,C0195,2025-12-28,returned,In-store,Cash
O03092,C0011,2025-02-15,completed,In-store,Card
O03093,C0342,2026-03-03,completed,Online,Card
O03094,C0444,2025-02-13,completed,Online,Card
O03095,C0356,2026-05-11,returned,Online,EFT
O03096,C0066,2025-11-01,completed,Online,Store credit
O03097,C0170,2025-03-07,completed,Online,Cash
O03098,C0238,2026-01-18,completed,In-store,Card
O03099,C0172,2026-06-29,completed,Online,Card
O03100,C0307,2025-04-05,completed,Online,Card
O03101,C0296,2025-02-06,completed,Online,Card
O03102,C0088,2025-10-24,completed,Online,Card
O03103,C0199,2026-08-10,completed,Online,Card
O03104,C0048,2025-02-26,completed,Online,EFT
O03105,C0348,2025-03-15,completed,Online,Card
O03106,C0091,2026-03-28,completed,In-store,Card
O03107,C0112,2025-01-17,completed,Online,Card
O03108,C0262,2026-04-19,completed,In-store,SnapScan
O03109,C0101,2026-05-03,completed,In-store,EFT
O03110,C0298,2026-07-12,completed,Online,EFT
O03111,C0395,2025-02-07,completed,In-store,EFT
O03112,C0005,2025-02-20,completed,In-store,Card
O03113,C0135,2026-03-07,completed,Online,Card
O03114,C0312,2025-03-11,completed,Online,EFT
O03115,C0243,2026-03-23,completed,In-store,Card
O03116,C0252,2025-01-27,completed,In-store,Card
O03117,C0438,2026-03-26,completed,Online,Card
O03118,C0378,2026-05-26,completed,Online,Card
O03119,C0389,2025-01-11,returned,Online,EFT
O03120,C0277,2026-05-07,completed,In-store,SnapScan
O03121,C0495,2025-09-24,completed,Online,EFT
O03122,C0403,2025-10-30,completed,Online,Store credit
O03123,C0210,2025-08-23,completed,Online,Cash
O03124,C0059,2025-03-18,completed,Online,Card
O03125,C0026,2025-11-27,completed,Online,Card
O03126,C0329,2026-08-01,completed,In-store,Card
O03127,C0369,2025-08-26,completed,Online,EFT
O03128,C0349,2025-12-21,completed,Online,Card
O03129,C0245,2026-05-04,completed,Online,EFT
O03130,C0228,2026-01-14,completed,In-store,SnapScan
O03131,C0375,2025-07-11,completed,Online,SnapScan
O03132,C0017,2025-11-27,completed,Online,Card
O03133,C0446,2026-04-26,completed,Online,EFT
O03134,C0173,2025-08-31,completed,In-store,Card
O03135,C0416,2025-06-10,completed,In-store,Card
O03136,C0392,2025-11-30,completed,In-store,Card
O03137,C0241,2026-04-12,completed,In-store,Card
O03138,C0292,2026-05-27,completed,In-store,Card
O03139,C0387,2025-02-26,completed,Online,Store credit
O03140,C0374,2025-01-28,completed,Online,Card
O03141,C0183,2025-06-01,completed,Online,Card
O03142,C0378,2025-12-26,completed,Online,Card
O03143,C0303,2026-07-21,completed,Online,Card
O03144,C0187,2025-07-20,completed,Online,EFT
O03145,C0190,2025-02-04,completed,In-store,Store credit
O03146,C0213,2026-04-05,completed,In-store,EFT
O03147,C0424,2025-07-07,completed,In-store,Store credit
O03148,C0372,2026-08-11,completed,Online,Card
O03149,C0271,2026-01-16,completed,Online,EFT
O03150,C0083,2025-07-23,completed,Online,EFT
O03151,C0479,2025-12-25,completed,Online,Cash
O03152,C0092,2025-12-03,completed,Online,EFT
O03153,C0078,2025-08-05,completed,Online,SnapScan
O03154,C0240,2025-11-07,completed,Online,EFT
O03155,C0323,2026-01-27,cancelled,Online,EFT
O03156,C0024,2025-02-13,completed,In-store,Card
O03157,C0208,2026-08-08,completed,Online,EFT
O03158,C0333,2025-12-23,completed,In-store,Card
O03159,C0288,2025-08-11,completed,Online,Cash
O03160,C0050,2026-05-12,completed,In-store,Card
O03161,C0134,2025-10-06,completed,In-store,EFT
O03162,C0486,2026-07-16,completed,In-store,Cash
O03163,C0006,2026-08-13,completed,In-store,Card
O03164,C0060,2026-02-12,cancelled,In-store,Cash
O03165,C0151,2026-01-24,completed,In-store,EFT
O03166,C0475,2026-02-23,completed,Online,Card
O03167,C0226,2026-02-17,completed,Online,Card
O03168,C0316,2026-04-08,completed,In-store,EFT
O03169,C0218,2025-02-07,completed,Online,Store credit
O03170,C0054,2026-01-14,completed,Online,Store credit
O03171,C0189,2025-09-21,completed,In-store,EFT
O03172,C0416,2026-07-15,completed,Online,EFT
O03173,C0458,2025-10-04,completed,Online,EFT
O03174,C0175,2026-01-30,completed,Online,SnapScan
O03175,C0131,2025-05-06,completed,Online,Card
O03176,C0496,2026-01-06,completed,In-store,Card
O03177,C0464,2025-10-08,completed,Online,Card
O03178,C0097,2025-07-30,completed,In-store,Card
O03179,C0232,2025-09-11,completed,In-store,Card
O03180,C0315,2025-12-10,completed,In-store,EFT
O03181,C0311,2025-07-18,completed,Online,Card
O03182,C0418,2025-01-05,returned,Online,Card
O03183,C0096,2025-02-02,completed,Online,Cash
O03184,C0469,2025-08-01,completed,Online,Card
O03185,C0455,2025-04-09,completed,Online,Card
O03186,C0306,2025-08-16,completed,In-store,SnapScan
O03187,C0458,2025-09-04,completed,Online,Card
O03188,C0219,2025-01-13,completed,In-store,Card
O03189,C0073,2026-02-25,returned,In-store,SnapScan
O03190,C0075,2025-12-11,completed,In-store,Card
O03191,C0433,2026-05-24,returned,Online,Card
O03192,C0490,2026-03-09,completed,Online,Card
O03193,C0270,2026-04-10,completed,Online,Card
O03194,C0014,2025-02-23,completed,In-store,EFT
O03195,C0334,2025-10-19,completed,Online,Card
O03196,C0117,2026-06-30,completed,Online,Card
O03197,C0020,2025-04-25,completed,In-store,EFT
O03198,C0275,2026-02-16,completed,Online,Card
O03199,C0220,2025-08-10,completed,In-store,Cash
O03200,C0188,2025-01-18,completed,In-store,EFT
O03201,C0316,2025-02-25,completed,Online,SnapScan
O03202,C0301,2026-05-28,completed,Online,Card
O03203,C0317,2025-07-24,cancelled,In-store,Card
O03204,C0498,2026-01-28,completed,In-store,Card
O03205,C0429,2025-08-21,completed,Online,Card
O03206,C0129,2025-02-17,completed,Online,EFT
O03207,C0417,2025-12-07,completed,In-store,EFT
O03208,C0189,2025-03-31,completed,Online,Card
O03209,C0361,2025-07-10,completed,In-store,SnapScan
O03210,C0381,2026-03-10,completed,Online,Card
O03211,C0341,2025-11-05,completed,Online,Card
O03212,C0317,2026-05-21,completed,In-store,Card
O03213,C0468,2026-06-20,completed,In-store,Store credit
O03214,C0163,2025-04-27,completed,Online,SnapScan
O03215,C0187,2025-11-09,completed,Online,EFT
O03216,C0431,2025-09-28,completed,In-store,Card
O03217,C0336,2025-02-24,completed,Online,SnapScan
O03218,C0408,2025-04-03,returned,Online,Cash
O03219,C0232,2025-08-07,completed,In-store,EFT
O03220,C0195,2026-01-02,returned,Online,Card
O03221,C0477,2025-11-21,completed,Online,Card
O03222,C0089,2025-11-07,completed,In-store,Cash
O03223,C0203,2026-03-23,completed,In-store,EFT
O03224,C0452,2025-10-28,completed,Online,Card
O03225,C0433,2026-05-23,completed,Online,Card
O03226,C0110,2026-05-03,cancelled,In-store,Card
O03227,C0405,2025-09-05,completed,In-store,Card
O03228,C0058,2026-07-25,completed,Online,Store credit
O03229,C0328,2025-10-18,completed,In-store,Card
O03230,C0335,2026-04-26,completed,In-store,Card
O03231,C0429,2026-01-07,completed,Online,SnapScan
O03232,C0383,2025-04-29,completed,In-store,EFT
O03233,C0371,2025-12-28,completed,In-store,Card
O03234,C0204,2026-06-02,completed,In-store,SnapScan
O03235,C0138,2025-02-06,completed,In-store,Store credit
O03236,C0377,2025-02-25,completed,In-store,Card
O03237,C0309,2025-05-23,completed,Online,Cash
O03238,C0200,2026-05-13,completed,Online,Cash
O03239,C0236,2025-04-29,returned,Online,Card
O03240,C0093,2025-04-14,completed,Online,Card
O03241,C0261,2026-04-12,completed,In-store,Card
O03242,C0492,2025-12-04,completed,In-store,Cash
O03243,C0094,2026-05-16,completed,In-store,Card
O03244,C0464,2025-03-15,completed,Online,Card
O03245,C0055,2025-01-31,completed,Online,Store credit
O03246,C0417,2025-10-23,completed,In-store,Card
O03247,C0465,2025-02-04,completed,In-store,EFT
O03248,C0392,2026-08-13,completed,In-store,Cash
O03249,C0288,2026-03-27,returned,Online,EFT
O03250,C0284,2025-07-10,completed,In-store,Card
O03251,C0279,2025-11-05,completed,In-store,SnapScan
O03252,C0333,2026-03-25,completed,In-store,EFT
O03253,C0295,2025-09-30,completed,Online,Card
O03254,C0008,2025-01-16,completed,Online,Card
O03255,C0064,2026-06-08,completed,In-store,Card
O03256,C0252,2026-05-08,completed,In-store,Card
O03257,C0036,2026-01-16,completed,Online,Card
O03258,C0358,2026-02-16,completed,In-store,Card
O03259,C0173,2025-08-14,completed,Online,Card
O03260,C0250,2026-05-20,completed,In-store,Card
O03261,C0067,2025-02-16,completed,In-store,Card
O03262,C0405,2025-11-25,completed,Online,Card
O03263,C0320,2025-05-03,completed,In-store,Store credit
O03264,C0051,2026-08-06,completed,In-store,Store credit
O03265,C0488,2026-04-03,cancelled,In-store,SnapScan
O03266,C0472,2026-01-14,returned,In-store,Card
O03267,C0306,2025-09-06,completed,In-store,Card
O03268,C0402,2025-10-06,returned,Online,Card
O03269,C0020,2025-01-24,completed,Online,Cash
O03270,C0152,2026-07-03,completed,Online,Card
O03271,C0069,2025-11-20,completed,In-store,EFT
O03272,C0055,2026-01-29,completed,In-store,Card
O03273,C0482,2025-01-23,completed,In-store,Cash
O03274,C0427,2025-04-14,completed,In-store,Cash
O03275,C0212,2026-06-07,completed,Online,Card
O03276,C0311,2025-07-04,completed,Online,Store credit
O03277,C0443,2026-03-31,completed,Online,SnapScan
O03278,C0368,2025-11-29,completed,In-store,Cash
O03279,C0157,2025-01-21,completed,In-store,Card
O03280,C0452,2025-06-08,completed,Online,SnapScan
O03281,C0293,2026-04-27,returned,Online,Card
O03282,C0438,2026-07-05,completed,Online,Cash
O03283,C0386,2025-02-28,completed,Online,Card
O03284,C0065,2025-12-17,completed,Online,Card
O03285,C0322,2026-01-19,completed,Online,SnapScan
O03286,C0140,2025-02-04,completed,Online,Cash
O03287,C0068,2026-01-15,completed,In-store,Card
O03288,C0354,2025-10-06,cancelled,Online,Cash
O03289,C0352,2026-04-06,completed,In-store,Card
O03290,C0485,2026-07-23,completed,Online,Store credit
O03291,C0210,2026-03-10,completed,Online,SnapScan
O03292,C0136,2026-07-08,completed,In-store,EFT
O03293,C0115,2026-05-05,completed,In-store,EFT
O03294,C0148,2026-08-01,cancelled,In-store,Card
O03295,C0272,2025-03-05,completed,Online,Card
O03296,C0423,2025-01-19,completed,In-store,Card
O03297,C0389,2025-10-13,completed,Online,Card
O03298,C0434,2025-11-04,completed,Online,Store credit
O03299,C0179,2025-04-09,cancelled,In-store,Card
O03300,C0031,2026-01-12,completed,Online,Card
O03301,C0475,2025-10-25,completed,In-store,Card
O03302,C0246,2025-09-05,completed,Online,SnapScan
O03303,C0092,2026-04-05,completed,Online,SnapScan
O03304,C0325,2025-11-09,completed,Online,Card
O03305,C0454,2025-09-04,completed,In-store,EFT
O03306,C0197,2025-03-27,completed,Online,Card
O03307,C0113,2025-03-18,completed,Online,Card
O03308,C0413,2025-04-15,completed,Online,SnapScan
O03309,C0093,2026-03-09,completed,Online,Card
O03310,C0463,2025-03-06,completed,Online,Card
O03311,C0116,2025-04-04,completed,Online,EFT
O03312,C0487,2026-04-07,completed,In-store,SnapScan
O03313,C0051,2025-10-24,completed,Online,Card
O03314,C0139,2026-03-13,returned,Online,Cash
O03315,C0175,2026-07-10,completed,In-store,Cash
O03316,C0156,2025-12-14,completed,In-store,Store credit
O03317,C0247,2026-02-20,completed,Online,Cash
O03318,C0077,2025-11-21,completed,Online,Card
O03319,C0449,2025-09-27,completed,In-store,Card
O03320,C0055,2026-06-15,completed,In-store,Card
O03321,C0285,2025-01-22,returned,In-store,EFT
O03322,C0024,2025-09-26,completed,Online,Cash
O03323,C0276,2025-03-04,completed,In-store,Card
O03324,C0486,2026-03-31,completed,Online,Card
O03325,C0276,2025-03-22,completed,Online,Card
O03326,C0242,2025-06-07,completed,Online,SnapScan
O03327,C0015,2026-05-22,completed,Online,Cash
O03328,C0243,2026-07-21,completed,Online,Store credit
O03329,C0472,2026-05-10,completed,Online,Card
O03330,C0424,2025-07-01,completed,Online,EFT
O03331,C0408,2025-06-04,completed,Online,Store credit
O03332,C0353,2025-02-25,completed,In-store,Card
O03333,C0322,2026-02-05,completed,In-store,Store credit
O03334,C0032,2026-06-29,completed,Online,Card
O03335,C0448,2025-06-22,completed,In-store,Card
O03336,C0173,2025-12-27,completed,Online,Card
O03337,C0383,2025-07-17,completed,In-store,Card
O03338,C0074,2025-03-04,completed,Online,Cash
O03339,C0314,2026-03-26,completed,In-store,SnapScan
O03340,C0027,2025-01-05,completed,Online,Card
O03341,C0405,2026-08-01,completed,Online,Card
O03342,C0333,2026-03-01,completed,Online,EFT
O03343,C0383,2026-07-22,completed,Online,Card
O03344,C0234,2026-03-12,completed,Online,Card
O03345,C0320,2026-07-13,returned,Online,Card
O03346,C0001,2026-07-09,completed,Online,Card
O03347,C0228,2025-06-17,completed,Online,Card
O03348,C0169,2025-06-10,completed,Online,SnapScan
O03349,C0107,2025-05-04,completed,In-store,Card
O03350,C0012,2025-01-04,completed,In-store,Card
O03351,C0310,2025-08-06,completed,In-store,Card
O03352,C0429,2025-07-27,completed,In-store,EFT
O03353,C0027,2026-01-11,completed,Online,Card
O03354,C0105,2026-05-04,completed,In-store,EFT
O03355,C0291,2025-08-16,completed,Online,Card
O03356,C0348,2025-07-19,completed,Online,SnapScan
O03357,C0390,2025-05-01,completed,In-store,EFT
O03358,C0066,2025-07-23,completed,Online,Cash
O03359,C0389,2025-09-03,completed,In-store,Card
O03360,C0079,2026-05-23,completed,Online,SnapScan
O03361,C0220,2026-06-12,completed,Online,Card
O03362,C0245,2026-06-03,completed,In-store,Card
O03363,C0397,2026-06-23,cancelled,Online,Card
O03364,C0051,2026-06-21,completed,Online,Card
O03365,C0259,2025-03-11,completed,Online,EFT
O03366,C0438,2026-06-01,completed,Online,Cash
O03367,C0190,2025-06-25,completed,Online,Card
O03368,C0112,2025-05-07,completed,Online,Card
O03369,C0466,2026-06-28,cancelled,In-store,Card
O03370,C0235,2025-05-19,completed,Online,Card
O03371,C0029,2025-11-24,completed,In-store,EFT
O03372,C0005,2025-08-05,completed,Online,Store credit
O03373,C0250,2026-07-08,returned,Online,EFT
O03374,C0497,2025-05-03,completed,In-store,Card
O03375,C0370,2025-09-16,completed,In-store,Card
O03376,C0210,2026-03-22,completed,Online,Cash
O03377,C0308,2026-05-13,completed,Online,Card
O03378,C0404,2026-03-09,completed,Online,Card
O03379,C0222,2025-01-25,completed,In-store,Card
O03380,C0120,2026-07-25,completed,Online,Card
O03381,C0342,2026-06-22,completed,Online,EFT
O03382,C0212,2026-03-18,cancelled,Online,Card
O03383,C0468,2025-11-16,completed,Online,Card
O03384,C0220,2026-02-27,completed,In-store,EFT
O03385,C0019,2026-08-04,returned,Online,Card
O03386,C0447,2025-11-27,returned,In-store,Card
O03387,C0438,2026-02-14,completed,In-store,Card
O03388,C0332,2025-11-19,completed,Online,EFT
O03389,C0081,2025-04-22,completed,Online,Cash
O03390,C0048,2025-08-07,completed,Online,EFT
O03391,C0235,2026-03-07,returned,Online,Card
O03392,C0469,2025-12-28,completed,Online,Card
O03393,C0294,2025-12-27,completed,In-store,EFT
O03394,C0379,2025-07-11,completed,In-store,EFT
O03395,C0374,2025-08-25,completed,In-store,EFT
O03396,C0469,2026-05-26,completed,In-store,Cash
O03397,C0326,2026-02-07,completed,In-store,Card
O03398,C0446,2025-03-18,completed,In-store,Card
O03399,C0292,2025-09-11,completed,In-store,Card
O03400,C0492,2026-04-27,cancelled,Online,Cash
O03401,C0271,2025-09-25,completed,In-store,Card
O03402,C0115,2025-10-21,completed,Online,Card
O03403,C0166,2026-04-06,completed,In-store,Cash
O03404,C0158,2025-06-05,completed,In-store,Card
O03405,C0112,2026-04-21,completed,Online,Card
O03406,C0485,2025-01-21,completed,In-store,Card
O03407,C0366,2025-07-27,completed,Online,Card
O03408,C0359,2025-07-15,completed,In-store,Cash
O03409,C0142,2025-10-02,completed,In-store,EFT
O03410,C0076,2025-01-19,completed,In-store,Card
O03411,C0229,2026-07-11,completed,In-store,Store credit
O03412,C0105,2025-03-14,cancelled,Online,Store credit
O03413,C0169,2026-01-28,completed,In-store,Card
O03414,C0073,2025-04-26,completed,In-store,SnapScan
O03415,C0395,2026-07-31,completed,In-store,EFT
O03416,C0448,2026-03-08,completed,In-store,Card
O03417,C0255,2025-10-21,completed,In-store,SnapScan
O03418,C0100,2025-04-01,completed,In-store,Card
O03419,C0337,2025-01-27,completed,Online,Card
O03420,C0415,2025-04-28,completed,In-store,EFT
O03421,C0104,2026-07-21,completed,In-store,Store credit
O03422,C0473,2025-08-23,completed,Online,Card
O03423,C0465,2025-05-02,completed,In-store,Card
O03424,C0425,2026-01-18,completed,In-store,Card
O03425,C0408,2025-01-10,cancelled,In-store,Card
O03426,C0001,2025-07-09,completed,Online,Card
O03427,C0099,2025-05-23,completed,Online,Store credit
O03428,C0167,2025-01-22,completed,In-store,Card
O03429,C0360,2025-07-10,completed,In-store,EFT
O03430,C0007,2025-11-26,completed,Online,EFT
O03431,C0457,2026-03-04,completed,Online,Store credit
O03432,C0028,2025-08-14,completed,In-store,Card
O03433,C0104,2025-04-17,completed,In-store,Card
O03434,C0139,2026-03-07,completed,In-store,Card
O03435,C0261,2026-06-01,completed,In-store,Card
O03436,C0130,2026-05-30,completed,In-store,Card
O03437,C0100,2025-08-10,completed,In-store,SnapScan
O03438,C0268,2025-03-09,completed,Online,Cash
O03439,C0481,2025-05-02,completed,Online,Card
O03440,C0415,2025-08-10,completed,Online,EFT
O03441,C0313,2025-03-06,completed,Online,Card
O03442,C0305,2025-02-19,completed,In-store,Card
O03443,C0169,2025-04-11,completed,Online,Card
O03444,C0038,2025-06-14,completed,In-store,EFT
O03445,C0348,2025-02-21,completed,In-store,EFT
O03446,C0078,2025-10-12,completed,Online,Cash
O03447,C0348,2025-01-12,completed,In-store,Card
O03448,C0043,2026-01-10,completed,In-store,Cash
O03449,C0092,2025-06-05,completed,In-store,EFT
O03450,C0443,2026-06-03,returned,Online,Card
O03451,C0319,2025-05-18,cancelled,Online,SnapScan
O03452,C0260,2025-06-26,completed,In-store,Card
O03453,C0404,2025-07-06,completed,Online,Card
O03454,C0399,2025-04-13,completed,Online,Store credit
O03455,C0189,2025-09-12,completed,In-store,Card
O03456,C0237,2025-11-24,completed,Online,Store credit
O03457,C0050,2025-07-29,completed,In-store,Card
O03458,C0192,2025-01-20,completed,In-store,Cash
O03459,C0458,2025-11-09,completed,In-store,Card
O03460,C0384,2026-04-08,completed,Online,SnapScan
O03461,C0189,2025-12-27,completed,Online,Card
O03462,C0192,2025-01-21,completed,Online,Cash
O03463,C0425,2025-10-20,returned,Online,Store credit
O03464,C0242,2025-01-09,completed,In-store,EFT
O03465,C0200,2025-12-05,completed,In-store,SnapScan
O03466,C0197,2025-06-08,returned,Online,EFT
O03467,C0198,2025-05-05,completed,Online,Card
O03468,C0039,2025-02-07,returned,In-store,EFT
O03469,C0375,2026-01-22,completed,In-store,Card
O03470,C0030,2025-09-09,completed,Online,Card
O03471,C0213,2025-06-30,completed,Online,EFT
O03472,C0407,2025-01-02,completed,In-store,Cash
O03473,C0382,2025-06-28,returned,Online,Card
O03474,C0171,2026-07-26,completed,Online,SnapScan
O03475,C0102,2025-06-27,completed,In-store,SnapScan
O03476,C0358,2025-09-04,completed,In-store,Card
O03477,C0047,2025-08-22,completed,Online,Card
O03478,C0069,2025-03-15,completed,Online,SnapScan
O03479,C0253,2025-11-19,completed,In-store,EFT
O03480,C0444,2026-04-10,completed,Online,EFT
O03481,C0036,2026-04-16,completed,In-store,SnapScan
O03482,C0100,2026-07-11,completed,Online,EFT
O03483,C0361,2025-08-30,completed,Online,Card
O03484,C0145,2026-01-09,completed,In-store,Store credit
O03485,C0180,2025-08-23,completed,Online,Card
O03486,C0341,2025-03-18,completed,In-store,Card
O03487,C0104,2025-02-26,completed,In-store,Cash
O03488,C0213,2025-12-12,completed,Online,Card
O03489,C0302,2025-11-24,completed,Online,SnapScan
O03490,C0185,2025-02-14,completed,Online,Card
O03491,C0325,2026-01-15,completed,Online,SnapScan
O03492,C0391,2025-01-22,completed,Online,Card
O03493,C0471,2025-06-15,completed,In-store,Card
O03494,C0201,2025-06-13,completed,In-store,Cash
O03495,C0381,2026-07-26,completed,In-store,SnapScan
O03496,C0497,2026-07-24,cancelled,Online,Card
O03497,C0386,2025-10-30,completed,Online,Card
O03498,C0493,2025-02-22,completed,In-store,Cash
O03499,C0020,2025-01-26,completed,In-store,Card
O03500,C0341,2025-11-01,completed,Online,Card
O03501,C0086,2025-06-27,completed,Online,Cash
O03502,C0231,2026-03-08,completed,Online,Card
O03503,C0127,2026-04-05,completed,Online,EFT
O03504,C0208,2025-04-16,completed,In-store,SnapScan
O03505,C0429,2026-05-07,completed,Online,SnapScan
O03506,C0472,2025-12-28,completed,In-store,Store credit
O03507,C0392,2025-04-20,completed,Online,Cash
O03508,C0481,2026-07-09,completed,Online,EFT
O03509,C0272,2025-07-30,completed,In-store,Cash
O03510,C0288,2026-06-24,completed,Online,Card
O03511,C0377,2025-01-18,completed,In-store,Cash
O03512,C0179,2025-10-12,completed,Online,Store credit
O03513,C0254,2026-03-11,completed,In-store,Card
O03514,C0085,2026-05-03,completed,In-store,Store credit
O03515,C0168,2026-02-23,completed,Online,SnapScan
O03516,C0098,2025-01-22,completed,Online,EFT
O03517,C0281,2025-03-29,completed,In-store,Card
O03518,C0004,2025-06-13,completed,Online,Card
O03519,C0112,2025-03-19,completed,Online,Card
O03520,C0384,2026-07-30,completed,Online,Card
O03521,C0144,2025-11-28,completed,Online,Card
O03522,C0327,2025-01-20,completed,In-store,EFT
O03523,C0260,2025-04-17,completed,In-store,Card
O03524,C0318,2025-02-08,completed,In-store,Card
O03525,C0223,2025-07-26,completed,In-store,EFT
O03526,C0382,2025-01-08,completed,Online,Card
O03527,C0372,2026-05-04,completed,In-store,Card
O03528,C0400,2026-07-26,completed,Online,Card
O03529,C0128,2025-02-04,returned,Online,Card
O03530,C0160,2025-03-16,returned,Online,EFT
O03531,C0008,2026-04-29,completed,In-store,EFT
O03532,C0275,2025-03-18,completed,Online,Card
O03533,C0398,2026-07-24,completed,In-store,SnapScan
O03534,C0125,2025-06-28,completed,Online,Card
O03535,C0404,2025-06-13,completed,Online,EFT
O03536,C0142,2025-03-21,completed,In-store,Store credit
O03537,C0443,2025-06-12,completed,In-store,SnapScan
O03538,C0096,2025-08-08,completed,Online,Store credit
O03539,C0411,2025-05-14,completed,Online,Card
O03540,C0209,2026-07-25,completed,In-store,Card
O03541,C0346,2025-09-10,completed,In-store,Card
O03542,C0313,2025-10-11,cancelled,Online,Card
O03543,C0463,2025-06-20,completed,In-store,Store credit
O03544,C0094,2025-12-26,completed,In-store,Card
O03545,C0083,2025-10-26,completed,In-store,Card
O03546,C0164,2025-05-04,completed,Online,Cash
O03547,C0106,2025-07-31,completed,Online,EFT
O03548,C0093,2026-01-03,returned,Online,Store credit
O03549,C0267,2026-01-23,completed,Online,Card
O03550,C0402,2025-12-16,completed,Online,Card
O03551,C0004,2025-01-30,completed,In-store,Cash
O03552,C0041,2026-03-28,completed,Online,EFT
O03553,C0303,2025-04-04,completed,Online,Card
O03554,C0186,2025-09-27,completed,Online,EFT
O03555,C0121,2026-06-22,completed,In-store,Card
O03556,C0480,2025-04-29,completed,In-store,Card
O03557,C0215,2025-08-17,returned,Online,Card
O03558,C0124,2026-04-06,completed,In-store,Card
O03559,C0036,2025-06-17,completed,Online,Store credit
O03560,C0176,2026-02-15,completed,In-store,SnapScan
O03561,C0500,2025-07-22,completed,Online,EFT
O03562,C0249,2026-04-12,completed,Online,Card
O03563,C0068,2025-10-05,completed,Online,Card
O03564,C0232,2025-05-02,completed,Online,EFT
O03565,C0320,2025-10-12,returned,Online,Store credit
O03566,C0199,2026-02-01,completed,In-store,EFT
O03567,C0277,2025-09-03,completed,Online,SnapScan
O03568,C0028,2026-04-09,completed,Online,Card
O03569,C0130,2026-04-17,completed,Online,Card
O03570,C0280,2025-06-22,cancelled,In-store,Card
O03571,C0059,2025-01-20,completed,In-store,EFT
O03572,C0345,2025-08-09,completed,In-store,Card
O03573,C0245,2025-11-08,completed,In-store,Card
O03574,C0201,2025-08-01,completed,Online,Card
O03575,C0315,2026-06-13,completed,Online,Card
O03576,C0399,2025-11-17,completed,In-store,SnapScan
O03577,C0359,2025-06-30,completed,In-store,Cash
O03578,C0182,2026-02-13,completed,In-store,EFT
O03579,C0097,2025-04-02,completed,Online,SnapScan
O03580,C0161,2026-04-13,completed,In-store,EFT
O03581,C0048,2025-06-28,completed,In-store,SnapScan
O03582,C0283,2025-10-02,completed,Online,Card
O03583,C0484,2025-06-29,completed,In-store,Cash
O03584,C0250,2025-09-09,completed,In-store,Card
O03585,C0359,2026-01-06,completed,In-store,Card
O03586,C0346,2025-06-27,completed,Online,Card
O03587,C0109,2025-12-14,completed,In-store,Card
O03588,C0255,2026-06-08,completed,In-store,SnapScan
O03589,C0377,2025-11-21,completed,Online,Store credit
O03590,C0180,2025-03-21,completed,Online,Card
O03591,C0328,2026-03-27,completed,Online,Card
O03592,C0495,2025-09-14,completed,In-store,Card
O03593,C0300,2025-06-18,completed,In-store,Card
O03594,C0351,2025-07-13,completed,In-store,Card
O03595,C0082,2026-02-02,completed,In-store,EFT
O03596,C0408,2025-12-20,completed,In-store,Cash
O03597,C0261,2025-12-28,completed,Online,Card
O03598,C0102,2025-01-13,completed,Online,EFT
O03599,C0393,2026-06-20,completed,In-store,EFT
O03600,C0383,2026-01-22,completed,Online,Card
O03601,C0260,2026-04-03,completed,Online,Card
O03602,C0458,2025-02-18,completed,In-store,Card
O03603,C0129,2026-05-07,cancelled,Online,Card
O03604,C0007,2026-05-05,completed,Online,Card
O03605,C0037,2026-02-09,completed,In-store,Store credit
O03606,C0356,2026-08-10,completed,Online,Card
O03607,C0351,2025-07-17,completed,Online,SnapScan
O03608,C0082,2026-08-06,returned,Online,Store credit
O03609,C0138,2025-08-04,returned,Online,Card
O03610,C0109,2025-05-14,completed,Online,Cash
O03611,C0025,2026-02-07,completed,Online,EFT
O03612,C0061,2025-02-10,completed,Online,EFT
O03613,C0336,2025-04-08,completed,In-store,SnapScan
O03614,C0190,2026-04-11,completed,Online,Card
O03615,C0373,2025-11-24,completed,In-store,SnapScan
O03616,C0023,2026-07-05,completed,Online,Card
O03617,C0279,2025-06-28,completed,Online,Card
O03618,C0173,2025-09-26,completed,Online,SnapScan
O03619,C0042,2025-04-17,completed,In-store,Cash
O03620,C0491,2025-06-29,cancelled,In-store,EFT
O03621,C0366,2026-03-16,completed,Online,Card
O03622,C0119,2025-03-03,completed,Online,Cash
O03623,C0055,2025-01-01,completed,In-store,Store credit
O03624,C0104,2026-04-08,completed,Online,SnapScan
O03625,C0160,2026-03-14,completed,Online,EFT
O03626,C0228,2026-01-24,completed,In-store,EFT
O03627,C0198,2025-02-04,completed,Online,EFT
O03628,C0136,2025-01-18,completed,Online,EFT
O03629,C0180,2025-04-10,completed,In-store,SnapScan
O03630,C0173,2026-03-05,completed,Online,EFT
O03631,C0397,2025-10-26,completed,Online,SnapScan
O03632,C0374,2026-02-23,completed,In-store,SnapScan
O03633,C0328,2026-06-19,completed,In-store,Card
O03634,C0256,2026-03-30,completed,In-store,Store credit
O03635,C0134,2025-04-07,completed,Online,Card
O03636,C0374,2025-11-06,completed,In-store,EFT
O03637,C0270,2025-06-08,completed,Online,Cash
O03638,C0344,2026-07-28,returned,Online,Card
O03639,C0500,2025-09-16,completed,In-store,Card
O03640,C0391,2025-04-28,completed,Online,Card
O03641,C0074,2026-07-21,completed,Online,Card
O03642,C0270,2025-02-14,completed,Online,EFT
O03643,C0254,2026-07-03,completed,Online,EFT
O03644,C0278,2026-07-04,completed,In-store,EFT
O03645,C0297,2025-04-22,completed,Online,EFT
O03646,C0260,2025-08-29,returned,Online,Card
O03647,C0251,2025-04-18,returned,Online,Card
O03648,C0231,2025-10-16,completed,In-store,Store credit
O03649,C0407,2026-07-05,completed,Online,EFT
O03650,C0317,2026-02-03,completed,In-store,Card
O03651,C0285,2026-04-09,cancelled,Online,Store credit
O03652,C0212,2025-02-14,cancelled,In-store,Card
O03653,C0001,2025-01-01,completed,Online,EFT
O03654,C0322,2025-06-08,completed,In-store,Card
O03655,C0086,2025-07-29,completed,In-store,Card
O03656,C0500,2026-07-29,completed,Online,SnapScan
O03657,C0340,2026-07-27,completed,Online,SnapScan
O03658,C0287,2026-07-08,completed,In-store,EFT
O03659,C0397,2025-08-24,returned,Online,Cash
O03660,C0336,2025-08-09,completed,In-store,Card
O03661,C0285,2026-05-15,completed,Online,EFT
O03662,C0440,2025-11-01,completed,Online,EFT
O03663,C0050,2025-10-09,completed,Online,EFT
O03664,C0132,2025-02-13,completed,In-store,Card
O03665,C0277,2025-01-23,cancelled,Online,Card
O03666,C0183,2026-04-13,completed,Online,Cash
O03667,C0165,2026-04-03,completed,Online,Cash
O03668,C0389,2026-01-18,completed,Online,Card
O03669,C0335,2026-07-30,completed,In-store,Card
O03670,C0350,2025-10-20,completed,In-store,Card
O03671,C0415,2026-04-30,completed,In-store,Cash
O03672,C0171,2026-03-27,completed,Online,Card
O03673,C0158,2025-03-24,completed,In-store,Cash
O03674,C0400,2026-08-01,completed,Online,Card
O03675,C0212,2026-07-25,completed,Online,EFT
O03676,C0496,2026-05-28,completed,Online,Card
O03677,C0435,2025-09-13,completed,Online,Card
O03678,C0147,2025-10-22,completed,Online,Card
O03679,C0021,2026-03-14,completed,Online,Card
O03680,C0102,2026-07-02,completed,In-store,Card
O03681,C0127,2025-06-05,completed,In-store,EFT
O03682,C0151,2025-07-18,completed,In-store,EFT
O03683,C0326,2025-11-10,completed,In-store,EFT
O03684,C0378,2025-04-03,completed,Online,Card
O03685,C0405,2026-03-01,completed,Online,Card
O03686,C0215,2025-01-21,completed,In-store,Card
O03687,C0173,2026-01-12,completed,In-store,Card
O03688,C0018,2026-05-23,completed,Online,Card
O03689,C0104,2025-06-30,completed,In-store,Card
O03690,C0092,2026-04-22,completed,Online,Card
O03691,C0463,2025-02-04,completed,In-store,Card
O03692,C0141,2025-08-01,completed,In-store,Card
O03693,C0207,2025-07-03,completed,Online,Store credit
O03694,C0370,2025-04-01,completed,In-store,SnapScan
O03695,C0027,2025-05-26,completed,In-store,Card
O03696,C0412,2025-08-31,completed,Online,Card
O03697,C0188,2026-06-28,returned,Online,Card
O03698,C0407,2025-08-19,completed,Online,Card
O03699,C0395,2025-06-07,completed,In-store,EFT
O03700,C0423,2025-07-27,returned,Online,EFT
O03701,C0453,2026-01-15,completed,Online,Card
O03702,C0305,2025-02-09,completed,Online,Store credit
O03703,C0032,2026-02-13,completed,Online,Card
O03704,C0434,2025-04-14,completed,Online,SnapScan
O03705,C0047,2025-11-05,completed,Online,Cash
O03706,C0470,2025-05-04,completed,In-store,Card
O03707,C0378,2025-06-09,completed,Online,Card
O03708,C0088,2026-07-12,completed,Online,EFT
O03709,C0120,2025-12-10,completed,Online,Card
O03710,C0141,2026-02-22,completed,In-store,Card
O03711,C0002,2026-07-20,completed,In-store,Card
O03712,C0029,2025-05-12,completed,Online,Card
O03713,C0280,2026-08-09,completed,Online,Card
O03714,C0086,2025-06-13,completed,In-store,Store credit
O03715,C0308,2025-01-29,completed,Online,Card
O03716,C0143,2025-11-03,completed,In-store,Card
O03717,C0081,2025-07-13,completed,In-store,Card
O03718,C0416,2025-08-28,completed,Online,Card
O03719,C0095,2025-12-20,completed,Online,SnapScan
O03720,C0224,2025-11-07,completed,In-store,Card
O03721,C0489,2026-01-25,completed,Online,EFT
O03722,C0433,2025-01-01,completed,Online,Card
O03723,C0385,2026-01-12,completed,Online,EFT
O03724,C0103,2026-03-11,completed,Online,Card
O03725,C0035,2025-10-30,cancelled,Online,Card
O03726,C0312,2025-03-08,completed,In-store,Card
O03727,C0187,2025-09-04,completed,In-store,SnapScan
O03728,C0206,2025-10-10,completed,Online,EFT
O03729,C0149,2025-10-16,completed,Online,Store credit
O03730,C0236,2026-06-21,completed,Online,Card
O03731,C0149,2026-06-21,completed,Online,EFT
O03732,C0247,2025-11-11,completed,Online,Card
O03733,C0032,2026-03-26,completed,Online,Card
O03734,C0029,2025-09-29,completed,Online,Card
O03735,C0005,2025-08-11,completed,In-store,Card
O03736,C0332,2025-04-29,completed,Online,Card
O03737,C0199,2025-04-28,completed,Online,Card
O03738,C0054,2026-03-08,cancelled,Online,Card
O03739,C0255,2025-07-24,completed,Online,Card
O03740,C0157,2025-11-25,completed,Online,Card
O03741,C0417,2025-08-29,completed,Online,Card
O03742,C0442,2026-04-08,returned,Online,SnapScan
O03743,C0461,2025-11-10,completed,In-store,Cash
O03744,C0219,2025-09-24,completed,Online,EFT
O03745,C0036,2025-06-25,completed,In-store,EFT
O03746,C0120,2026-01-30,completed,Online,Card
O03747,C0313,2025-08-17,completed,Online,EFT
O03748,C0198,2025-03-27,completed,Online,Card
O03749,C0376,2025-04-30,completed,Online,Cash
O03750,C0057,2025-03-31,completed,Online,Card
O03751,C0388,2026-02-26,completed,Online,Card
O03752,C0005,2025-12-15,completed,Online,Card
O03753,C0303,2026-06-02,completed,Online,Store credit
O03754,C0040,2026-08-11,completed,In-store,Cash
O03755,C0007,2025-07-04,completed,In-store,EFT
O03756,C0008,2025-08-31,completed,In-store,Card
O03757,C0223,2026-03-26,completed,Online,EFT
O03758,C0448,2025-04-18,completed,Online,EFT
O03759,C0287,2026-02-08,completed,Online,EFT
O03760,C0436,2026-01-04,completed,Online,Card
O03761,C0128,2025-09-22,completed,In-store,Card
O03762,C0088,2025-02-28,completed,Online,Cash
O03763,C0060,2025-01-04,completed,Online,Cash
O03764,C0013,2026-08-14,completed,Online,EFT
O03765,C0307,2025-02-19,completed,In-store,Card
O03766,C0239,2026-03-31,completed,Online,Card
O03767,C0073,2025-04-04,completed,In-store,Card
O03768,C0231,2025-10-09,completed,In-store,Store credit
O03769,C0156,2025-11-07,completed,In-store,EFT
O03770,C0399,2026-04-25,completed,Online,SnapScan
O03771,C0294,2025-01-17,completed,Online,EFT
O03772,C0338,2025-03-22,completed,In-store,Cash
O03773,C0421,2026-06-20,returned,Online,Card
O03774,C0319,2026-04-02,completed,Online,Card
O03775,C0360,2025-02-12,completed,Online,Card
O03776,C0100,2026-06-24,completed,Online,Card
O03777,C0094,2026-07-24,completed,Online,Card
O03778,C0362,2026-06-24,completed,Online,Store credit
O03779,C0411,2025-08-20,returned,Online,Store credit
O03780,C0287,2026-06-18,completed,In-store,SnapScan
O03781,C0024,2025-07-24,completed,In-store,Card
O03782,C0018,2025-11-25,completed,Online,Cash
O03783,C0200,2025-03-11,completed,In-store,Card
O03784,C0223,2025-08-18,completed,Online,Card
O03785,C0408,2025-06-10,cancelled,Online,Card
O03786,C0357,2026-04-06,completed,In-store,Card
O03787,C0201,2025-01-31,completed,In-store,SnapScan
O03788,C0168,2026-02-27,completed,In-store,Cash
O03789,C0243,2026-05-05,completed,Online,Card
O03790,C0059,2025-07-17,completed,In-store,Card
O03791,C0417,2026-03-18,cancelled,Online,Card
O03792,C0423,2025-09-22,completed,In-store,EFT
O03793,C0018,2025-12-06,completed,In-store,Card
O03794,C0311,2025-06-18,completed,Online,Cash
O03795,C0181,2026-06-15,completed,In-store,EFT
O03796,C0353,2026-04-23,completed,Online,Card
O03797,C0316,2025-09-23,completed,Online,Card
O03798,C0103,2025-09-19,returned,Online,Card
O03799,C0282,2026-04-13,completed,In-store,EFT
O03800,C0081,2025-03-08,completed,Online,Store credit
O03801,C0432,2025-05-01,completed,Online,SnapScan
O03802,C0204,2026-07-13,completed,In-store,SnapScan
O03803,C0292,2025-07-05,completed,Online,EFT
O03804,C0293,2026-01-03,completed,Online,Card
O03805,C0078,2026-05-30,completed,In-store,SnapScan
O03806,C0129,2025-12-16,cancelled,Online,Cash
O03807,C0228,2025-04-05,completed,In-store,Card
O03808,C0342,2025-07-22,completed,Online,Card
O03809,C0115,2026-01-05,completed,In-store,SnapScan
O03810,C0358,2026-02-18,completed,In-store,EFT
O03811,C0388,2026-04-05,completed,Online,SnapScan
O03812,C0022,2025-03-10,completed,In-store,Card
O03813,C0403,2026-02-10,completed,In-store,Card
O03814,C0260,2025-04-30,completed,Online,Store credit
O03815,C0298,2025-10-29,completed,In-store,Card
O03816,C0109,2025-12-16,completed,Online,Cash
O03817,C0061,2025-04-07,completed,Online,Card
O03818,C0400,2026-01-12,completed,In-store,Card
O03819,C0371,2026-02-02,completed,In-store,Card
O03820,C0041,2025-07-25,completed,In-store,Card
O03821,C0137,2026-08-12,completed,In-store,EFT
O03822,C0454,2025-02-18,completed,Online,Card
O03823,C0066,2025-01-19,returned,In-store,Store credit
O03824,C0292,2025-01-28,completed,In-store,Card
O03825,C0320,2026-01-30,completed,In-store,Card
O03826,C0101,2025-12-09,completed,In-store,Card
O03827,C0475,2025-11-12,cancelled,Online,Cash
O03828,C0283,2025-12-05,cancelled,Online,Card
O03829,C0231,2025-10-24,completed,In-store,EFT
O03830,C0330,2025-03-17,completed,In-store,Card
O03831,C0185,2025-06-08,completed,Online,Cash
O03832,C0134,2025-05-28,completed,Online,SnapScan
O03833,C0264,2025-07-24,completed,In-store,EFT
O03834,C0385,2025-03-26,completed,Online,EFT
O03835,C0486,2026-07-19,completed,Online,Store credit
O03836,C0037,2026-07-21,completed,In-store,SnapScan
O03837,C0264,2026-01-02,completed,In-store,SnapScan
O03838,C0168,2025-09-12,completed,Online,Card
O03839,C0080,2026-08-01,completed,Online,Cash
O03840,C0075,2025-09-19,completed,In-store,Card
O03841,C0129,2025-02-08,completed,In-store,Store credit
O03842,C0199,2026-02-27,cancelled,In-store,Card
O03843,C0196,2025-12-12,completed,Online,Card
O03844,C0099,2026-02-02,completed,Online,Card
O03845,C0384,2026-05-14,completed,In-store,Card
O03846,C0224,2026-07-11,completed,Online,Store credit
O03847,C0063,2025-02-21,completed,Online,Card
O03848,C0405,2026-01-12,completed,Online,Card
O03849,C0283,2025-11-09,completed,Online,EFT
O03850,C0457,2025-06-08,completed,In-store,Card
O03851,C0125,2025-09-27,completed,Online,Card
O03852,C0195,2025-05-21,completed,Online,Card
O03853,C0095,2025-03-27,completed,Online,Card
O03854,C0495,2026-05-01,completed,In-store,Card
O03855,C0266,2026-04-06,completed,Online,EFT
O03856,C0008,2026-04-04,completed,In-store,EFT
O03857,C0098,2025-08-11,completed,Online,Store credit
O03858,C0161,2025-02-18,completed,In-store,EFT
O03859,C0404,2026-05-11,completed,In-store,SnapScan
O03860,C0121,2025-05-22,completed,In-store,SnapScan
O03861,C0039,2026-03-18,cancelled,In-store,EFT
O03862,C0059,2025-04-25,completed,Online,SnapScan
O03863,C0253,2026-07-13,returned,Online,EFT
O03864,C0092,2025-11-06,completed,In-store,Card
O03865,C0237,2026-07-19,completed,In-store,Card
O03866,C0500,2026-05-25,completed,In-store,Card
O03867,C0309,2025-09-19,completed,Online,Card
O03868,C0204,2026-04-15,completed,Online,Card
O03869,C0331,2025-08-14,completed,Online,Card
O03870,C0065,2026-04-19,completed,In-store,Card
O03871,C0168,2025-10-19,completed,Online,Card
O03872,C0236,2025-03-04,completed,Online,Card
O03873,C0011,2025-03-14,completed,Online,Store credit
O03874,C0090,2025-04-22,completed,In-store,EFT
O03875,C0176,2025-06-16,completed,In-store,Card
O03876,C0473,2026-02-18,completed,Online,Cash
O03877,C0070,2025-06-07,completed,Online,Card
O03878,C0235,2025-06-15,completed,Online,Card
O03879,C0029,2026-08-11,completed,Online,Card
O03880,C0376,2025-01-02,completed,Online,Card
O03881,C0140,2025-12-26,completed,In-store,Card
O03882,C0347,2025-06-24,completed,In-store,Card
O03883,C0429,2026-01-07,completed,In-store,Card
O03884,C0456,2026-08-14,completed,Online,Card
O03885,C0461,2025-07-02,completed,Online,Card
O03886,C0234,2026-04-14,completed,Online,Card
O03887,C0277,2026-02-12,completed,Online,Card
O03888,C0413,2025-07-31,completed,Online,EFT
O03889,C0172,2025-02-15,completed,In-store,SnapScan
O03890,C0282,2026-02-13,completed,Online,Card
O03891,C0381,2026-01-11,completed,Online,Card
O03892,C0453,2025-11-01,completed,Online,Cash
O03893,C0188,2025-09-27,completed,In-store,Card
O03894,C0212,2025-06-22,completed,Online,Card
O03895,C0304,2025-02-02,returned,Online,Card
O03896,C0037,2025-04-29,completed,Online,Card
O03897,C0496,2025-03-21,completed,Online,Card
O03898,C0132,2025-03-14,completed,Online,Cash
O03899,C0224,2026-03-20,completed,In-store,Card
O03900,C0208,2026-01-27,completed,Online,Store credit
O03901,C0249,2026-01-09,completed,Online,Card
O03902,C0073,2025-04-25,completed,Online,Card
O03903,C0351,2026-02-22,cancelled,In-store,EFT
O03904,C0482,2026-02-09,completed,In-store,Card
O03905,C0409,2026-06-12,completed,In-store,Cash
O03906,C0410,2026-06-03,completed,Online,EFT
O03907,C0138,2025-11-06,completed,Online,EFT
O03908,C0361,2026-05-11,completed,In-store,Card
O03909,C0398,2025-04-09,completed,In-store,Card
O03910,C0089,2025-10-31,completed,In-store,Cash
O03911,C0487,2025-12-16,completed,Online,EFT
O03912,C0500,2025-04-06,completed,Online,Cash
O03913,C0135,2026-02-14,completed,Online,Card
O03914,C0440,2026-06-05,completed,In-store,Card
O03915,C0318,2025-03-19,returned,In-store,Store credit
O03916,C0071,2025-07-22,completed,In-store,EFT
O03917,C0138,2025-07-21,completed,Online,Card
O03918,C0363,2025-10-07,completed,Online,Cash
O03919,C0343,2026-08-14,completed,Online,Card
O03920,C0303,2026-01-10,completed,In-store,Card
O03921,C0490,2025-11-27,completed,In-store,SnapScan
O03922,C0322,2025-03-29,completed,In-store,Cash
O03923,C0155,2025-04-21,completed,Online,EFT
O03924,C0069,2026-08-07,returned,In-store,SnapScan
O03925,C0156,2025-12-21,completed,Online,Store credit
O03926,C0103,2025-08-11,returned,In-store,Card
O03927,C0042,2026-03-18,completed,In-store,Card
O03928,C0343,2025-08-31,completed,Online,Card
O03929,C0438,2026-01-19,cancelled,In-store,Card
O03930,C0395,2026-04-07,completed,In-store,Card
O03931,C0087,2025-07-20,completed,In-store,Card
O03932,C0232,2025-11-18,returned,Online,Card
O03933,C0223,2025-04-25,completed,Online,Cash
O03934,C0420,2025-02-28,completed,Online,Card
O03935,C0060,2025-08-04,completed,In-store,Card
O03936,C0311,2026-04-20,completed,Online,Card
O03937,C0076,2025-05-26,completed,In-store,Store credit
O03938,C0258,2026-05-25,completed,Online,Card
O03939,C0414,2025-02-18,completed,In-store,EFT
O03940,C0294,2026-04-18,completed,Online,Card
O03941,C0460,2026-08-03,completed,Online,Cash
O03942,C0017,2026-02-16,completed,Online,Card
O03943,C0012,2026-01-14,completed,In-store,Card
O03944,C0410,2025-08-26,completed,Online,Store credit
O03945,C0051,2025-10-17,completed,Online,SnapScan
O03946,C0140,2025-05-02,completed,Online,Card
O03947,C0422,2025-11-22,completed,In-store,Card
O03948,C0346,2026-04-02,completed,In-store,SnapScan
O03949,C0145,2025-10-18,completed,Online,Card
O03950,C0022,2025-08-01,completed,In-store,SnapScan
O03951,C0395,2025-09-18,completed,In-store,SnapScan
O03952,C0448,2025-10-25,returned,Online,Card
O03953,C0022,2026-04-10,completed,In-store,Card
O03954,C0267,2025-04-27,completed,In-store,Cash
O03955,C0296,2026-05-07,returned,In-store,Card
O03956,C0311,2025-07-13,completed,In-store,Card
O03957,C0360,2026-02-06,completed,In-store,EFT
O03958,C0116,2025-03-14,completed,Online,Card
O03959,C0098,2026-01-09,completed,Online,Cash
O03960,C0247,2025-08-20,completed,In-store,Card
O03961,C0152,2026-07-08,completed,In-store,EFT
O03962,C0281,2025-12-20,completed,Online,Card
O03963,C0354,2026-07-17,completed,Online,Store credit
O03964,C0069,2025-12-19,completed,In-store,Store credit
O03965,C0371,2025-02-23,completed,Online,Card
O03966,C0233,2025-06-26,completed,In-store,Card
O03967,C0093,2025-06-12,completed,Online,Card
O03968,C0456,2025-12-22,completed,In-store,Store credit
O03969,C0153,2026-05-26,completed,Online,Card
O03970,C0220,2025-11-16,completed,In-store,Cash
O03971,C0061,2026-07-29,completed,Online,Cash
O03972,C0035,2025-04-12,completed,In-store,Card
O03973,C0159,2025-06-19,completed,Online,EFT
O03974,C0004,2026-02-04,completed,In-store,SnapScan
O03975,C0214,2025-05-26,completed,Online,Cash
O03976,C0393,2025-08-18,completed,Online,SnapScan
O03977,C0166,2025-04-09,completed,Online,Card
O03978,C0169,2025-10-10,completed,In-store,EFT
O03979,C0151,2026-08-08,completed,In-store,EFT
O03980,C0243,2025-11-26,cancelled,In-store,Card
O03981,C0041,2025-10-22,completed,Online,Card
O03982,C0435,2025-04-15,completed,Online,EFT
O03983,C0252,2026-01-11,completed,Online,Cash
O03984,C0322,2026-02-21,completed,In-store,Cash
O03985,C0455,2025-05-04,completed,In-store,Card
O03986,C0440,2026-02-16,completed,In-store,EFT
O03987,C0278,2025-09-26,completed,In-store,Card
O03988,C0355,2026-02-24,completed,In-store,Cash
O03989,C0345,2025-09-15,completed,Online,Card
O03990,C0417,2025-03-20,completed,Online,EFT
O03991,C0134,2025-07-19,completed,In-store,EFT
O03992,C0356,2025-10-03,completed,Online,SnapScan
O03993,C0353,2025-03-31,completed,Online,SnapScan
O03994,C0464,2026-03-29,completed,Online,SnapScan
O03995,C0214,2025-09-03,completed,Online,SnapScan
O03996,C0378,2025-02-21,completed,In-store,Card
O03997,C0367,2025-09-02,completed,Online,Card
O03998,C0343,2025-12-15,completed,Online,SnapScan
O03999,C0277,2025-08-17,completed,In-store,Card
O04000,C0243,2026-08-11,completed,In-store,EFT
