order_item_id,order_id,product_id,quantity,unit_price_zar,discount_zar
I000001,O00001,P013,1,549.00,0.00
I000002,O00002,P008,1,79.99,8.00
I000003,O00002,P012,2,899.00,89.90
I000004,O00003,P024,2,649.00,0.00
I000005,O00004,P012,1,899.00,0.00
I000006,O00004,P009,1,1299.00,129.90
I000007,O00005,P025,5,299.00,0.00
I000008,O00006,P006,1,42.99,2.15
I000009,O00006,P015,1,6499.00,0.00
I000010,O00007,P033,1,250.00,0.00
I000011,O00007,P035,2,1000.00,0.00
I000012,O00007,P003,2,129.99,0.00
I000013,O00008,P003,1,129.99,0.00
I000014,O00009,P023,3,379.00,0.00
I000015,O00010,P023,1,379.00,0.00
I000016,O00010,P011,1,12999.00,649.95
I000017,O00010,P019,1,399.00,79.80
I000018,O00011,P018,3,1199.00,0.00
I000019,O00012,P026,1,249.00,0.00
I000020,O00012,P018,2,1199.00,0.00
I000021,O00012,P005,2,64.99,13.00
I000022,O00013,P032,1,749.00,0.00
I000023,O00014,P005,2,64.99,0.00
I000024,O00015,P009,1,1299.00,0.00
I000025,O00016,P011,1,12999.00,0.00
I000026,O00017,P011,3,12999.00,3899.70
I000027,O00017,P006,2,42.99,0.00
I000028,O00018,P028,2,799.00,79.90
I000029,O00018,P001,1,54.99,0.00
I000030,O00018,P015,1,6499.00,0.00
I000031,O00019,P025,1,299.00,29.90
I000032,O00020,P010,1,8999.00,0.00
I000033,O00020,P011,1,12999.00,649.95
I000034,O00020,P010,3,8999.00,0.00
I000035,O00021,P025,1,299.00,0.00
I000036,O00021,P009,1,1299.00,0.00
I000037,O00022,P002,2,89.99,9.00
I000038,O00022,P020,1,999.00,0.00
I000039,O00022,P013,2,549.00,0.00
I000040,O00022,P004,2,119.99,12.00
I000041,O00023,P001,5,54.99,27.50
I000042,O00024,P031,3,119.99,18.00
I000043,O00024,P002,1,89.99,0.00
I000044,O00025,P033,2,250.00,0.00
I000045,O00026,P006,1,42.99,0.00
I000046,O00027,P005,1,64.99,0.00
I000047,O00027,P016,1,7499.00,0.00
I000048,O00027,P028,1,799.00,0.00
I000049,O00028,P001,1,54.99,11.00
I000050,O00029,P018,2,1199.00,0.00
I000051,O00030,P005,1,64.99,0.00
I000052,O00031,P008,1,79.99,0.00
I000053,O00031,P003,2,129.99,0.00
I000054,O00031,P003,1,129.99,0.00
I000055,O00032,P027,1,549.00,0.00
I000056,O00032,P021,1,699.00,0.00
I000057,O00032,P024,1,649.00,32.45
I000058,O00033,P030,3,189.99,28.50
I000059,O00034,P016,1,7499.00,0.00
I000060,O00034,P032,5,749.00,187.25
I000061,O00034,P035,2,1000.00,0.00
I000062,O00035,P001,3,54.99,0.00
I000063,O00035,P025,2,299.00,29.90
I000064,O00036,P010,2,8999.00,0.00
I000065,O00037,P006,1,42.99,0.00
I000066,O00038,P016,1,7499.00,749.90
I000067,O00038,P026,2,249.00,24.90
I000068,O00038,P021,1,699.00,0.00
I000069,O00038,P013,1,549.00,27.45
I000070,O00039,P023,5,379.00,0.00
I000071,O00040,P003,1,129.99,13.00
I000072,O00040,P010,1,8999.00,0.00
I000073,O00041,P002,3,89.99,27.00
I000074,O00041,P016,1,7499.00,0.00
I000075,O00041,P009,1,1299.00,0.00
I000076,O00041,P015,1,6499.00,649.90
I000077,O00042,P005,1,64.99,0.00
I000078,O00043,P030,1,189.99,19.00
I000079,O00044,P012,1,899.00,0.00
I000080,O00045,P031,1,119.99,0.00
I000081,O00045,P009,1,1299.00,0.00
I000082,O00046,P025,2,299.00,0.00
I000083,O00047,P002,1,89.99,0.00
I000084,O00048,P015,5,6499.00,0.00
I000085,O00048,P016,1,7499.00,749.90
I000086,O00048,P004,2,119.99,48.00
I000087,O00049,P021,2,699.00,69.90
I000088,O00050,P013,2,549.00,109.80
I000089,O00051,P015,1,6499.00,0.00
I000090,O00052,P021,1,699.00,0.00
I000091,O00052,P010,2,8999.00,1799.80
I000092,O00052,P024,5,649.00,0.00
I000093,O00053,P028,2,799.00,319.60
I000094,O00053,P021,1,699.00,139.80
I000095,O00053,P023,1,379.00,0.00
I000096,O00053,P012,1,899.00,44.95
I000097,O00054,P003,1,129.99,0.00
I000098,O00054,P015,2,6499.00,0.00
I000099,O00055,P006,2,42.99,4.30
I000100,O00056,P007,2,74.99,0.00
I000101,O00057,P035,1,1000.00,100.00
I000102,O00058,P003,1,129.99,0.00
I000103,O00059,P006,1,42.99,8.60
I000104,O00059,P031,2,119.99,0.00
I000105,O00060,P013,1,549.00,0.00
I000106,O00061,P032,1,749.00,0.00
I000107,O00062,P002,1,89.99,0.00
I000108,O00063,P017,1,449.00,0.00
I000109,O00063,P012,1,899.00,0.00
I000110,O00064,P004,1,119.99,6.00
I000111,O00064,P007,1,74.99,0.00
I000112,O00064,P035,1,1000.00,50.00
I000113,O00065,P031,1,119.99,0.00
I000114,O00065,P020,1,999.00,99.90
I000115,O00065,P003,1,129.99,13.00
I000116,O00065,P010,1,8999.00,449.95
I000117,O00066,P028,1,799.00,79.90
I000118,O00067,P026,1,249.00,24.90
I000119,O00068,P027,1,549.00,0.00
I000120,O00068,P007,3,74.99,0.00
I000121,O00069,P032,1,749.00,0.00
I000122,O00070,P026,3,249.00,0.00
I000123,O00071,P020,1,999.00,99.90
I000124,O00072,P021,1,699.00,0.00
I000125,O00072,P006,1,42.99,0.00
I000126,O00073,P033,2,250.00,0.00
I000127,O00073,P033,1,250.00,12.50
I000128,O00073,P034,3,500.00,0.00
I000129,O00074,P013,1,549.00,54.90
I000130,O00074,P033,1,250.00,25.00
I000131,O00074,P002,1,89.99,0.00
I000132,O00075,P017,2,449.00,44.90
I000133,O00076,P015,2,6499.00,649.90
I000134,O00076,P018,2,1199.00,0.00
I000135,O00076,P001,1,54.99,0.00
I000136,O00076,P012,1,899.00,0.00
I000137,O00077,P030,1,189.99,0.00
I000138,O00077,P034,2,500.00,0.00
I000139,O00077,P007,1,74.99,15.00
I000140,O00078,P031,1,119.99,24.00
I000141,O00078,P021,3,699.00,0.00
I000142,O00079,P026,2,249.00,24.90
I000143,O00079,P002,2,89.99,36.00
I000144,O00079,P017,3,449.00,0.00
I000145,O00080,P015,2,6499.00,0.00
I000146,O00081,P012,1,899.00,0.00
I000147,O00081,P017,2,449.00,0.00
I000148,O00081,P012,3,899.00,269.70
I000149,O00082,P022,1,1499.00,0.00
I000150,O00083,P005,1,64.99,0.00
I000151,O00083,P008,3,79.99,0.00
I000152,O00083,P020,1,999.00,99.90
I000153,O00083,P010,1,8999.00,0.00
I000154,O00084,P012,2,899.00,0.00
I000155,O00084,P012,1,899.00,0.00
I000156,O00084,P029,1,149.99,7.50
I000157,O00085,P028,2,799.00,0.00
I000158,O00086,P001,3,54.99,8.25
I000159,O00087,P023,1,379.00,0.00
I000160,O00088,P034,1,500.00,50.00
I000161,O00088,P009,1,1299.00,129.90
I000162,O00089,P015,2,6499.00,0.00
I000163,O00090,P003,1,129.99,0.00
I000164,O00090,P035,2,1000.00,0.00
I000165,O00091,P025,1,299.00,0.00
I000166,O00092,P007,2,74.99,0.00
I000167,O00093,P019,1,399.00,0.00
I000168,O00093,P013,1,549.00,27.45
I000169,O00094,P032,3,749.00,112.35
I000170,O00095,P032,1,749.00,0.00
I000171,O00095,P033,1,250.00,12.50
I000172,O00096,P004,1,119.99,0.00
I000173,O00097,P003,1,129.99,0.00
I000174,O00098,P006,1,42.99,0.00
I000175,O00099,P031,2,119.99,0.00
I000176,O00099,P011,1,12999.00,649.95
I000177,O00100,P029,1,149.99,0.00
I000178,O00100,P023,1,379.00,37.90
I000179,O00101,P005,1,64.99,0.00
I000180,O00102,P022,1,1499.00,74.95
I000181,O00102,P007,1,74.99,3.75
I000182,O00102,P031,1,119.99,6.00
I000183,O00102,P025,1,299.00,29.90
I000184,O00103,P032,3,749.00,0.00
I000185,O00103,P032,1,749.00,0.00
I000186,O00104,P006,1,42.99,4.30
I000187,O00104,P029,1,149.99,0.00
I000188,O00104,P021,1,699.00,0.00
I000189,O00105,P006,2,42.99,17.20
I000190,O00106,P004,2,119.99,24.00
I000191,O00107,P029,1,149.99,7.50
I000192,O00108,P034,1,500.00,0.00
I000193,O00109,P017,1,449.00,0.00
I000194,O00110,P027,1,549.00,0.00
I000195,O00111,P009,5,1299.00,0.00
I000196,O00111,P004,1,119.99,0.00
I000197,O00111,P031,3,119.99,18.00
I000198,O00111,P012,2,899.00,0.00
I000199,O00112,P025,1,299.00,0.00
I000200,O00113,P009,1,1299.00,0.00
I000201,O00113,P033,1,250.00,12.50
I000202,O00114,P019,2,399.00,79.80
I000203,O00114,P009,5,1299.00,324.75
I000204,O00115,P023,1,379.00,0.00
I000205,O00116,P028,2,799.00,0.00
I000206,O00116,P002,1,89.99,0.00
I000207,O00116,P004,1,119.99,6.00
I000208,O00117,P014,2,349.00,0.00
I000209,O00117,P029,1,149.99,15.00
I000210,O00117,P015,2,6499.00,0.00
I000211,O00118,P025,1,299.00,59.80
I000212,O00118,P021,5,699.00,0.00
I000213,O00119,P015,3,6499.00,974.85
I000214,O00120,P013,1,549.00,0.00
I000215,O00120,P005,1,64.99,0.00
I000216,O00120,P033,1,250.00,0.00
I000217,O00121,P030,2,189.99,0.00
I000218,O00122,P023,1,379.00,18.95
I000219,O00123,P035,1,1000.00,0.00
I000220,O00124,P034,1,500.00,0.00
I000221,O00124,P001,1,54.99,0.00
I000222,O00124,P016,3,7499.00,0.00
I000223,O00124,P016,3,7499.00,1124.85
I000224,O00125,P019,1,399.00,0.00
I000225,O00125,P024,1,649.00,0.00
I000226,O00126,P007,1,74.99,15.00
I000227,O00127,P028,2,799.00,0.00
I000228,O00127,P028,2,799.00,159.80
I000229,O00127,P010,1,8999.00,449.95
I000230,O00128,P015,3,6499.00,0.00
I000231,O00129,P005,2,64.99,0.00
I000232,O00129,P005,1,64.99,0.00
I000233,O00130,P002,1,89.99,0.00
I000234,O00130,P009,2,1299.00,129.90
I000235,O00130,P035,1,1000.00,0.00
I000236,O00131,P003,1,129.99,0.00
I000237,O00132,P023,1,379.00,37.90
I000238,O00132,P033,1,250.00,0.00
I000239,O00132,P017,1,449.00,0.00
I000240,O00133,P030,2,189.99,0.00
I000241,O00133,P005,1,64.99,0.00
I000242,O00133,P032,3,749.00,0.00
I000243,O00133,P016,1,7499.00,0.00
I000244,O00134,P010,1,8999.00,0.00
I000245,O00135,P028,1,799.00,0.00
I000246,O00135,P022,3,1499.00,0.00
I000247,O00136,P009,3,1299.00,0.00
I000248,O00137,P026,2,249.00,0.00
I000249,O00137,P003,1,129.99,0.00
I000250,O00138,P019,1,399.00,0.00
I000251,O00138,P006,1,42.99,0.00
I000252,O00138,P016,2,7499.00,1499.80
I000253,O00139,P010,2,8999.00,0.00
I000254,O00139,P023,1,379.00,18.95
I000255,O00140,P024,1,649.00,64.90
I000256,O00140,P003,1,129.99,0.00
I000257,O00141,P012,1,899.00,0.00
I000258,O00141,P005,1,64.99,0.00
I000259,O00142,P031,3,119.99,0.00
I000260,O00142,P009,1,1299.00,0.00
I000261,O00143,P008,2,79.99,0.00
I000262,O00143,P022,2,1499.00,0.00
I000263,O00144,P003,1,129.99,0.00
I000264,O00145,P012,1,899.00,0.00
I000265,O00146,P006,1,42.99,0.00
I000266,O00146,P031,3,119.99,0.00
I000267,O00146,P027,1,549.00,27.45
I000268,O00147,P030,1,189.99,0.00
I000269,O00147,P025,1,299.00,0.00
I000270,O00148,P007,1,74.99,7.50
I000271,O00149,P009,3,1299.00,0.00
I000272,O00150,P015,3,6499.00,0.00
I000273,O00150,P025,1,299.00,29.90
I000274,O00151,P006,1,42.99,4.30
I000275,O00152,P008,1,79.99,0.00
I000276,O00152,P014,2,349.00,0.00
I000277,O00153,P028,1,799.00,0.00
I000278,O00153,P026,2,249.00,0.00
I000279,O00153,P031,1,119.99,0.00
I000280,O00154,P009,2,1299.00,129.90
I000281,O00155,P026,2,249.00,49.80
I000282,O00156,P010,1,8999.00,0.00
I000283,O00157,P026,1,249.00,0.00
I000284,O00157,P004,3,119.99,36.00
I000285,O00158,P019,1,399.00,19.95
I000286,O00158,P033,1,250.00,0.00
I000287,O00158,P011,2,12999.00,0.00
I000288,O00159,P026,1,249.00,0.00
I000289,O00160,P023,1,379.00,37.90
I000290,O00160,P015,1,6499.00,0.00
I000291,O00161,P005,1,64.99,0.00
I000292,O00162,P029,5,149.99,0.00
I000293,O00162,P016,2,7499.00,2999.60
I000294,O00163,P025,2,299.00,119.60
I000295,O00164,P017,1,449.00,0.00
I000296,O00164,P022,1,1499.00,149.90
I000297,O00165,P013,1,549.00,0.00
I000298,O00165,P016,3,7499.00,0.00
I000299,O00166,P006,2,42.99,4.30
I000300,O00167,P021,1,699.00,139.80
I000301,O00167,P018,1,1199.00,239.80
I000302,O00168,P028,1,799.00,0.00
I000303,O00169,P030,1,189.99,0.00
I000304,O00169,P014,1,349.00,0.00
I000305,O00170,P022,1,1499.00,0.00
I000306,O00170,P014,1,349.00,17.45
I000307,O00170,P024,2,649.00,0.00
I000308,O00170,P012,1,899.00,179.80
I000309,O00171,P025,1,299.00,29.90
I000310,O00171,P010,1,8999.00,0.00
I000311,O00172,P021,2,699.00,0.00
I000312,O00172,P004,1,119.99,6.00
I000313,O00173,P022,1,1499.00,0.00
I000314,O00174,P013,1,549.00,0.00
I000315,O00174,P035,1,1000.00,50.00
I000316,O00175,P019,1,399.00,79.80
I000317,O00176,P026,2,249.00,0.00
I000318,O00176,P011,1,12999.00,0.00
I000319,O00177,P024,2,649.00,0.00
I000320,O00177,P029,1,149.99,0.00
I000321,O00177,P002,1,89.99,0.00
I000322,O00178,P031,1,119.99,0.00
I000323,O00178,P026,1,249.00,49.80
I000324,O00178,P007,1,74.99,0.00
I000325,O00178,P025,1,299.00,0.00
I000326,O00179,P023,3,379.00,0.00
I000327,O00180,P035,1,1000.00,0.00
I000328,O00181,P031,1,119.99,12.00
I000329,O00181,P029,1,149.99,0.00
I000330,O00181,P010,1,8999.00,0.00
I000331,O00182,P031,1,119.99,6.00
I000332,O00182,P019,1,399.00,19.95
I000333,O00182,P024,1,649.00,64.90
I000334,O00182,P028,1,799.00,0.00
I000335,O00183,P034,2,500.00,100.00
I000336,O00183,P018,1,1199.00,59.95
I000337,O00184,P030,1,189.99,0.00
I000338,O00185,P012,5,899.00,0.00
I000339,O00185,P009,2,1299.00,129.90
I000340,O00186,P032,5,749.00,0.00
I000341,O00187,P026,1,249.00,0.00
I000342,O00188,P016,1,7499.00,1499.80
I000343,O00188,P016,2,7499.00,0.00
I000344,O00188,P030,2,189.99,0.00
I000345,O00189,P003,2,129.99,0.00
I000346,O00190,P014,5,349.00,0.00
I000347,O00191,P003,1,129.99,6.50
I000348,O00192,P022,3,1499.00,899.40
I000349,O00193,P009,1,1299.00,0.00
I000350,O00193,P023,2,379.00,0.00
I000351,O00193,P013,1,549.00,0.00
I000352,O00194,P035,2,1000.00,0.00
I000353,O00194,P012,1,899.00,0.00
I000354,O00195,P034,1,500.00,0.00
I000355,O00196,P012,3,899.00,0.00
I000356,O00197,P013,1,549.00,0.00
I000357,O00197,P010,1,8999.00,0.00
I000358,O00197,P021,1,699.00,0.00
I000359,O00198,P032,1,749.00,0.00
I000360,O00199,P024,1,649.00,32.45
I000361,O00200,P004,1,119.99,6.00
I000362,O00200,P027,2,549.00,54.90
I000363,O00201,P014,5,349.00,0.00
I000364,O00202,P012,1,899.00,0.00
I000365,O00203,P028,3,799.00,0.00
I000366,O00203,P012,1,899.00,0.00
I000367,O00204,P021,2,699.00,0.00
I000368,O00204,P028,2,799.00,0.00
I000369,O00204,P016,1,7499.00,0.00
I000370,O00205,P026,1,249.00,0.00
I000371,O00206,P015,1,6499.00,0.00
I000372,O00207,P007,1,74.99,0.00
I000373,O00207,P009,1,1299.00,129.90
I000374,O00208,P014,2,349.00,34.90
I000375,O00208,P031,1,119.99,12.00
I000376,O00209,P025,1,299.00,0.00
I000377,O00210,P015,2,6499.00,1299.80
I000378,O00210,P001,2,54.99,0.00
I000379,O00210,P004,1,119.99,0.00
I000380,O00211,P026,5,249.00,62.25
I000381,O00212,P022,1,1499.00,0.00
I000382,O00213,P009,2,1299.00,0.00
I000383,O00213,P013,1,549.00,27.45
I000384,O00213,P013,1,549.00,109.80
I000385,O00214,P006,1,42.99,0.00
I000386,O00214,P024,1,649.00,0.00
I000387,O00215,P029,2,149.99,0.00
I000388,O00215,P015,1,6499.00,0.00
I000389,O00215,P006,1,42.99,0.00
I000390,O00216,P008,1,79.99,0.00
I000391,O00216,P022,1,1499.00,0.00
I000392,O00217,P010,2,8999.00,899.90
I000393,O00217,P025,1,299.00,14.95
I000394,O00218,P004,1,119.99,24.00
I000395,O00218,P005,1,64.99,0.00
I000396,O00219,P015,5,6499.00,0.00
I000397,O00219,P007,3,74.99,0.00
I000398,O00220,P002,1,89.99,9.00
I000399,O00220,P020,1,999.00,0.00
I000400,O00221,P033,1,250.00,0.00
I000401,O00222,P018,1,1199.00,0.00
I000402,O00222,P026,2,249.00,0.00
I000403,O00223,P016,1,7499.00,0.00
I000404,O00224,P013,3,549.00,0.00
I000405,O00224,P034,3,500.00,0.00
I000406,O00225,P035,3,1000.00,0.00
I000407,O00226,P027,1,549.00,27.45
I000408,O00227,P018,1,1199.00,0.00
I000409,O00228,P009,1,1299.00,0.00
I000410,O00228,P024,1,649.00,0.00
I000411,O00228,P031,1,119.99,0.00
I000412,O00229,P013,2,549.00,0.00
I000413,O00230,P016,1,7499.00,374.95
I000414,O00230,P025,2,299.00,0.00
I000415,O00231,P034,1,500.00,0.00
I000416,O00231,P003,3,129.99,0.00
I000417,O00231,P035,1,1000.00,50.00
I000418,O00232,P026,3,249.00,37.35
I000419,O00233,P010,1,8999.00,0.00
I000420,O00233,P006,2,42.99,0.00
I000421,O00234,P013,3,549.00,0.00
I000422,O00235,P024,1,649.00,32.45
I000423,O00236,P011,3,12999.00,0.00
I000424,O00237,P020,1,999.00,49.95
I000425,O00238,P017,1,449.00,0.00
I000426,O00239,P031,1,119.99,0.00
I000427,O00240,P014,1,349.00,0.00
I000428,O00240,P023,1,379.00,37.90
I000429,O00241,P027,5,549.00,0.00
I000430,O00242,P003,1,129.99,0.00
I000431,O00242,P024,3,649.00,194.70
I000432,O00243,P018,1,1199.00,0.00
I000433,O00244,P006,1,42.99,2.15
I000434,O00244,P019,1,399.00,39.90
I000435,O00245,P032,1,749.00,0.00
I000436,O00245,P032,2,749.00,149.80
I000437,O00246,P008,2,79.99,0.00
I000438,O00246,P027,1,549.00,0.00
I000439,O00247,P020,1,999.00,0.00
I000440,O00247,P001,1,54.99,0.00
I000441,O00247,P026,2,249.00,0.00
I000442,O00248,P031,2,119.99,0.00
I000443,O00248,P031,1,119.99,0.00
I000444,O00249,P004,2,119.99,0.00
I000445,O00249,P021,1,699.00,0.00
I000446,O00249,P022,2,1499.00,299.80
I000447,O00249,P023,1,379.00,0.00
I000448,O00250,P025,1,299.00,0.00
I000449,O00251,P016,1,7499.00,749.90
I000450,O00251,P020,1,999.00,0.00
I000451,O00252,P002,2,89.99,18.00
I000452,O00253,P021,1,699.00,69.90
I000453,O00254,P034,1,500.00,0.00
I000454,O00254,P003,2,129.99,0.00
I000455,O00255,P020,2,999.00,0.00
I000456,O00256,P018,1,1199.00,0.00
I000457,O00256,P001,3,54.99,0.00
I000458,O00257,P019,1,399.00,0.00
I000459,O00257,P020,1,999.00,0.00
I000460,O00257,P029,1,149.99,0.00
I000461,O00257,P004,1,119.99,0.00
I000462,O00258,P029,1,149.99,0.00
I000463,O00258,P013,2,549.00,54.90
I000464,O00258,P035,1,1000.00,100.00
I000465,O00259,P007,1,74.99,3.75
I000466,O00259,P030,1,189.99,38.00
I000467,O00260,P021,1,699.00,0.00
I000468,O00260,P031,1,119.99,0.00
I000469,O00261,P026,2,249.00,24.90
I000470,O00261,P021,1,699.00,0.00
I000471,O00262,P011,5,12999.00,0.00
I000472,O00263,P022,1,1499.00,0.00
I000473,O00264,P030,1,189.99,0.00
I000474,O00265,P025,1,299.00,0.00
I000475,O00265,P004,1,119.99,12.00
I000476,O00266,P029,1,149.99,7.50
I000477,O00267,P023,5,379.00,0.00
I000478,O00268,P004,1,119.99,0.00
I000479,O00269,P026,2,249.00,24.90
I000480,O00269,P026,1,249.00,0.00
I000481,O00270,P027,1,549.00,109.80
I000482,O00270,P009,1,1299.00,0.00
I000483,O00270,P002,1,89.99,9.00
I000484,O00270,P028,5,799.00,0.00
I000485,O00271,P012,1,899.00,0.00
I000486,O00271,P029,1,149.99,0.00
I000487,O00271,P028,1,799.00,0.00
I000488,O00271,P016,2,7499.00,0.00
I000489,O00272,P024,1,649.00,0.00
I000490,O00272,P006,1,42.99,2.15
I000491,O00273,P031,2,119.99,12.00
I000492,O00274,P022,1,1499.00,0.00
I000493,O00274,P030,1,189.99,0.00
I000494,O00275,P020,2,999.00,0.00
I000495,O00276,P002,1,89.99,0.00
I000496,O00277,P017,1,449.00,0.00
I000497,O00278,P016,1,7499.00,374.95
I000498,O00278,P003,1,129.99,0.00
I000499,O00278,P010,1,8999.00,899.90
I000500,O00279,P011,1,12999.00,649.95
I000501,O00279,P023,1,379.00,0.00
I000502,O00280,P035,1,1000.00,50.00
I000503,O00280,P025,1,299.00,0.00
I000504,O00281,P034,2,500.00,0.00
I000505,O00281,P035,2,1000.00,400.00
I000506,O00282,P026,1,249.00,12.45
I000507,O00282,P016,2,7499.00,0.00
I000508,O00283,P001,2,54.99,0.00
I000509,O00283,P007,1,74.99,3.75
I000510,O00284,P004,3,119.99,18.00
I000511,O00284,P014,3,349.00,0.00
I000512,O00285,P012,3,899.00,134.85
I000513,O00285,P017,1,449.00,22.45
I000514,O00285,P005,2,64.99,13.00
I000515,O00286,P005,1,64.99,0.00
I000516,O00287,P013,1,549.00,0.00
I000517,O00288,P029,2,149.99,0.00
I000518,O00288,P005,1,64.99,3.25
I000519,O00289,P003,2,129.99,0.00
I000520,O00290,P028,1,799.00,39.95
I000521,O00290,P005,1,64.99,0.00
I000522,O00291,P020,1,999.00,0.00
I000523,O00292,P019,2,399.00,0.00
I000524,O00292,P003,5,129.99,32.50
I000525,O00292,P020,2,999.00,199.80
I000526,O00293,P003,1,129.99,6.50
I000527,O00294,P035,5,1000.00,500.00
I000528,O00295,P008,1,79.99,4.00
I000529,O00296,P015,3,6499.00,0.00
I000530,O00296,P010,1,8999.00,0.00
I000531,O00297,P020,2,999.00,0.00
I000532,O00297,P011,2,12999.00,0.00
I000533,O00298,P013,1,549.00,54.90
I000534,O00299,P014,2,349.00,0.00
I000535,O00300,P011,1,12999.00,1299.90
I000536,O00300,P003,1,129.99,6.50
I000537,O00301,P012,3,899.00,134.85
I000538,O00302,P014,1,349.00,0.00
I000539,O00302,P029,1,149.99,15.00
I000540,O00303,P020,1,999.00,0.00
I000541,O00304,P035,1,1000.00,0.00
I000542,O00305,P031,1,119.99,0.00
I000543,O00305,P003,1,129.99,0.00
I000544,O00306,P007,2,74.99,15.00
I000545,O00306,P012,1,899.00,0.00
I000546,O00307,P027,1,549.00,27.45
I000547,O00307,P021,1,699.00,0.00
I000548,O00308,P005,1,64.99,0.00
I000549,O00308,P028,1,799.00,79.90
I000550,O00308,P030,1,189.99,0.00
I000551,O00309,P004,1,119.99,0.00
I000552,O00310,P011,2,12999.00,0.00
I000553,O00311,P034,1,500.00,100.00
I000554,O00312,P016,1,7499.00,0.00
I000555,O00312,P015,3,6499.00,0.00
I000556,O00313,P033,1,250.00,0.00
I000557,O00313,P031,2,119.99,12.00
I000558,O00313,P007,1,74.99,0.00
I000559,O00313,P001,2,54.99,0.00
I000560,O00314,P020,1,999.00,0.00
I000561,O00315,P012,2,899.00,0.00
I000562,O00315,P030,2,189.99,0.00
I000563,O00316,P018,2,1199.00,0.00
I000564,O00317,P004,1,119.99,12.00
I000565,O00317,P024,3,649.00,0.00
I000566,O00318,P005,1,64.99,3.25
I000567,O00318,P009,5,1299.00,0.00
I000568,O00319,P015,1,6499.00,649.90
I000569,O00319,P033,2,250.00,0.00
I000570,O00320,P035,2,1000.00,0.00
I000571,O00321,P005,1,64.99,6.50
I000572,O00321,P006,1,42.99,4.30
I000573,O00321,P019,3,399.00,0.00
I000574,O00322,P002,1,89.99,18.00
I000575,O00323,P013,1,549.00,54.90
I000576,O00324,P021,1,699.00,34.95
I000577,O00324,P034,2,500.00,0.00
I000578,O00325,P031,1,119.99,0.00
I000579,O00326,P011,2,12999.00,0.00
I000580,O00326,P012,2,899.00,89.90
I000581,O00327,P029,1,149.99,0.00
I000582,O00327,P003,2,129.99,52.00
I000583,O00328,P002,1,89.99,0.00
I000584,O00329,P033,1,250.00,12.50
I000585,O00329,P031,3,119.99,71.99
I000586,O00330,P022,2,1499.00,149.90
I000587,O00330,P003,1,129.99,0.00
I000588,O00330,P020,1,999.00,0.00
I000589,O00330,P015,1,6499.00,0.00
I000590,O00331,P002,1,89.99,9.00
I000591,O00332,P033,3,250.00,75.00
I000592,O00332,P024,1,649.00,32.45
I000593,O00333,P029,3,149.99,0.00
I000594,O00334,P028,2,799.00,0.00
I000595,O00335,P022,1,1499.00,299.80
I000596,O00335,P025,1,299.00,0.00
I000597,O00336,P009,1,1299.00,129.90
I000598,O00336,P019,1,399.00,0.00
I000599,O00336,P020,2,999.00,0.00
I000600,O00337,P031,1,119.99,6.00
I000601,O00338,P018,1,1199.00,239.80
I000602,O00339,P031,5,119.99,59.99
I000603,O00339,P024,1,649.00,0.00
I000604,O00340,P009,1,1299.00,0.00
I000605,O00340,P024,1,649.00,64.90
I000606,O00340,P023,1,379.00,0.00
I000607,O00341,P011,1,12999.00,1299.90
I000608,O00342,P010,1,8999.00,0.00
I000609,O00343,P033,1,250.00,0.00
I000610,O00344,P008,1,79.99,8.00
I000611,O00344,P008,2,79.99,16.00
I000612,O00345,P022,1,1499.00,0.00
I000613,O00345,P008,1,79.99,8.00
I000614,O00346,P008,1,79.99,4.00
I000615,O00347,P004,1,119.99,12.00
I000616,O00347,P003,1,129.99,6.50
I000617,O00348,P012,2,899.00,0.00
I000618,O00348,P010,2,8999.00,3599.60
I000619,O00348,P023,1,379.00,37.90
I000620,O00349,P034,1,500.00,0.00
I000621,O00349,P019,1,399.00,19.95
I000622,O00349,P001,5,54.99,0.00
I000623,O00350,P007,1,74.99,0.00
I000624,O00351,P008,1,79.99,0.00
I000625,O00351,P032,2,749.00,74.90
I000626,O00351,P003,1,129.99,0.00
I000627,O00351,P025,1,299.00,0.00
I000628,O00352,P005,3,64.99,19.50
I000629,O00353,P029,1,149.99,7.50
I000630,O00354,P011,1,12999.00,2599.80
I000631,O00354,P022,1,1499.00,149.90
I000632,O00355,P018,2,1199.00,239.80
I000633,O00355,P026,1,249.00,12.45
I000634,O00355,P026,5,249.00,0.00
I000635,O00356,P009,1,1299.00,64.95
I000636,O00356,P005,1,64.99,0.00
I000637,O00357,P005,2,64.99,0.00
I000638,O00357,P032,2,749.00,0.00
I000639,O00358,P035,1,1000.00,50.00
I000640,O00358,P028,3,799.00,0.00
I000641,O00358,P029,1,149.99,0.00
I000642,O00359,P011,1,12999.00,0.00
I000643,O00360,P035,1,1000.00,0.00
I000644,O00360,P011,1,12999.00,0.00
I000645,O00361,P002,1,89.99,0.00
I000646,O00362,P028,1,799.00,0.00
I000647,O00363,P005,3,64.99,0.00
I000648,O00363,P011,1,12999.00,0.00
I000649,O00364,P002,5,89.99,0.00
I000650,O00364,P025,1,299.00,0.00
I000651,O00365,P022,1,1499.00,0.00
I000652,O00365,P028,1,799.00,0.00
I000653,O00365,P005,2,64.99,0.00
I000654,O00366,P006,2,42.99,0.00
I000655,O00367,P005,2,64.99,0.00
I000656,O00368,P030,2,189.99,0.00
I000657,O00368,P002,2,89.99,0.00
I000658,O00369,P018,3,1199.00,0.00
I000659,O00369,P028,3,799.00,119.85
I000660,O00369,P004,1,119.99,0.00
I000661,O00369,P010,1,8999.00,449.95
I000662,O00370,P027,1,549.00,0.00
I000663,O00370,P011,1,12999.00,0.00
I000664,O00371,P030,1,189.99,38.00
I000665,O00371,P028,2,799.00,0.00
I000666,O00371,P011,1,12999.00,0.00
I000667,O00372,P032,2,749.00,0.00
I000668,O00372,P006,1,42.99,0.00
I000669,O00372,P005,3,64.99,0.00
I000670,O00372,P024,2,649.00,129.80
I000671,O00373,P034,1,500.00,50.00
I000672,O00374,P016,3,7499.00,0.00
I000673,O00374,P007,1,74.99,15.00
I000674,O00375,P008,1,79.99,0.00
I000675,O00376,P024,2,649.00,0.00
I000676,O00377,P016,1,7499.00,0.00
I000677,O00377,P024,3,649.00,97.35
I000678,O00378,P017,1,449.00,44.90
I000679,O00379,P021,3,699.00,104.85
I000680,O00380,P027,3,549.00,0.00
I000681,O00380,P028,3,799.00,239.70
I000682,O00381,P021,1,699.00,0.00
I000683,O00381,P004,2,119.99,0.00
I000684,O00382,P008,1,79.99,0.00
I000685,O00382,P009,2,1299.00,129.90
I000686,O00383,P021,2,699.00,0.00
I000687,O00383,P027,1,549.00,0.00
I000688,O00384,P015,3,6499.00,3899.40
I000689,O00384,P013,1,549.00,54.90
I000690,O00385,P011,3,12999.00,0.00
I000691,O00385,P034,1,500.00,50.00
I000692,O00385,P030,2,189.99,0.00
I000693,O00385,P015,2,6499.00,0.00
I000694,O00386,P014,5,349.00,0.00
I000695,O00386,P013,1,549.00,0.00
I000696,O00386,P010,1,8999.00,1799.80
I000697,O00387,P001,1,54.99,5.50
I000698,O00387,P026,2,249.00,24.90
I000699,O00388,P022,3,1499.00,0.00
I000700,O00389,P024,1,649.00,64.90
I000701,O00389,P003,1,129.99,0.00
I000702,O00389,P033,1,250.00,0.00
I000703,O00389,P030,1,189.99,0.00
I000704,O00390,P018,2,1199.00,239.80
I000705,O00391,P011,1,12999.00,2599.80
I000706,O00392,P013,1,549.00,0.00
I000707,O00393,P032,1,749.00,0.00
I000708,O00393,P032,1,749.00,0.00
I000709,O00393,P010,1,8999.00,0.00
I000710,O00393,P019,1,399.00,0.00
I000711,O00394,P001,1,54.99,0.00
I000712,O00394,P027,3,549.00,0.00
I000713,O00394,P032,2,749.00,149.80
I000714,O00394,P002,1,89.99,18.00
I000715,O00395,P002,1,89.99,9.00
I000716,O00396,P003,2,129.99,52.00
I000717,O00397,P004,2,119.99,0.00
I000718,O00398,P026,1,249.00,24.90
I000719,O00398,P011,1,12999.00,0.00
I000720,O00398,P010,1,8999.00,0.00
I000721,O00399,P013,1,549.00,54.90
I000722,O00400,P012,1,899.00,0.00
I000723,O00400,P003,1,129.99,26.00
I000724,O00400,P015,2,6499.00,649.90
I000725,O00401,P006,3,42.99,0.00
I000726,O00401,P010,5,8999.00,2249.75
I000727,O00402,P003,1,129.99,0.00
I000728,O00403,P006,2,42.99,0.00
I000729,O00404,P020,1,999.00,49.95
I000730,O00405,P012,1,899.00,0.00
I000731,O00405,P017,3,449.00,0.00
I000732,O00405,P035,1,1000.00,0.00
I000733,O00406,P032,1,749.00,74.90
I000734,O00406,P024,2,649.00,259.60
I000735,O00407,P002,2,89.99,0.00
I000736,O00408,P035,1,1000.00,0.00
I000737,O00408,P030,1,189.99,0.00
I000738,O00408,P008,1,79.99,0.00
I000739,O00409,P013,1,549.00,54.90
I000740,O00409,P026,1,249.00,0.00
I000741,O00410,P019,1,399.00,0.00
I000742,O00410,P033,1,250.00,0.00
I000743,O00411,P005,1,64.99,0.00
I000744,O00411,P031,1,119.99,0.00
I000745,O00412,P029,1,149.99,0.00
I000746,O00412,P022,3,1499.00,449.70
I000747,O00413,P024,2,649.00,64.90
I000748,O00413,P011,2,12999.00,0.00
I000749,O00413,P006,2,42.99,0.00
I000750,O00413,P013,1,549.00,0.00
I000751,O00414,P002,1,89.99,0.00
I000752,O00414,P011,1,12999.00,1299.90
I000753,O00415,P015,1,6499.00,1299.80
I000754,O00416,P033,1,250.00,0.00
I000755,O00416,P004,3,119.99,0.00
I000756,O00416,P030,5,189.99,47.50
I000757,O00417,P003,1,129.99,0.00
I000758,O00418,P033,1,250.00,25.00
I000759,O00419,P027,2,549.00,0.00
I000760,O00420,P027,1,549.00,27.45
I000761,O00421,P027,3,549.00,329.40
I000762,O00422,P034,3,500.00,0.00
I000763,O00422,P021,1,699.00,34.95
I000764,O00423,P004,5,119.99,119.99
I000765,O00424,P020,2,999.00,0.00
I000766,O00424,P023,1,379.00,0.00
I000767,O00425,P029,2,149.99,30.00
I000768,O00425,P026,2,249.00,49.80
I000769,O00426,P034,5,500.00,0.00
I000770,O00426,P006,1,42.99,0.00
I000771,O00426,P022,2,1499.00,0.00
I000772,O00427,P033,1,250.00,0.00
I000773,O00427,P024,1,649.00,0.00
I000774,O00428,P001,1,54.99,11.00
I000775,O00428,P035,2,1000.00,0.00
I000776,O00429,P025,1,299.00,0.00
I000777,O00430,P028,2,799.00,0.00
I000778,O00431,P034,1,500.00,0.00
I000779,O00432,P032,2,749.00,0.00
I000780,O00432,P011,1,12999.00,0.00
I000781,O00432,P030,1,189.99,9.50
I000782,O00432,P034,1,500.00,0.00
I000783,O00433,P027,1,549.00,0.00
I000784,O00433,P019,1,399.00,0.00
I000785,O00433,P024,1,649.00,0.00
I000786,O00433,P019,1,399.00,19.95
I000787,O00434,P032,1,749.00,0.00
I000788,O00435,P025,1,299.00,14.95
I000789,O00435,P009,2,1299.00,0.00
I000790,O00435,P030,2,189.99,19.00
I000791,O00436,P022,1,1499.00,299.80
I000792,O00436,P029,2,149.99,0.00
I000793,O00436,P011,2,12999.00,0.00
I000794,O00437,P004,3,119.99,0.00
I000795,O00437,P031,1,119.99,0.00
I000796,O00438,P029,1,149.99,0.00
I000797,O00439,P012,1,899.00,89.90
I000798,O00440,P010,1,8999.00,449.95
I000799,O00441,P004,1,119.99,0.00
I000800,O00442,P004,1,119.99,6.00
I000801,O00442,P016,1,7499.00,374.95
I000802,O00442,P025,3,299.00,0.00
I000803,O00443,P002,1,89.99,18.00
I000804,O00443,P007,1,74.99,0.00
I000805,O00444,P014,2,349.00,0.00
I000806,O00444,P035,5,1000.00,250.00
I000807,O00445,P019,2,399.00,0.00
I000808,O00445,P004,3,119.99,0.00
I000809,O00445,P017,2,449.00,0.00
I000810,O00446,P005,1,64.99,0.00
I000811,O00446,P008,2,79.99,8.00
I000812,O00447,P022,2,1499.00,599.60
I000813,O00447,P029,1,149.99,7.50
I000814,O00447,P021,1,699.00,0.00
I000815,O00448,P001,2,54.99,0.00
I000816,O00448,P032,2,749.00,0.00
I000817,O00449,P008,1,79.99,8.00
I000818,O00450,P008,1,79.99,8.00
I000819,O00450,P029,1,149.99,7.50
I000820,O00450,P018,2,1199.00,119.90
I000821,O00450,P013,1,549.00,0.00
I000822,O00451,P014,1,349.00,69.80
I000823,O00452,P013,2,549.00,0.00
I000824,O00453,P015,3,6499.00,974.85
I000825,O00454,P017,2,449.00,89.80
I000826,O00454,P001,3,54.99,0.00
I000827,O00455,P008,2,79.99,0.00
I000828,O00456,P027,1,549.00,0.00
I000829,O00457,P015,5,6499.00,0.00
I000830,O00457,P005,3,64.99,0.00
I000831,O00457,P022,1,1499.00,0.00
I000832,O00457,P007,1,74.99,0.00
I000833,O00458,P022,1,1499.00,0.00
I000834,O00458,P005,2,64.99,0.00
I000835,O00458,P007,2,74.99,0.00
I000836,O00459,P009,1,1299.00,129.90
I000837,O00459,P004,1,119.99,0.00
I000838,O00460,P007,1,74.99,0.00
I000839,O00461,P007,1,74.99,7.50
I000840,O00461,P002,1,89.99,0.00
I000841,O00462,P013,3,549.00,0.00
I000842,O00462,P033,1,250.00,0.00
I000843,O00462,P029,1,149.99,0.00
I000844,O00463,P023,1,379.00,37.90
I000845,O00463,P010,1,8999.00,0.00
I000846,O00464,P004,1,119.99,12.00
I000847,O00464,P004,1,119.99,0.00
I000848,O00465,P030,1,189.99,0.00
I000849,O00465,P022,1,1499.00,0.00
I000850,O00466,P001,2,54.99,5.50
I000851,O00467,P025,1,299.00,0.00
I000852,O00468,P029,1,149.99,0.00
I000853,O00469,P017,2,449.00,0.00
I000854,O00470,P002,2,89.99,0.00
I000855,O00470,P008,1,79.99,0.00
I000856,O00470,P030,1,189.99,19.00
I000857,O00471,P005,1,64.99,6.50
I000858,O00471,P009,2,1299.00,0.00
I000859,O00471,P025,2,299.00,0.00
I000860,O00472,P019,2,399.00,0.00
I000861,O00472,P004,2,119.99,0.00
I000862,O00472,P009,2,1299.00,519.60
I000863,O00473,P005,1,64.99,0.00
I000864,O00473,P033,1,250.00,0.00
I000865,O00474,P026,2,249.00,24.90
I000866,O00474,P003,1,129.99,13.00
I000867,O00475,P024,1,649.00,0.00
I000868,O00475,P006,1,42.99,0.00
I000869,O00476,P027,1,549.00,0.00
I000870,O00476,P018,1,1199.00,0.00
I000871,O00477,P033,1,250.00,0.00
I000872,O00477,P018,3,1199.00,0.00
I000873,O00477,P005,1,64.99,0.00
I000874,O00478,P018,1,1199.00,0.00
I000875,O00478,P009,5,1299.00,324.75
I000876,O00478,P035,3,1000.00,0.00
I000877,O00479,P001,1,54.99,0.00
I000878,O00480,P015,1,6499.00,324.95
I000879,O00481,P013,1,549.00,109.80
I000880,O00482,P009,1,1299.00,64.95
I000881,O00483,P035,1,1000.00,0.00
I000882,O00483,P003,3,129.99,0.00
I000883,O00483,P022,1,1499.00,74.95
I000884,O00484,P035,1,1000.00,0.00
I000885,O00485,P012,1,899.00,44.95
I000886,O00486,P015,1,6499.00,0.00
I000887,O00487,P026,1,249.00,0.00
I000888,O00487,P035,1,1000.00,50.00
I000889,O00487,P025,3,299.00,89.70
I000890,O00488,P020,1,999.00,0.00
I000891,O00489,P026,1,249.00,0.00
I000892,O00490,P019,2,399.00,79.80
I000893,O00490,P023,2,379.00,37.90
I000894,O00491,P028,1,799.00,79.90
I000895,O00492,P011,1,12999.00,0.00
I000896,O00492,P019,2,399.00,0.00
I000897,O00492,P014,3,349.00,0.00
I000898,O00493,P021,1,699.00,0.00
I000899,O00493,P014,1,349.00,0.00
I000900,O00494,P001,1,54.99,2.75
I000901,O00495,P029,1,149.99,15.00
I000902,O00495,P011,1,12999.00,0.00
I000903,O00496,P001,2,54.99,0.00
I000904,O00497,P004,2,119.99,24.00
I000905,O00498,P025,2,299.00,59.80
I000906,O00499,P013,2,549.00,0.00
I000907,O00500,P027,1,549.00,54.90
I000908,O00501,P028,1,799.00,0.00
I000909,O00502,P005,2,64.99,0.00
I000910,O00502,P024,1,649.00,64.90
I000911,O00503,P011,1,12999.00,0.00
I000912,O00503,P021,5,699.00,174.75
I000913,O00503,P009,1,1299.00,0.00
I000914,O00504,P029,1,149.99,0.00
I000915,O00504,P015,1,6499.00,324.95
I000916,O00504,P001,1,54.99,0.00
I000917,O00505,P004,1,119.99,0.00
I000918,O00505,P013,1,549.00,0.00
I000919,O00506,P022,1,1499.00,0.00
I000920,O00506,P003,1,129.99,26.00
I000921,O00507,P014,1,349.00,34.90
I000922,O00508,P034,1,500.00,0.00
I000923,O00508,P001,1,54.99,0.00
I000924,O00508,P013,1,549.00,109.80
I000925,O00509,P014,1,349.00,0.00
I000926,O00509,P030,1,189.99,9.50
I000927,O00509,P016,1,7499.00,0.00
I000928,O00510,P031,1,119.99,24.00
I000929,O00510,P026,1,249.00,0.00
I000930,O00510,P028,1,799.00,39.95
I000931,O00511,P006,2,42.99,8.60
I000932,O00512,P030,1,189.99,0.00
I000933,O00512,P031,1,119.99,0.00
I000934,O00513,P024,1,649.00,64.90
I000935,O00513,P026,5,249.00,0.00
I000936,O00514,P025,3,299.00,0.00
I000937,O00514,P028,3,799.00,119.85
I000938,O00514,P023,1,379.00,0.00
I000939,O00514,P024,2,649.00,64.90
I000940,O00515,P002,2,89.99,0.00
I000941,O00515,P017,1,449.00,89.80
I000942,O00515,P010,1,8999.00,0.00
I000943,O00516,P026,2,249.00,99.60
I000944,O00516,P006,1,42.99,0.00
I000945,O00516,P028,1,799.00,0.00
I000946,O00517,P006,1,42.99,0.00
I000947,O00517,P023,2,379.00,0.00
I000948,O00518,P007,1,74.99,3.75
I000949,O00518,P034,1,500.00,0.00
I000950,O00519,P033,3,250.00,0.00
I000951,O00519,P014,1,349.00,0.00
I000952,O00520,P007,3,74.99,0.00
I000953,O00520,P019,1,399.00,0.00
I000954,O00521,P018,2,1199.00,0.00
I000955,O00522,P018,3,1199.00,0.00
I000956,O00522,P022,1,1499.00,0.00
I000957,O00523,P004,5,119.99,59.99
I000958,O00524,P009,1,1299.00,0.00
I000959,O00524,P034,1,500.00,25.00
I000960,O00524,P016,1,7499.00,0.00
I000961,O00525,P021,1,699.00,0.00
I000962,O00525,P003,5,129.99,32.50
I000963,O00526,P023,1,379.00,37.90
I000964,O00526,P031,5,119.99,59.99
I000965,O00526,P007,2,74.99,0.00
I000966,O00527,P003,1,129.99,6.50
I000967,O00527,P020,2,999.00,399.60
I000968,O00528,P016,1,7499.00,0.00
I000969,O00528,P006,1,42.99,8.60
I000970,O00529,P017,2,449.00,179.60
I000971,O00530,P022,3,1499.00,449.70
I000972,O00530,P005,2,64.99,0.00
I000973,O00531,P015,1,6499.00,0.00
I000974,O00532,P008,1,79.99,0.00
I000975,O00532,P021,3,699.00,0.00
I000976,O00533,P024,2,649.00,129.80
I000977,O00534,P030,1,189.99,19.00
I000978,O00535,P003,1,129.99,0.00
I000979,O00536,P014,1,349.00,17.45
I000980,O00536,P025,1,299.00,29.90
I000981,O00537,P012,2,899.00,89.90
I000982,O00537,P020,5,999.00,249.75
I000983,O00538,P023,2,379.00,0.00
I000984,O00538,P034,2,500.00,0.00
I000985,O00539,P004,2,119.99,12.00
I000986,O00540,P014,1,349.00,17.45
I000987,O00540,P001,1,54.99,5.50
I000988,O00540,P007,2,74.99,30.00
I000989,O00541,P007,1,74.99,0.00
I000990,O00541,P004,1,119.99,0.00
I000991,O00541,P022,1,1499.00,299.80
I000992,O00541,P026,1,249.00,0.00
I000993,O00542,P006,2,42.99,8.60
I000994,O00542,P025,1,299.00,14.95
I000995,O00543,P033,1,250.00,0.00
I000996,O00543,P031,1,119.99,6.00
I000997,O00544,P009,1,1299.00,0.00
I000998,O00545,P035,2,1000.00,0.00
I000999,O00545,P005,1,64.99,0.00
I001000,O00546,P012,1,899.00,0.00
I001001,O00547,P017,2,449.00,0.00
I001002,O00548,P001,1,54.99,0.00
I001003,O00548,P034,3,500.00,0.00
I001004,O00548,P035,1,1000.00,0.00
I001005,O00548,P021,1,699.00,139.80
I001006,O00549,P003,1,129.99,0.00
I001007,O00550,P009,2,1299.00,0.00
I001008,O00551,P017,2,449.00,179.60
I001009,O00551,P010,1,8999.00,0.00
I001010,O00552,P033,1,250.00,0.00
I001011,O00553,P008,1,79.99,4.00
I001012,O00554,P010,3,8999.00,0.00
I001013,O00554,P001,1,54.99,11.00
I001014,O00554,P015,1,6499.00,0.00
I001015,O00555,P032,1,749.00,0.00
I001016,O00555,P019,1,399.00,0.00
I001017,O00555,P004,1,119.99,24.00
I001018,O00556,P026,1,249.00,0.00
I001019,O00556,P001,2,54.99,5.50
I001020,O00557,P024,2,649.00,0.00
I001021,O00557,P027,2,549.00,0.00
I001022,O00557,P023,2,379.00,0.00
I001023,O00558,P006,3,42.99,0.00
I001024,O00559,P004,1,119.99,0.00
I001025,O00560,P009,1,1299.00,0.00
I001026,O00560,P035,2,1000.00,0.00
I001027,O00561,P023,1,379.00,18.95
I001028,O00561,P034,2,500.00,0.00
I001029,O00562,P005,1,64.99,0.00
I001030,O00563,P016,2,7499.00,1499.80
I001031,O00564,P026,1,249.00,0.00
I001032,O00565,P032,1,749.00,0.00
I001033,O00565,P030,1,189.99,0.00
I001034,O00566,P006,1,42.99,4.30
I001035,O00566,P027,1,549.00,0.00
I001036,O00567,P012,1,899.00,0.00
I001037,O00568,P013,1,549.00,0.00
I001038,O00569,P031,3,119.99,71.99
I001039,O00569,P008,1,79.99,0.00
I001040,O00570,P025,1,299.00,59.80
I001041,O00570,P002,1,89.99,0.00
I001042,O00571,P001,1,54.99,0.00
I001043,O00571,P032,1,749.00,0.00
I001044,O00572,P017,5,449.00,0.00
I001045,O00573,P033,1,250.00,0.00
I001046,O00573,P010,1,8999.00,0.00
I001047,O00574,P006,3,42.99,0.00
I001048,O00574,P034,1,500.00,0.00
I001049,O00575,P020,1,999.00,0.00
I001050,O00575,P023,2,379.00,0.00
I001051,O00576,P019,1,399.00,39.90
I001052,O00577,P007,2,74.99,7.50
I001053,O00578,P034,1,500.00,0.00
I001054,O00578,P018,1,1199.00,0.00
I001055,O00578,P007,1,74.99,3.75
I001056,O00579,P029,3,149.99,0.00
I001057,O00580,P009,1,1299.00,0.00
I001058,O00581,P028,1,799.00,0.00
I001059,O00581,P033,2,250.00,0.00
I001060,O00582,P013,2,549.00,0.00
I001061,O00582,P035,3,1000.00,600.00
I001062,O00582,P011,1,12999.00,0.00
I001063,O00582,P025,1,299.00,0.00
I001064,O00583,P033,1,250.00,12.50
I001065,O00583,P034,1,500.00,50.00
I001066,O00583,P019,2,399.00,0.00
I001067,O00584,P018,3,1199.00,0.00
I001068,O00585,P001,2,54.99,0.00
I001069,O00585,P024,1,649.00,129.80
I001070,O00586,P004,2,119.99,0.00
I001071,O00587,P007,2,74.99,7.50
I001072,O00588,P015,1,6499.00,0.00
I001073,O00588,P026,1,249.00,0.00
I001074,O00588,P028,1,799.00,79.90
I001075,O00589,P032,3,749.00,0.00
I001076,O00590,P013,1,549.00,0.00
I001077,O00590,P016,1,7499.00,0.00
I001078,O00591,P007,1,74.99,0.00
I001079,O00592,P006,1,42.99,4.30
I001080,O00593,P022,2,1499.00,0.00
I001081,O00593,P009,1,1299.00,0.00
I001082,O00594,P018,2,1199.00,0.00
I001083,O00594,P003,1,129.99,0.00
I001084,O00595,P010,1,8999.00,0.00
I001085,O00596,P008,1,79.99,16.00
I001086,O00596,P019,1,399.00,0.00
I001087,O00597,P012,1,899.00,0.00
I001088,O00597,P012,2,899.00,0.00
I001089,O00598,P024,3,649.00,194.70
I001090,O00598,P005,2,64.99,13.00
I001091,O00599,P031,2,119.99,0.00
I001092,O00599,P028,3,799.00,0.00
I001093,O00599,P006,1,42.99,0.00
I001094,O00600,P022,1,1499.00,299.80
I001095,O00600,P016,1,7499.00,0.00
I001096,O00600,P035,1,1000.00,0.00
I001097,O00600,P015,1,6499.00,0.00
I001098,O00601,P016,1,7499.00,0.00
I001099,O00601,P002,1,89.99,0.00
I001100,O00602,P009,1,1299.00,0.00
I001101,O00602,P027,1,549.00,54.90
I001102,O00602,P004,2,119.99,0.00
I001103,O00603,P007,2,74.99,0.00
I001104,O00604,P027,1,549.00,0.00
I001105,O00605,P022,1,1499.00,0.00
I001106,O00606,P012,1,899.00,0.00
I001107,O00606,P028,2,799.00,159.80
I001108,O00607,P011,1,12999.00,0.00
I001109,O00608,P005,2,64.99,0.00
I001110,O00609,P013,1,549.00,0.00
I001111,O00609,P024,1,649.00,64.90
I001112,O00610,P020,1,999.00,0.00
I001113,O00610,P003,1,129.99,0.00
I001114,O00611,P006,3,42.99,0.00
I001115,O00612,P023,5,379.00,94.75
I001116,O00613,P025,1,299.00,29.90
I001117,O00614,P015,3,6499.00,1949.70
I001118,O00614,P010,2,8999.00,0.00
I001119,O00615,P022,1,1499.00,0.00
I001120,O00615,P019,1,399.00,39.90
I001121,O00615,P028,1,799.00,39.95
I001122,O00615,P025,1,299.00,59.80
I001123,O00616,P001,1,54.99,5.50
I001124,O00617,P005,1,64.99,0.00
I001125,O00618,P017,2,449.00,0.00
I001126,O00618,P009,3,1299.00,779.40
I001127,O00619,P009,1,1299.00,0.00
I001128,O00619,P021,1,699.00,34.95
I001129,O00620,P004,2,119.99,0.00
I001130,O00620,P001,1,54.99,0.00
I001131,O00621,P006,1,42.99,0.00
I001132,O00621,P035,3,1000.00,0.00
I001133,O00621,P006,1,42.99,0.00
I001134,O00622,P032,1,749.00,37.45
I001135,O00623,P014,1,349.00,0.00
I001136,O00624,P014,1,349.00,34.90
I001137,O00624,P028,1,799.00,0.00
I001138,O00624,P006,1,42.99,0.00
I001139,O00624,P006,1,42.99,2.15
I001140,O00625,P006,3,42.99,0.00
I001141,O00625,P020,1,999.00,0.00
I001142,O00625,P027,1,549.00,0.00
I001143,O00626,P001,1,54.99,5.50
I001144,O00626,P013,1,549.00,27.45
I001145,O00627,P021,1,699.00,69.90
I001146,O00627,P010,1,8999.00,0.00
I001147,O00628,P009,2,1299.00,0.00
I001148,O00628,P007,1,74.99,3.75
I001149,O00628,P013,1,549.00,0.00
I001150,O00628,P011,1,12999.00,0.00
I001151,O00629,P002,1,89.99,0.00
I001152,O00629,P008,2,79.99,0.00
I001153,O00629,P030,1,189.99,0.00
I001154,O00630,P030,1,189.99,0.00
I001155,O00630,P011,1,12999.00,0.00
I001156,O00630,P028,2,799.00,79.90
I001157,O00630,P007,5,74.99,37.49
I001158,O00631,P035,1,1000.00,0.00
I001159,O00631,P003,2,129.99,26.00
I001160,O00632,P008,1,79.99,4.00
I001161,O00632,P030,1,189.99,19.00
I001162,O00632,P026,1,249.00,0.00
I001163,O00633,P027,2,549.00,0.00
I001164,O00633,P027,1,549.00,0.00
I001165,O00633,P024,2,649.00,0.00
I001166,O00634,P013,1,549.00,0.00
I001167,O00634,P004,2,119.99,0.00
I001168,O00634,P009,3,1299.00,0.00
I001169,O00634,P012,1,899.00,0.00
I001170,O00635,P026,2,249.00,0.00
I001171,O00636,P001,2,54.99,0.00
I001172,O00637,P009,5,1299.00,0.00
I001173,O00637,P023,1,379.00,18.95
I001174,O00638,P017,2,449.00,0.00
I001175,O00639,P030,3,189.99,0.00
I001176,O00640,P014,1,349.00,0.00
I001177,O00640,P002,1,89.99,0.00
I001178,O00640,P005,1,64.99,0.00
I001179,O00641,P003,1,129.99,0.00
I001180,O00641,P023,1,379.00,0.00
I001181,O00641,P035,1,1000.00,0.00
I001182,O00642,P010,1,8999.00,0.00
I001183,O00642,P014,1,349.00,0.00
I001184,O00643,P019,1,399.00,39.90
I001185,O00644,P018,5,1199.00,0.00
I001186,O00645,P018,2,1199.00,0.00
I001187,O00646,P005,1,64.99,6.50
I001188,O00646,P033,1,250.00,0.00
I001189,O00647,P012,1,899.00,0.00
I001190,O00648,P001,2,54.99,0.00
I001191,O00649,P007,1,74.99,3.75
I001192,O00649,P005,1,64.99,0.00
I001193,O00650,P032,1,749.00,0.00
I001194,O00650,P008,1,79.99,0.00
I001195,O00650,P021,1,699.00,0.00
I001196,O00651,P030,1,189.99,19.00
I001197,O00652,P005,1,64.99,6.50
I001198,O00652,P027,2,549.00,0.00
I001199,O00653,P030,1,189.99,0.00
I001200,O00654,P001,1,54.99,11.00
I001201,O00655,P035,5,1000.00,500.00
I001202,O00655,P004,1,119.99,6.00
I001203,O00655,P008,1,79.99,0.00
I001204,O00656,P030,1,189.99,0.00
I001205,O00656,P010,2,8999.00,1799.80
I001206,O00656,P027,2,549.00,54.90
I001207,O00656,P034,1,500.00,0.00
I001208,O00657,P017,2,449.00,44.90
I001209,O00658,P005,1,64.99,0.00
I001210,O00658,P014,1,349.00,0.00
I001211,O00658,P025,1,299.00,0.00
I001212,O00659,P010,2,8999.00,0.00
I001213,O00659,P009,1,1299.00,0.00
I001214,O00660,P018,1,1199.00,59.95
I001215,O00661,P016,1,7499.00,0.00
I001216,O00661,P018,1,1199.00,59.95
I001217,O00662,P033,1,250.00,0.00
I001218,O00663,P013,1,549.00,0.00
I001219,O00663,P018,1,1199.00,0.00
I001220,O00663,P028,1,799.00,0.00
I001221,O00663,P016,3,7499.00,0.00
I001222,O00664,P026,1,249.00,0.00
I001223,O00665,P019,2,399.00,0.00
I001224,O00665,P033,3,250.00,0.00
I001225,O00666,P022,3,1499.00,0.00
I001226,O00667,P011,2,12999.00,2599.80
I001227,O00667,P023,5,379.00,0.00
I001228,O00667,P032,3,749.00,0.00
I001229,O00668,P011,2,12999.00,1299.90
I001230,O00668,P007,1,74.99,3.75
I001231,O00669,P024,1,649.00,64.90
I001232,O00669,P020,2,999.00,199.80
I001233,O00670,P027,2,549.00,54.90
I001234,O00671,P024,1,649.00,0.00
I001235,O00671,P025,2,299.00,119.60
I001236,O00671,P035,3,1000.00,0.00
I001237,O00671,P034,1,500.00,50.00
I001238,O00672,P034,2,500.00,100.00
I001239,O00673,P008,5,79.99,0.00
I001240,O00674,P011,1,12999.00,0.00
I001241,O00674,P019,1,399.00,0.00
I001242,O00675,P001,1,54.99,0.00
I001243,O00675,P019,2,399.00,0.00
I001244,O00676,P013,1,549.00,54.90
I001245,O00676,P019,1,399.00,0.00
I001246,O00676,P023,1,379.00,18.95
I001247,O00676,P025,1,299.00,59.80
I001248,O00677,P021,2,699.00,0.00
I001249,O00678,P020,1,999.00,0.00
I001250,O00679,P029,2,149.99,0.00
I001251,O00680,P002,3,89.99,0.00
I001252,O00681,P033,1,250.00,0.00
I001253,O00681,P019,1,399.00,39.90
I001254,O00681,P009,1,1299.00,0.00
I001255,O00682,P007,1,74.99,0.00
I001256,O00682,P019,1,399.00,19.95
I001257,O00682,P004,1,119.99,0.00
I001258,O00683,P009,1,1299.00,64.95
I001259,O00683,P010,1,8999.00,0.00
I001260,O00683,P001,2,54.99,0.00
I001261,O00683,P013,1,549.00,0.00
I001262,O00684,P033,1,250.00,0.00
I001263,O00685,P029,2,149.99,0.00
I001264,O00685,P028,1,799.00,0.00
I001265,O00686,P019,1,399.00,0.00
I001266,O00686,P032,1,749.00,0.00
I001267,O00687,P008,1,79.99,0.00
I001268,O00688,P023,5,379.00,0.00
I001269,O00689,P033,1,250.00,25.00
I001270,O00689,P034,1,500.00,0.00
I001271,O00689,P010,1,8999.00,449.95
I001272,O00690,P020,3,999.00,0.00
I001273,O00690,P031,1,119.99,0.00
I001274,O00690,P012,1,899.00,89.90
I001275,O00691,P026,1,249.00,0.00
I001276,O00691,P011,1,12999.00,649.95
I001277,O00692,P016,1,7499.00,749.90
I001278,O00692,P025,2,299.00,0.00
I001279,O00692,P005,1,64.99,0.00
I001280,O00693,P012,1,899.00,44.95
I001281,O00694,P029,2,149.99,0.00
I001282,O00695,P002,2,89.99,9.00
I001283,O00696,P035,3,1000.00,0.00
I001284,O00697,P023,1,379.00,37.90
I001285,O00697,P009,2,1299.00,0.00
I001286,O00698,P007,1,74.99,0.00
I001287,O00698,P035,1,1000.00,0.00
I001288,O00699,P011,5,12999.00,0.00
I001289,O00700,P004,1,119.99,12.00
I001290,O00701,P027,1,549.00,0.00
I001291,O00702,P004,1,119.99,0.00
I001292,O00702,P003,1,129.99,0.00
I001293,O00702,P027,1,549.00,0.00
I001294,O00702,P006,3,42.99,0.00
I001295,O00703,P023,1,379.00,0.00
I001296,O00704,P035,1,1000.00,0.00
I001297,O00704,P002,1,89.99,0.00
I001298,O00704,P025,2,299.00,0.00
I001299,O00705,P024,1,649.00,0.00
I001300,O00705,P004,1,119.99,0.00
I001301,O00705,P001,1,54.99,2.75
I001302,O00705,P035,1,1000.00,200.00
I001303,O00706,P003,1,129.99,0.00
I001304,O00707,P005,1,64.99,6.50
I001305,O00707,P014,1,349.00,17.45
I001306,O00708,P016,1,7499.00,0.00
I001307,O00708,P035,1,1000.00,0.00
I001308,O00709,P009,2,1299.00,0.00
I001309,O00710,P016,2,7499.00,0.00
I001310,O00711,P020,2,999.00,0.00
I001311,O00711,P018,2,1199.00,0.00
I001312,O00712,P028,1,799.00,39.95
I001313,O00713,P022,3,1499.00,449.70
I001314,O00713,P014,2,349.00,0.00
I001315,O00713,P028,3,799.00,119.85
I001316,O00714,P019,2,399.00,79.80
I001317,O00714,P030,1,189.99,9.50
I001318,O00714,P034,1,500.00,100.00
I001319,O00714,P030,2,189.99,38.00
I001320,O00715,P035,1,1000.00,0.00
I001321,O00715,P003,1,129.99,0.00
I001322,O00715,P017,2,449.00,89.80
I001323,O00715,P001,1,54.99,0.00
I001324,O00716,P003,5,129.99,0.00
I001325,O00717,P021,3,699.00,0.00
I001326,O00718,P004,1,119.99,6.00
I001327,O00719,P004,3,119.99,71.99
I001328,O00719,P017,1,449.00,44.90
I001329,O00720,P008,1,79.99,0.00
I001330,O00720,P021,1,699.00,69.90
I001331,O00721,P024,1,649.00,0.00
I001332,O00722,P003,1,129.99,0.00
I001333,O00723,P033,2,250.00,25.00
I001334,O00723,P014,1,349.00,0.00
I001335,O00724,P015,1,6499.00,1299.80
I001336,O00725,P004,1,119.99,6.00
I001337,O00725,P034,1,500.00,0.00
I001338,O00725,P019,3,399.00,0.00
I001339,O00726,P029,2,149.99,30.00
I001340,O00726,P024,1,649.00,0.00
I001341,O00727,P009,3,1299.00,0.00
I001342,O00728,P022,1,1499.00,0.00
I001343,O00728,P027,1,549.00,0.00
I001344,O00728,P032,2,749.00,74.90
I001345,O00729,P031,2,119.99,0.00
I001346,O00730,P034,3,500.00,150.00
I001347,O00730,P023,1,379.00,18.95
I001348,O00731,P007,5,74.99,0.00
I001349,O00731,P023,3,379.00,113.70
I001350,O00732,P012,2,899.00,0.00
I001351,O00732,P033,1,250.00,25.00
I001352,O00733,P018,3,1199.00,0.00
I001353,O00734,P028,1,799.00,0.00
I001354,O00734,P012,3,899.00,0.00
I001355,O00735,P023,1,379.00,0.00
I001356,O00736,P007,3,74.99,11.25
I001357,O00736,P010,1,8999.00,0.00
I001358,O00736,P033,2,250.00,0.00
I001359,O00737,P002,1,89.99,0.00
I001360,O00738,P008,2,79.99,16.00
I001361,O00738,P008,1,79.99,0.00
I001362,O00739,P023,2,379.00,37.90
I001363,O00740,P033,2,250.00,0.00
I001364,O00740,P021,3,699.00,0.00
I001365,O00741,P003,3,129.99,0.00
I001366,O00741,P016,1,7499.00,0.00
I001367,O00741,P015,2,6499.00,0.00
I001368,O00742,P006,3,42.99,12.90
I001369,O00743,P012,1,899.00,44.95
I001370,O00744,P012,3,899.00,269.70
I001371,O00744,P019,2,399.00,0.00
I001372,O00745,P019,1,399.00,0.00
I001373,O00746,P026,2,249.00,24.90
I001374,O00747,P014,3,349.00,52.35
I001375,O00748,P029,1,149.99,0.00
I001376,O00749,P029,1,149.99,0.00
I001377,O00750,P022,1,1499.00,0.00
I001378,O00750,P002,2,89.99,0.00
I001379,O00751,P024,1,649.00,129.80
I001380,O00751,P035,1,1000.00,50.00
I001381,O00752,P001,1,54.99,0.00
I001382,O00752,P034,1,500.00,0.00
I001383,O00753,P016,1,7499.00,374.95
I001384,O00753,P025,2,299.00,0.00
I001385,O00753,P018,3,1199.00,0.00
I001386,O00754,P007,2,74.99,7.50
I001387,O00754,P013,2,549.00,109.80
I001388,O00754,P021,1,699.00,34.95
I001389,O00755,P025,1,299.00,0.00
I001390,O00755,P027,1,549.00,0.00
I001391,O00756,P024,2,649.00,64.90
I001392,O00756,P029,1,149.99,30.00
I001393,O00757,P010,2,8999.00,3599.60
I001394,O00758,P010,1,8999.00,899.90
I001395,O00759,P022,2,1499.00,0.00
I001396,O00760,P032,1,749.00,0.00
I001397,O00761,P006,3,42.99,0.00
I001398,O00761,P005,1,64.99,3.25
I001399,O00761,P011,1,12999.00,0.00
I001400,O00762,P034,1,500.00,25.00
I001401,O00762,P027,1,549.00,0.00
I001402,O00763,P024,1,649.00,0.00
I001403,O00764,P017,1,449.00,0.00
I001404,O00765,P012,1,899.00,0.00
I001405,O00766,P030,1,189.99,0.00
I001406,O00767,P019,2,399.00,79.80
I001407,O00768,P013,1,549.00,0.00
I001408,O00768,P014,1,349.00,0.00
I001409,O00769,P018,5,1199.00,299.75
I001410,O00770,P010,1,8999.00,0.00
I001411,O00771,P031,1,119.99,0.00
I001412,O00772,P020,2,999.00,0.00
I001413,O00772,P006,3,42.99,12.90
I001414,O00773,P029,1,149.99,7.50
I001415,O00773,P008,1,79.99,0.00
I001416,O00773,P023,1,379.00,37.90
I001417,O00774,P013,1,549.00,0.00
I001418,O00774,P001,1,54.99,0.00
I001419,O00775,P033,3,250.00,0.00
I001420,O00775,P003,2,129.99,0.00
I001421,O00775,P026,1,249.00,12.45
I001422,O00776,P031,5,119.99,0.00
I001423,O00776,P032,1,749.00,37.45
I001424,O00776,P035,2,1000.00,0.00
I001425,O00777,P008,1,79.99,0.00
I001426,O00778,P002,1,89.99,4.50
I001427,O00778,P021,3,699.00,0.00
I001428,O00779,P004,1,119.99,12.00
I001429,O00779,P033,1,250.00,0.00
I001430,O00779,P012,1,899.00,0.00
I001431,O00780,P020,1,999.00,0.00
I001432,O00780,P022,1,1499.00,149.90
I001433,O00780,P006,1,42.99,0.00
I001434,O00780,P008,3,79.99,0.00
I001435,O00781,P001,1,54.99,0.00
I001436,O00782,P009,1,1299.00,0.00
I001437,O00782,P019,1,399.00,0.00
I001438,O00782,P021,1,699.00,69.90
I001439,O00783,P032,1,749.00,0.00
I001440,O00784,P025,1,299.00,0.00
I001441,O00785,P033,1,250.00,12.50
I001442,O00786,P008,1,79.99,0.00
I001443,O00787,P003,1,129.99,0.00
I001444,O00787,P023,3,379.00,0.00
I001445,O00788,P020,1,999.00,0.00
I001446,O00788,P002,1,89.99,0.00
I001447,O00788,P028,2,799.00,0.00
I001448,O00789,P003,5,129.99,65.00
I001449,O00790,P002,1,89.99,0.00
I001450,O00790,P020,3,999.00,599.40
I001451,O00791,P022,2,1499.00,0.00
I001452,O00792,P010,1,8999.00,0.00
I001453,O00792,P020,1,999.00,0.00
I001454,O00793,P024,1,649.00,0.00
I001455,O00793,P007,1,74.99,3.75
I001456,O00793,P014,3,349.00,52.35
I001457,O00794,P009,1,1299.00,0.00
I001458,O00795,P002,1,89.99,0.00
I001459,O00795,P016,1,7499.00,0.00
I001460,O00796,P009,1,1299.00,0.00
I001461,O00796,P020,1,999.00,0.00
I001462,O00797,P003,1,129.99,26.00
I001463,O00797,P012,1,899.00,44.95
I001464,O00797,P007,1,74.99,0.00
I001465,O00798,P009,1,1299.00,0.00
I001466,O00799,P020,1,999.00,49.95
I001467,O00799,P008,1,79.99,8.00
I001468,O00799,P029,1,149.99,7.50
I001469,O00800,P025,3,299.00,0.00
I001470,O00801,P030,1,189.99,0.00
I001471,O00801,P003,1,129.99,0.00
I001472,O00802,P019,2,399.00,0.00
I001473,O00803,P003,1,129.99,0.00
I001474,O00804,P010,2,8999.00,0.00
I001475,O00805,P034,1,500.00,0.00
I001476,O00805,P021,1,699.00,0.00
I001477,O00805,P007,1,74.99,15.00
I001478,O00806,P017,2,449.00,44.90
I001479,O00806,P006,2,42.99,0.00
I001480,O00806,P008,2,79.99,0.00
I001481,O00806,P020,1,999.00,0.00
I001482,O00807,P028,1,799.00,39.95
I001483,O00808,P019,1,399.00,0.00
I001484,O00809,P021,1,699.00,0.00
I001485,O00809,P021,1,699.00,0.00
I001486,O00809,P030,1,189.99,0.00
I001487,O00810,P023,2,379.00,0.00
I001488,O00811,P003,2,129.99,0.00
I001489,O00812,P024,1,649.00,32.45
I001490,O00812,P029,2,149.99,0.00
I001491,O00812,P011,2,12999.00,0.00
I001492,O00812,P027,5,549.00,0.00
I001493,O00813,P009,1,1299.00,259.80
I001494,O00813,P008,1,79.99,0.00
I001495,O00813,P008,1,79.99,0.00
I001496,O00813,P011,2,12999.00,5199.60
I001497,O00814,P021,2,699.00,0.00
I001498,O00814,P021,1,699.00,0.00
I001499,O00815,P012,1,899.00,0.00
I001500,O00816,P027,5,549.00,0.00
I001501,O00816,P002,1,89.99,0.00
I001502,O00817,P021,1,699.00,0.00
I001503,O00817,P031,2,119.99,48.00
I001504,O00817,P002,2,89.99,18.00
I001505,O00817,P025,1,299.00,29.90
I001506,O00818,P013,1,549.00,0.00
I001507,O00818,P002,1,89.99,0.00
I001508,O00819,P008,2,79.99,16.00
I001509,O00819,P011,1,12999.00,649.95
I001510,O00820,P031,3,119.99,0.00
I001511,O00820,P027,3,549.00,164.70
I001512,O00821,P029,1,149.99,7.50
I001513,O00821,P019,2,399.00,79.80
I001514,O00822,P028,2,799.00,0.00
I001515,O00822,P017,2,449.00,0.00
I001516,O00823,P016,2,7499.00,0.00
I001517,O00824,P017,1,449.00,22.45
I001518,O00825,P010,1,8999.00,0.00
I001519,O00825,P024,1,649.00,32.45
I001520,O00825,P020,3,999.00,0.00
I001521,O00826,P010,1,8999.00,899.90
I001522,O00826,P017,2,449.00,0.00
I001523,O00827,P034,1,500.00,0.00
I001524,O00827,P011,5,12999.00,0.00
I001525,O00827,P033,1,250.00,0.00
I001526,O00828,P025,1,299.00,59.80
I001527,O00828,P022,1,1499.00,0.00
I001528,O00829,P032,1,749.00,74.90
I001529,O00830,P015,2,6499.00,0.00
I001530,O00830,P003,1,129.99,0.00
I001531,O00831,P006,5,42.99,0.00
I001532,O00831,P034,1,500.00,0.00
I001533,O00832,P030,1,189.99,38.00
I001534,O00832,P018,1,1199.00,0.00
I001535,O00833,P016,1,7499.00,0.00
I001536,O00834,P013,1,549.00,0.00
I001537,O00834,P031,1,119.99,0.00
I001538,O00835,P029,2,149.99,0.00
I001539,O00835,P030,5,189.99,0.00
I001540,O00835,P027,1,549.00,0.00
I001541,O00836,P016,1,7499.00,374.95
I001542,O00836,P033,1,250.00,0.00
I001543,O00836,P012,1,899.00,0.00
I001544,O00837,P020,1,999.00,99.90
I001545,O00838,P020,1,999.00,0.00
I001546,O00839,P010,1,8999.00,0.00
I001547,O00839,P026,2,249.00,49.80
I001548,O00840,P027,2,549.00,0.00
I001549,O00840,P017,1,449.00,44.90
I001550,O00841,P029,1,149.99,0.00
I001551,O00841,P027,1,549.00,54.90
I001552,O00842,P002,2,89.99,0.00
I001553,O00842,P017,1,449.00,0.00
I001554,O00842,P021,1,699.00,0.00
I001555,O00843,P018,1,1199.00,0.00
I001556,O00844,P025,2,299.00,59.80
I001557,O00844,P032,1,749.00,149.80
I001558,O00844,P025,1,299.00,0.00
I001559,O00844,P022,1,1499.00,0.00
I001560,O00845,P027,2,549.00,109.80
I001561,O00846,P017,1,449.00,44.90
I001562,O00846,P002,1,89.99,4.50
I001563,O00847,P021,1,699.00,0.00
I001564,O00848,P002,1,89.99,0.00
I001565,O00848,P028,1,799.00,0.00
I001566,O00849,P003,3,129.99,39.00
I001567,O00849,P021,2,699.00,0.00
I001568,O00850,P035,1,1000.00,0.00
I001569,O00850,P006,1,42.99,0.00
I001570,O00850,P013,2,549.00,54.90
I001571,O00851,P022,1,1499.00,0.00
I001572,O00852,P002,1,89.99,0.00
I001573,O00853,P015,1,6499.00,324.95
I001574,O00854,P010,1,8999.00,0.00
I001575,O00854,P020,1,999.00,0.00
I001576,O00854,P003,2,129.99,0.00
I001577,O00854,P005,1,64.99,0.00
I001578,O00855,P014,2,349.00,0.00
I001579,O00856,P014,1,349.00,0.00
I001580,O00856,P026,1,249.00,12.45
I001581,O00856,P008,1,79.99,0.00
I001582,O00857,P023,2,379.00,0.00
I001583,O00857,P013,1,549.00,0.00
I001584,O00858,P025,2,299.00,0.00
I001585,O00859,P020,1,999.00,49.95
I001586,O00860,P021,1,699.00,69.90
I001587,O00860,P012,1,899.00,0.00
I001588,O00861,P019,1,399.00,0.00
I001589,O00861,P011,1,12999.00,0.00
I001590,O00861,P034,5,500.00,125.00
I001591,O00862,P014,1,349.00,0.00
I001592,O00863,P031,1,119.99,12.00
I001593,O00864,P011,1,12999.00,0.00
I001594,O00864,P015,1,6499.00,1299.80
I001595,O00865,P001,1,54.99,0.00
I001596,O00866,P007,1,74.99,3.75
I001597,O00866,P013,1,549.00,0.00
I001598,O00867,P007,1,74.99,0.00
I001599,O00868,P018,2,1199.00,0.00
I001600,O00868,P028,1,799.00,0.00
I001601,O00869,P012,1,899.00,0.00
I001602,O00869,P016,1,7499.00,0.00
I001603,O00869,P031,1,119.99,0.00
I001604,O00870,P029,1,149.99,0.00
I001605,O00871,P032,2,749.00,0.00
I001606,O00872,P035,1,1000.00,0.00
I001607,O00873,P029,1,149.99,30.00
I001608,O00874,P010,2,8999.00,0.00
I001609,O00874,P002,1,89.99,4.50
I001610,O00875,P035,1,1000.00,200.00
I001611,O00875,P034,1,500.00,0.00
I001612,O00876,P010,1,8999.00,1799.80
I001613,O00876,P028,2,799.00,0.00
I001614,O00876,P026,1,249.00,24.90
I001615,O00876,P027,3,549.00,0.00
I001616,O00877,P005,1,64.99,0.00
I001617,O00877,P010,1,8999.00,0.00
I001618,O00877,P016,1,7499.00,0.00
I001619,O00877,P027,1,549.00,0.00
I001620,O00878,P010,1,8999.00,0.00
I001621,O00879,P031,1,119.99,0.00
I001622,O00879,P008,1,79.99,0.00
I001623,O00880,P003,1,129.99,13.00
I001624,O00880,P008,2,79.99,0.00
I001625,O00880,P011,3,12999.00,1949.85
I001626,O00881,P024,1,649.00,64.90
I001627,O00881,P032,2,749.00,299.60
I001628,O00881,P027,1,549.00,0.00
I001629,O00881,P018,2,1199.00,119.90
I001630,O00882,P023,1,379.00,0.00
I001631,O00883,P007,5,74.99,37.49
I001632,O00883,P032,1,749.00,74.90
I001633,O00884,P007,1,74.99,0.00
I001634,O00885,P026,2,249.00,0.00
I001635,O00886,P028,2,799.00,0.00
I001636,O00886,P012,1,899.00,179.80
I001637,O00886,P007,1,74.99,0.00
I001638,O00886,P002,2,89.99,18.00
I001639,O00887,P029,2,149.99,0.00
I001640,O00888,P021,2,699.00,69.90
I001641,O00888,P012,2,899.00,179.80
I001642,O00888,P022,1,1499.00,0.00
I001643,O00889,P026,1,249.00,0.00
I001644,O00890,P029,3,149.99,22.50
I001645,O00891,P019,2,399.00,0.00
I001646,O00891,P026,1,249.00,0.00
I001647,O00891,P006,1,42.99,0.00
I001648,O00892,P009,3,1299.00,0.00
I001649,O00893,P003,1,129.99,0.00
I001650,O00894,P015,1,6499.00,649.90
I001651,O00895,P029,1,149.99,0.00
I001652,O00895,P013,1,549.00,54.90
I001653,O00896,P024,2,649.00,0.00
I001654,O00896,P024,1,649.00,64.90
I001655,O00897,P016,2,7499.00,0.00
I001656,O00897,P007,5,74.99,18.75
I001657,O00897,P033,2,250.00,0.00
I001658,O00898,P015,1,6499.00,0.00
I001659,O00898,P004,1,119.99,0.00
I001660,O00899,P004,3,119.99,0.00
I001661,O00900,P017,3,449.00,67.35
I001662,O00901,P029,1,149.99,7.50
I001663,O00902,P021,3,699.00,419.40
I001664,O00902,P004,2,119.99,0.00
I001665,O00902,P008,2,79.99,0.00
I001666,O00903,P012,2,899.00,0.00
I001667,O00903,P032,2,749.00,0.00
I001668,O00903,P007,3,74.99,0.00
I001669,O00903,P025,2,299.00,0.00
I001670,O00904,P028,3,799.00,0.00
I001671,O00905,P022,1,1499.00,0.00
I001672,O00905,P017,1,449.00,0.00
I001673,O00906,P001,1,54.99,0.00
I001674,O00906,P002,2,89.99,0.00
I001675,O00906,P024,2,649.00,259.60
I001676,O00906,P013,2,549.00,0.00
I001677,O00907,P024,1,649.00,64.90
I001678,O00908,P035,3,1000.00,150.00
I001679,O00908,P008,2,79.99,0.00
I001680,O00909,P032,1,749.00,0.00
I001681,O00909,P022,3,1499.00,449.70
I001682,O00909,P025,2,299.00,119.60
I001683,O00910,P032,1,749.00,0.00
I001684,O00910,P023,1,379.00,75.80
I001685,O00910,P031,2,119.99,24.00
I001686,O00910,P007,2,74.99,0.00
I001687,O00911,P013,1,549.00,0.00
I001688,O00911,P013,1,549.00,0.00
I001689,O00911,P026,1,249.00,0.00
I001690,O00912,P019,2,399.00,39.90
I001691,O00913,P035,1,1000.00,0.00
I001692,O00913,P004,1,119.99,0.00
I001693,O00914,P028,2,799.00,0.00
I001694,O00914,P012,1,899.00,44.95
I001695,O00914,P003,3,129.99,0.00
I001696,O00915,P014,1,349.00,0.00
I001697,O00916,P016,2,7499.00,1499.80
I001698,O00917,P003,1,129.99,0.00
I001699,O00917,P017,3,449.00,0.00
I001700,O00917,P020,1,999.00,99.90
I001701,O00918,P013,2,549.00,0.00
I001702,O00919,P015,1,6499.00,0.00
I001703,O00920,P026,1,249.00,0.00
I001704,O00920,P017,1,449.00,0.00
I001705,O00921,P003,1,129.99,0.00
I001706,O00922,P016,1,7499.00,0.00
I001707,O00922,P010,1,8999.00,449.95
I001708,O00922,P033,2,250.00,0.00
I001709,O00923,P012,1,899.00,0.00
I001710,O00924,P012,2,899.00,0.00
I001711,O00925,P019,1,399.00,0.00
I001712,O00925,P021,1,699.00,34.95
I001713,O00926,P024,1,649.00,64.90
I001714,O00926,P015,1,6499.00,0.00
I001715,O00926,P004,2,119.99,12.00
I001716,O00926,P008,2,79.99,8.00
I001717,O00927,P025,1,299.00,0.00
I001718,O00927,P029,3,149.99,0.00
I001719,O00928,P010,1,8999.00,899.90
I001720,O00928,P015,1,6499.00,0.00
I001721,O00928,P012,5,899.00,0.00
I001722,O00929,P030,1,189.99,19.00
I001723,O00930,P026,1,249.00,0.00
I001724,O00931,P026,1,249.00,0.00
I001725,O00932,P024,3,649.00,0.00
I001726,O00932,P027,1,549.00,0.00
I001727,O00933,P027,1,549.00,0.00
I001728,O00933,P011,2,12999.00,2599.80
I001729,O00933,P028,1,799.00,0.00
I001730,O00934,P010,2,8999.00,0.00
I001731,O00934,P013,1,549.00,0.00
I001732,O00935,P034,2,500.00,100.00
I001733,O00935,P007,2,74.99,0.00
I001734,O00935,P001,3,54.99,16.50
I001735,O00936,P014,1,349.00,0.00
I001736,O00937,P007,2,74.99,0.00
I001737,O00938,P031,2,119.99,0.00
I001738,O00939,P003,1,129.99,0.00
I001739,O00940,P029,1,149.99,0.00
I001740,O00940,P002,5,89.99,89.99
I001741,O00940,P023,3,379.00,227.40
I001742,O00941,P010,1,8999.00,899.90
I001743,O00942,P006,1,42.99,8.60
I001744,O00942,P032,1,749.00,74.90
I001745,O00942,P027,5,549.00,0.00
I001746,O00942,P017,1,449.00,0.00
I001747,O00943,P020,1,999.00,199.80
I001748,O00944,P022,1,1499.00,0.00
I001749,O00944,P001,2,54.99,0.00
I001750,O00945,P025,1,299.00,29.90
I001751,O00945,P028,1,799.00,0.00
I001752,O00946,P006,2,42.99,8.60
I001753,O00946,P033,3,250.00,0.00
I001754,O00946,P009,2,1299.00,0.00
I001755,O00947,P005,1,64.99,0.00
I001756,O00947,P022,3,1499.00,0.00
I001757,O00947,P010,1,8999.00,1799.80
I001758,O00948,P004,2,119.99,0.00
I001759,O00948,P006,1,42.99,2.15
I001760,O00949,P025,1,299.00,0.00
I001761,O00949,P031,2,119.99,12.00
I001762,O00950,P029,1,149.99,0.00
I001763,O00950,P012,5,899.00,0.00
I001764,O00950,P035,1,1000.00,0.00
I001765,O00951,P026,2,249.00,0.00
I001766,O00952,P016,1,7499.00,374.95
I001767,O00952,P017,1,449.00,0.00
I001768,O00952,P004,1,119.99,0.00
I001769,O00953,P029,1,149.99,7.50
I001770,O00953,P006,1,42.99,2.15
I001771,O00953,P024,2,649.00,0.00
I001772,O00954,P031,1,119.99,0.00
I001773,O00955,P027,1,549.00,0.00
I001774,O00955,P026,1,249.00,24.90
I001775,O00956,P009,2,1299.00,0.00
I001776,O00957,P012,1,899.00,179.80
I001777,O00957,P014,1,349.00,0.00
I001778,O00958,P018,1,1199.00,0.00
I001779,O00959,P004,1,119.99,0.00
I001780,O00959,P021,2,699.00,0.00
I001781,O00959,P010,1,8999.00,1799.80
I001782,O00959,P014,1,349.00,0.00
I001783,O00960,P009,1,1299.00,0.00
I001784,O00960,P024,2,649.00,129.80
I001785,O00961,P014,3,349.00,52.35
I001786,O00962,P022,2,1499.00,299.80
I001787,O00963,P016,1,7499.00,0.00
I001788,O00963,P002,1,89.99,9.00
I001789,O00964,P018,1,1199.00,0.00
I001790,O00964,P013,2,549.00,0.00
I001791,O00965,P021,1,699.00,0.00
I001792,O00965,P010,2,8999.00,3599.60
I001793,O00966,P008,1,79.99,0.00
I001794,O00966,P013,1,549.00,0.00
I001795,O00966,P016,2,7499.00,0.00
I001796,O00966,P001,1,54.99,0.00
I001797,O00967,P010,1,8999.00,0.00
I001798,O00968,P030,1,189.99,0.00
I001799,O00969,P021,2,699.00,0.00
I001800,O00970,P003,2,129.99,0.00
I001801,O00970,P003,3,129.99,0.00
I001802,O00970,P009,1,1299.00,129.90
I001803,O00971,P024,5,649.00,0.00
I001804,O00972,P026,2,249.00,0.00
I001805,O00972,P006,2,42.99,0.00
I001806,O00973,P015,1,6499.00,0.00
I001807,O00974,P025,2,299.00,29.90
I001808,O00975,P005,1,64.99,0.00
I001809,O00975,P014,1,349.00,0.00
I001810,O00976,P014,1,349.00,0.00
I001811,O00977,P017,1,449.00,0.00
I001812,O00977,P017,1,449.00,22.45
I001813,O00977,P029,1,149.99,0.00
I001814,O00978,P007,2,74.99,15.00
I001815,O00979,P020,1,999.00,0.00
I001816,O00980,P020,1,999.00,99.90
I001817,O00980,P022,1,1499.00,299.80
I001818,O00981,P019,2,399.00,39.90
I001819,O00981,P016,1,7499.00,0.00
I001820,O00982,P020,1,999.00,49.95
I001821,O00982,P011,1,12999.00,0.00
I001822,O00982,P013,5,549.00,137.25
I001823,O00982,P024,1,649.00,0.00
I001824,O00983,P014,1,349.00,0.00
I001825,O00983,P002,3,89.99,27.00
I001826,O00983,P012,1,899.00,0.00
I001827,O00983,P016,1,7499.00,749.90
I001828,O00984,P010,1,8999.00,0.00
I001829,O00985,P001,1,54.99,0.00
I001830,O00986,P018,5,1199.00,0.00
I001831,O00987,P028,1,799.00,39.95
I001832,O00987,P015,2,6499.00,649.90
I001833,O00988,P024,2,649.00,0.00
I001834,O00988,P035,1,1000.00,50.00
I001835,O00989,P019,1,399.00,19.95
I001836,O00990,P017,3,449.00,0.00
I001837,O00991,P022,1,1499.00,149.90
I001838,O00991,P010,1,8999.00,0.00
I001839,O00991,P011,2,12999.00,0.00
I001840,O00992,P033,1,250.00,0.00
I001841,O00992,P001,1,54.99,0.00
I001842,O00992,P011,2,12999.00,1299.90
I001843,O00993,P034,2,500.00,0.00
I001844,O00993,P023,2,379.00,37.90
I001845,O00993,P007,1,74.99,0.00
I001846,O00993,P010,2,8999.00,1799.80
I001847,O00994,P005,2,64.99,0.00
I001848,O00994,P026,1,249.00,0.00
I001849,O00995,P014,1,349.00,17.45
I001850,O00996,P026,1,249.00,0.00
I001851,O00997,P003,2,129.99,52.00
I001852,O00997,P032,1,749.00,0.00
I001853,O00997,P031,3,119.99,0.00
I001854,O00998,P032,5,749.00,0.00
I001855,O00998,P032,2,749.00,0.00
I001856,O00998,P017,1,449.00,0.00
I001857,O00998,P007,1,74.99,3.75
I001858,O00999,P014,1,349.00,0.00
I001859,O00999,P009,1,1299.00,64.95
I001860,O00999,P002,3,89.99,0.00
I001861,O01000,P004,1,119.99,0.00
I001862,O01000,P034,1,500.00,50.00
I001863,O01000,P019,2,399.00,0.00
I001864,O01000,P022,1,1499.00,74.95
I001865,O01001,P012,2,899.00,0.00
I001866,O01001,P012,1,899.00,89.90
I001867,O01001,P032,1,749.00,0.00
I001868,O01002,P002,1,89.99,0.00
I001869,O01002,P028,1,799.00,0.00
I001870,O01002,P024,2,649.00,0.00
I001871,O01002,P031,1,119.99,0.00
I001872,O01003,P031,1,119.99,12.00
I001873,O01003,P009,1,1299.00,0.00
I001874,O01004,P017,1,449.00,89.80
I001875,O01005,P020,1,999.00,49.95
I001876,O01006,P034,1,500.00,50.00
I001877,O01006,P009,1,1299.00,0.00
I001878,O01007,P025,1,299.00,0.00
I001879,O01008,P005,1,64.99,13.00
I001880,O01008,P005,1,64.99,0.00
I001881,O01008,P027,2,549.00,0.00
I001882,O01009,P026,1,249.00,12.45
I001883,O01010,P009,1,1299.00,259.80
I001884,O01010,P033,3,250.00,0.00
I001885,O01011,P002,1,89.99,0.00
I001886,O01012,P022,1,1499.00,0.00
I001887,O01013,P009,1,1299.00,0.00
I001888,O01013,P032,5,749.00,0.00
I001889,O01013,P005,1,64.99,0.00
I001890,O01014,P016,1,7499.00,0.00
I001891,O01015,P028,2,799.00,0.00
I001892,O01016,P035,1,1000.00,0.00
I001893,O01016,P030,1,189.99,0.00
I001894,O01017,P012,3,899.00,269.70
I001895,O01017,P024,1,649.00,0.00
I001896,O01017,P018,3,1199.00,0.00
I001897,O01018,P026,1,249.00,0.00
I001898,O01019,P018,1,1199.00,0.00
I001899,O01019,P018,1,1199.00,0.00
I001900,O01020,P024,2,649.00,259.60
I001901,O01021,P028,1,799.00,79.90
I001902,O01021,P004,1,119.99,0.00
I001903,O01021,P018,1,1199.00,0.00
I001904,O01022,P002,1,89.99,0.00
I001905,O01023,P011,1,12999.00,649.95
I001906,O01023,P018,2,1199.00,0.00
I001907,O01024,P015,1,6499.00,0.00
I001908,O01025,P006,1,42.99,0.00
I001909,O01026,P014,3,349.00,0.00
I001910,O01026,P034,1,500.00,0.00
I001911,O01026,P033,1,250.00,25.00
I001912,O01027,P025,1,299.00,0.00
I001913,O01027,P014,1,349.00,0.00
I001914,O01028,P016,2,7499.00,0.00
I001915,O01028,P002,1,89.99,0.00
I001916,O01028,P025,1,299.00,0.00
I001917,O01028,P029,3,149.99,0.00
I001918,O01029,P034,1,500.00,50.00
I001919,O01030,P011,1,12999.00,649.95
I001920,O01031,P028,1,799.00,79.90
I001921,O01032,P004,1,119.99,6.00
I001922,O01033,P002,2,89.99,0.00
I001923,O01034,P008,2,79.99,0.00
I001924,O01035,P011,2,12999.00,0.00
I001925,O01036,P010,2,8999.00,0.00
I001926,O01037,P008,2,79.99,0.00
I001927,O01038,P032,2,749.00,0.00
I001928,O01038,P035,2,1000.00,200.00
I001929,O01039,P017,1,449.00,0.00
I001930,O01039,P033,2,250.00,0.00
I001931,O01040,P027,1,549.00,0.00
I001932,O01041,P029,3,149.99,22.50
I001933,O01041,P009,2,1299.00,0.00
I001934,O01041,P016,1,7499.00,749.90
I001935,O01042,P014,1,349.00,0.00
I001936,O01043,P004,1,119.99,12.00
I001937,O01044,P003,3,129.99,39.00
I001938,O01044,P031,1,119.99,0.00
I001939,O01045,P018,1,1199.00,0.00
I001940,O01045,P034,1,500.00,0.00
I001941,O01046,P008,3,79.99,12.00
I001942,O01046,P028,2,799.00,0.00
I001943,O01046,P033,1,250.00,50.00
I001944,O01047,P010,1,8999.00,899.90
I001945,O01047,P006,1,42.99,0.00
I001946,O01048,P013,1,549.00,54.90
I001947,O01049,P005,1,64.99,0.00
I001948,O01050,P032,1,749.00,37.45
I001949,O01051,P022,2,1499.00,0.00
I001950,O01052,P002,1,89.99,0.00
I001951,O01053,P020,2,999.00,0.00
I001952,O01054,P030,3,189.99,57.00
I001953,O01054,P035,1,1000.00,0.00
I001954,O01054,P026,1,249.00,0.00
I001955,O01054,P006,1,42.99,0.00
I001956,O01055,P028,1,799.00,0.00
I001957,O01056,P026,1,249.00,0.00
I001958,O01056,P016,1,7499.00,0.00
I001959,O01057,P001,1,54.99,0.00
I001960,O01058,P004,1,119.99,0.00
I001961,O01059,P023,2,379.00,0.00
I001962,O01059,P011,3,12999.00,0.00
I001963,O01059,P003,5,129.99,0.00
I001964,O01060,P032,1,749.00,0.00
I001965,O01061,P017,1,449.00,22.45
I001966,O01061,P033,1,250.00,0.00
I001967,O01062,P029,1,149.99,0.00
I001968,O01062,P019,2,399.00,79.80
I001969,O01063,P030,1,189.99,0.00
I001970,O01064,P010,2,8999.00,0.00
I001971,O01065,P020,3,999.00,0.00
I001972,O01065,P031,2,119.99,0.00
I001973,O01066,P025,1,299.00,0.00
I001974,O01066,P026,2,249.00,49.80
I001975,O01066,P029,1,149.99,0.00
I001976,O01067,P012,1,899.00,44.95
I001977,O01067,P017,1,449.00,0.00
I001978,O01067,P022,1,1499.00,149.90
I001979,O01068,P027,1,549.00,0.00
I001980,O01068,P024,2,649.00,129.80
I001981,O01069,P022,2,1499.00,299.80
I001982,O01070,P013,1,549.00,109.80
I001983,O01070,P003,1,129.99,6.50
I001984,O01071,P027,1,549.00,109.80
I001985,O01072,P015,3,6499.00,1949.70
I001986,O01072,P015,1,6499.00,0.00
I001987,O01072,P003,2,129.99,13.00
I001988,O01073,P029,1,149.99,0.00
I001989,O01074,P027,1,549.00,54.90
I001990,O01074,P020,2,999.00,99.90
I001991,O01075,P025,1,299.00,0.00
I001992,O01075,P035,2,1000.00,0.00
I001993,O01075,P028,1,799.00,0.00
I001994,O01076,P019,2,399.00,0.00
I001995,O01077,P020,5,999.00,249.75
I001996,O01077,P005,1,64.99,0.00
I001997,O01077,P008,2,79.99,0.00
I001998,O01077,P016,1,7499.00,374.95
I001999,O01078,P035,1,1000.00,0.00
I002000,O01079,P013,1,549.00,0.00
I002001,O01080,P035,1,1000.00,200.00
I002002,O01080,P023,1,379.00,37.90
I002003,O01081,P013,2,549.00,0.00
I002004,O01082,P032,1,749.00,0.00
I002005,O01082,P021,2,699.00,0.00
I002006,O01082,P003,1,129.99,0.00
I002007,O01082,P023,1,379.00,18.95
I002008,O01083,P007,1,74.99,0.00
I002009,O01084,P008,2,79.99,0.00
I002010,O01084,P021,1,699.00,0.00
I002011,O01084,P028,1,799.00,79.90
I002012,O01085,P018,1,1199.00,0.00
I002013,O01085,P005,5,64.99,0.00
I002014,O01085,P032,1,749.00,0.00
I002015,O01085,P002,1,89.99,0.00
I002016,O01086,P024,1,649.00,129.80
I002017,O01086,P022,1,1499.00,0.00
I002018,O01086,P014,1,349.00,0.00
I002019,O01087,P006,2,42.99,0.00
I002020,O01087,P035,1,1000.00,0.00
I002021,O01087,P020,1,999.00,0.00
I002022,O01088,P004,1,119.99,0.00
I002023,O01089,P035,1,1000.00,0.00
I002024,O01090,P007,2,74.99,0.00
I002025,O01091,P027,1,549.00,0.00
I002026,O01091,P018,1,1199.00,59.95
I002027,O01092,P025,1,299.00,0.00
I002028,O01092,P023,1,379.00,75.80
I002029,O01093,P017,2,449.00,0.00
I002030,O01093,P008,1,79.99,0.00
I002031,O01094,P016,1,7499.00,0.00
I002032,O01094,P016,2,7499.00,749.90
I002033,O01094,P026,1,249.00,0.00
I002034,O01094,P008,1,79.99,4.00
I002035,O01095,P010,1,8999.00,0.00
I002036,O01096,P029,2,149.99,30.00
I002037,O01096,P010,1,8999.00,0.00
I002038,O01097,P028,1,799.00,0.00
I002039,O01098,P019,1,399.00,0.00
I002040,O01099,P020,2,999.00,0.00
I002041,O01099,P018,2,1199.00,479.60
I002042,O01100,P032,1,749.00,149.80
I002043,O01100,P033,2,250.00,0.00
I002044,O01100,P018,2,1199.00,0.00
I002045,O01101,P002,1,89.99,18.00
I002046,O01101,P007,1,74.99,0.00
I002047,O01102,P034,3,500.00,0.00
I002048,O01102,P034,1,500.00,100.00
I002049,O01103,P020,2,999.00,0.00
I002050,O01104,P023,1,379.00,0.00
I002051,O01104,P013,3,549.00,0.00
I002052,O01104,P022,1,1499.00,74.95
I002053,O01104,P035,1,1000.00,0.00
I002054,O01105,P027,3,549.00,0.00
I002055,O01106,P029,2,149.99,0.00
I002056,O01106,P014,1,349.00,0.00
I002057,O01106,P017,1,449.00,0.00
I002058,O01106,P008,5,79.99,0.00
I002059,O01107,P006,2,42.99,4.30
I002060,O01107,P035,2,1000.00,200.00
I002061,O01108,P001,3,54.99,0.00
I002062,O01108,P014,2,349.00,69.80
I002063,O01108,P007,1,74.99,0.00
I002064,O01109,P029,1,149.99,0.00
I002065,O01110,P011,1,12999.00,0.00
I002066,O01111,P029,1,149.99,0.00
I002067,O01112,P028,1,799.00,0.00
I002068,O01112,P011,1,12999.00,0.00
I002069,O01112,P024,1,649.00,0.00
I002070,O01113,P007,1,74.99,3.75
I002071,O01114,P022,3,1499.00,0.00
I002072,O01114,P035,2,1000.00,0.00
I002073,O01115,P014,3,349.00,52.35
I002074,O01116,P006,3,42.99,0.00
I002075,O01116,P009,3,1299.00,0.00
I002076,O01117,P009,1,1299.00,0.00
I002077,O01117,P015,2,6499.00,0.00
I002078,O01117,P004,1,119.99,0.00
I002079,O01118,P017,1,449.00,0.00
I002080,O01118,P012,1,899.00,0.00
I002081,O01119,P010,2,8999.00,0.00
I002082,O01120,P022,1,1499.00,74.95
I002083,O01120,P002,2,89.99,9.00
I002084,O01121,P006,1,42.99,0.00
I002085,O01121,P007,1,74.99,7.50
I002086,O01122,P010,5,8999.00,0.00
I002087,O01123,P011,1,12999.00,1299.90
I002088,O01124,P010,1,8999.00,449.95
I002089,O01124,P033,2,250.00,0.00
I002090,O01124,P025,1,299.00,0.00
I002091,O01125,P025,1,299.00,0.00
I002092,O01125,P024,2,649.00,0.00
I002093,O01125,P010,1,8999.00,0.00
I002094,O01126,P004,1,119.99,12.00
I002095,O01127,P004,1,119.99,0.00
I002096,O01127,P030,1,189.99,9.50
I002097,O01128,P008,3,79.99,0.00
I002098,O01129,P017,5,449.00,0.00
I002099,O01130,P013,1,549.00,0.00
I002100,O01131,P019,2,399.00,0.00
I002101,O01131,P020,1,999.00,0.00
I002102,O01132,P028,1,799.00,0.00
I002103,O01132,P017,1,449.00,44.90
I002104,O01132,P025,1,299.00,59.80
I002105,O01133,P003,1,129.99,6.50
I002106,O01133,P024,1,649.00,32.45
I002107,O01133,P019,1,399.00,39.90
I002108,O01134,P019,1,399.00,79.80
I002109,O01134,P034,1,500.00,50.00
I002110,O01134,P015,2,6499.00,0.00
I002111,O01135,P009,1,1299.00,129.90
I002112,O01135,P004,2,119.99,0.00
I002113,O01136,P023,1,379.00,0.00
I002114,O01137,P006,1,42.99,0.00
I002115,O01137,P034,1,500.00,50.00
I002116,O01137,P008,1,79.99,0.00
I002117,O01138,P026,2,249.00,99.60
I002118,O01139,P033,1,250.00,50.00
I002119,O01139,P025,1,299.00,59.80
I002120,O01139,P027,2,549.00,54.90
I002121,O01140,P002,1,89.99,0.00
I002122,O01140,P027,1,549.00,0.00
I002123,O01140,P034,3,500.00,0.00
I002124,O01140,P025,1,299.00,0.00
I002125,O01141,P027,3,549.00,164.70
I002126,O01141,P014,1,349.00,0.00
I002127,O01141,P023,1,379.00,0.00
I002128,O01141,P020,1,999.00,99.90
I002129,O01142,P015,1,6499.00,0.00
I002130,O01143,P011,3,12999.00,0.00
I002131,O01144,P006,1,42.99,0.00
I002132,O01145,P024,2,649.00,64.90
I002133,O01146,P003,1,129.99,0.00
I002134,O01146,P009,1,1299.00,129.90
I002135,O01146,P003,3,129.99,39.00
I002136,O01147,P002,1,89.99,4.50
I002137,O01147,P005,1,64.99,3.25
I002138,O01148,P028,1,799.00,0.00
I002139,O01149,P010,2,8999.00,3599.60
I002140,O01149,P017,1,449.00,89.80
I002141,O01150,P013,1,549.00,0.00
I002142,O01150,P034,1,500.00,0.00
I002143,O01150,P015,2,6499.00,0.00
I002144,O01150,P008,1,79.99,4.00
I002145,O01151,P005,2,64.99,0.00
I002146,O01151,P012,3,899.00,134.85
I002147,O01152,P027,2,549.00,0.00
I002148,O01152,P025,3,299.00,44.85
I002149,O01153,P030,1,189.99,0.00
I002150,O01153,P010,1,8999.00,0.00
I002151,O01154,P033,3,250.00,0.00
I002152,O01155,P015,1,6499.00,0.00
I002153,O01155,P028,1,799.00,0.00
I002154,O01155,P004,1,119.99,6.00
I002155,O01156,P002,2,89.99,0.00
I002156,O01157,P024,2,649.00,129.80
I002157,O01158,P019,2,399.00,79.80
I002158,O01158,P027,3,549.00,0.00
I002159,O01158,P010,3,8999.00,0.00
I002160,O01159,P035,2,1000.00,0.00
I002161,O01159,P018,1,1199.00,0.00
I002162,O01159,P025,1,299.00,0.00
I002163,O01160,P010,2,8999.00,1799.80
I002164,O01160,P021,1,699.00,139.80
I002165,O01161,P016,1,7499.00,374.95
I002166,O01161,P033,1,250.00,25.00
I002167,O01162,P033,1,250.00,0.00
I002168,O01163,P033,1,250.00,0.00
I002169,O01163,P013,2,549.00,0.00
I002170,O01163,P002,1,89.99,0.00
I002171,O01164,P021,1,699.00,0.00
I002172,O01164,P012,3,899.00,0.00
I002173,O01165,P018,1,1199.00,119.90
I002174,O01166,P009,2,1299.00,129.90
I002175,O01166,P027,2,549.00,0.00
I002176,O01166,P023,1,379.00,18.95
I002177,O01166,P032,2,749.00,149.80
I002178,O01167,P005,2,64.99,0.00
I002179,O01167,P026,3,249.00,37.35
I002180,O01167,P017,1,449.00,0.00
I002181,O01167,P013,1,549.00,0.00
I002182,O01168,P030,1,189.99,0.00
I002183,O01169,P011,1,12999.00,0.00
I002184,O01170,P032,1,749.00,149.80
I002185,O01171,P020,1,999.00,0.00
I002186,O01171,P011,3,12999.00,0.00
I002187,O01172,P019,5,399.00,0.00
I002188,O01173,P030,2,189.99,0.00
I002189,O01173,P033,1,250.00,0.00
I002190,O01173,P001,2,54.99,0.00
I002191,O01173,P032,3,749.00,0.00
I002192,O01174,P011,1,12999.00,0.00
I002193,O01174,P032,2,749.00,74.90
I002194,O01174,P029,1,149.99,0.00
I002195,O01174,P015,3,6499.00,0.00
I002196,O01175,P002,1,89.99,0.00
I002197,O01176,P026,2,249.00,99.60
I002198,O01176,P030,1,189.99,0.00
I002199,O01177,P001,1,54.99,0.00
I002200,O01178,P021,2,699.00,0.00
I002201,O01178,P026,2,249.00,24.90
I002202,O01179,P005,1,64.99,3.25
I002203,O01179,P012,1,899.00,0.00
I002204,O01180,P035,2,1000.00,0.00
I002205,O01181,P003,2,129.99,13.00
I002206,O01182,P017,1,449.00,0.00
I002207,O01182,P009,1,1299.00,0.00
I002208,O01183,P035,1,1000.00,200.00
I002209,O01184,P035,1,1000.00,0.00
I002210,O01185,P018,1,1199.00,0.00
I002211,O01185,P005,2,64.99,6.50
I002212,O01186,P028,1,799.00,39.95
I002213,O01186,P010,2,8999.00,0.00
I002214,O01186,P034,1,500.00,0.00
I002215,O01187,P012,2,899.00,89.90
I002216,O01188,P025,1,299.00,0.00
I002217,O01188,P030,1,189.99,0.00
I002218,O01188,P008,1,79.99,8.00
I002219,O01189,P026,1,249.00,0.00
I002220,O01189,P019,1,399.00,0.00
I002221,O01190,P015,3,6499.00,0.00
I002222,O01190,P007,1,74.99,0.00
I002223,O01190,P006,2,42.99,8.60
I002224,O01191,P022,1,1499.00,299.80
I002225,O01192,P024,1,649.00,64.90
I002226,O01193,P032,1,749.00,149.80
I002227,O01194,P019,2,399.00,0.00
I002228,O01194,P013,1,549.00,0.00
I002229,O01194,P033,2,250.00,0.00
I002230,O01195,P022,1,1499.00,0.00
I002231,O01196,P030,1,189.99,19.00
I002232,O01197,P027,1,549.00,54.90
I002233,O01198,P018,3,1199.00,0.00
I002234,O01199,P012,1,899.00,0.00
I002235,O01199,P008,2,79.99,0.00
I002236,O01199,P004,1,119.99,12.00
I002237,O01200,P023,1,379.00,37.90
I002238,O01200,P022,1,1499.00,149.90
I002239,O01201,P027,2,549.00,0.00
I002240,O01201,P029,1,149.99,15.00
I002241,O01202,P018,1,1199.00,0.00
I002242,O01202,P028,5,799.00,199.75
I002243,O01202,P021,2,699.00,139.80
I002244,O01203,P006,2,42.99,0.00
I002245,O01204,P020,1,999.00,0.00
I002246,O01205,P008,2,79.99,16.00
I002247,O01205,P005,1,64.99,0.00
I002248,O01205,P031,1,119.99,0.00
I002249,O01206,P034,1,500.00,0.00
I002250,O01207,P028,1,799.00,0.00
I002251,O01207,P029,2,149.99,0.00
I002252,O01207,P027,1,549.00,0.00
I002253,O01207,P024,2,649.00,259.60
I002254,O01208,P014,2,349.00,0.00
I002255,O01209,P010,3,8999.00,0.00
I002256,O01210,P027,1,549.00,0.00
I002257,O01210,P030,1,189.99,0.00
I002258,O01211,P012,3,899.00,0.00
I002259,O01212,P025,1,299.00,0.00
I002260,O01212,P003,1,129.99,0.00
I002261,O01213,P004,1,119.99,0.00
I002262,O01214,P029,2,149.99,15.00
I002263,O01215,P021,1,699.00,0.00
I002264,O01215,P014,2,349.00,69.80
I002265,O01215,P007,2,74.99,7.50
I002266,O01215,P005,2,64.99,0.00
I002267,O01216,P016,2,7499.00,1499.80
I002268,O01216,P035,1,1000.00,0.00
I002269,O01217,P032,1,749.00,74.90
I002270,O01217,P019,1,399.00,0.00
I002271,O01218,P008,1,79.99,0.00
I002272,O01218,P029,1,149.99,0.00
I002273,O01219,P034,3,500.00,75.00
I002274,O01219,P014,1,349.00,34.90
I002275,O01220,P010,1,8999.00,449.95
I002276,O01221,P004,1,119.99,0.00
I002277,O01221,P003,1,129.99,0.00
I002278,O01222,P014,2,349.00,34.90
I002279,O01223,P004,2,119.99,24.00
I002280,O01223,P003,1,129.99,0.00
I002281,O01224,P021,1,699.00,0.00
I002282,O01224,P011,3,12999.00,3899.70
I002283,O01224,P006,1,42.99,0.00
I002284,O01225,P002,1,89.99,0.00
I002285,O01226,P027,5,549.00,0.00
I002286,O01227,P010,2,8999.00,0.00
I002287,O01228,P009,1,1299.00,0.00
I002288,O01229,P003,1,129.99,6.50
I002289,O01229,P029,1,149.99,0.00
I002290,O01229,P034,2,500.00,100.00
I002291,O01230,P035,1,1000.00,0.00
I002292,O01231,P019,1,399.00,0.00
I002293,O01232,P009,1,1299.00,0.00
I002294,O01232,P009,1,1299.00,129.90
I002295,O01233,P001,2,54.99,0.00
I002296,O01233,P023,1,379.00,18.95
I002297,O01233,P032,2,749.00,74.90
I002298,O01234,P021,1,699.00,0.00
I002299,O01235,P010,1,8999.00,1799.80
I002300,O01235,P004,1,119.99,0.00
I002301,O01235,P011,1,12999.00,0.00
I002302,O01236,P006,1,42.99,4.30
I002303,O01236,P002,1,89.99,0.00
I002304,O01237,P011,2,12999.00,1299.90
I002305,O01238,P008,1,79.99,0.00
I002306,O01239,P028,3,799.00,0.00
I002307,O01239,P005,1,64.99,0.00
I002308,O01240,P007,1,74.99,7.50
I002309,O01240,P030,1,189.99,0.00
I002310,O01241,P002,2,89.99,9.00
I002311,O01242,P032,1,749.00,0.00
I002312,O01242,P035,1,1000.00,0.00
I002313,O01242,P024,1,649.00,0.00
I002314,O01242,P002,3,89.99,0.00
I002315,O01243,P016,1,7499.00,374.95
I002316,O01243,P022,1,1499.00,0.00
I002317,O01244,P026,1,249.00,12.45
I002318,O01245,P023,1,379.00,18.95
I002319,O01245,P017,1,449.00,0.00
I002320,O01246,P026,1,249.00,24.90
I002321,O01246,P029,3,149.99,45.00
I002322,O01246,P026,1,249.00,0.00
I002323,O01247,P003,1,129.99,0.00
I002324,O01247,P027,1,549.00,0.00
I002325,O01248,P030,1,189.99,0.00
I002326,O01248,P002,2,89.99,0.00
I002327,O01249,P018,1,1199.00,0.00
I002328,O01249,P005,1,64.99,0.00
I002329,O01250,P032,3,749.00,0.00
I002330,O01250,P034,5,500.00,0.00
I002331,O01251,P025,1,299.00,14.95
I002332,O01251,P007,1,74.99,0.00
I002333,O01251,P007,1,74.99,0.00
I002334,O01252,P021,1,699.00,0.00
I002335,O01252,P033,2,250.00,0.00
I002336,O01252,P008,5,79.99,0.00
I002337,O01253,P009,1,1299.00,0.00
I002338,O01254,P004,2,119.99,12.00
I002339,O01255,P035,3,1000.00,150.00
I002340,O01255,P016,1,7499.00,374.95
I002341,O01255,P033,1,250.00,25.00
I002342,O01256,P002,2,89.99,0.00
I002343,O01257,P035,3,1000.00,300.00
I002344,O01257,P020,1,999.00,0.00
I002345,O01257,P008,1,79.99,8.00
I002346,O01258,P033,1,250.00,25.00
I002347,O01259,P021,1,699.00,0.00
I002348,O01260,P006,2,42.99,4.30
I002349,O01260,P011,1,12999.00,0.00
I002350,O01261,P010,1,8999.00,449.95
I002351,O01261,P031,2,119.99,0.00
I002352,O01261,P003,1,129.99,0.00
I002353,O01262,P028,1,799.00,79.90
I002354,O01263,P015,1,6499.00,0.00
I002355,O01263,P007,2,74.99,0.00
I002356,O01264,P019,2,399.00,0.00
I002357,O01264,P035,1,1000.00,0.00
I002358,O01264,P028,1,799.00,0.00
I002359,O01264,P020,1,999.00,0.00
I002360,O01265,P016,2,7499.00,0.00
I002361,O01265,P035,1,1000.00,0.00
I002362,O01265,P015,1,6499.00,0.00
I002363,O01265,P033,1,250.00,0.00
I002364,O01266,P034,1,500.00,0.00
I002365,O01266,P028,1,799.00,79.90
I002366,O01266,P006,1,42.99,0.00
I002367,O01266,P008,1,79.99,4.00
I002368,O01267,P014,2,349.00,0.00
I002369,O01267,P014,1,349.00,0.00
I002370,O01267,P001,1,54.99,11.00
I002371,O01268,P002,3,89.99,0.00
I002372,O01268,P018,2,1199.00,0.00
I002373,O01268,P017,1,449.00,0.00
I002374,O01269,P027,1,549.00,0.00
I002375,O01269,P031,3,119.99,36.00
I002376,O01269,P005,2,64.99,0.00
I002377,O01270,P001,3,54.99,0.00
I002378,O01270,P010,1,8999.00,0.00
I002379,O01271,P012,3,899.00,0.00
I002380,O01271,P017,1,449.00,0.00
I002381,O01271,P035,1,1000.00,100.00
I002382,O01272,P020,2,999.00,199.80
I002383,O01272,P021,1,699.00,0.00
I002384,O01273,P004,2,119.99,12.00
I002385,O01273,P024,1,649.00,64.90
I002386,O01274,P004,1,119.99,0.00
I002387,O01274,P026,1,249.00,0.00
I002388,O01275,P025,1,299.00,0.00
I002389,O01275,P020,2,999.00,0.00
I002390,O01276,P018,2,1199.00,119.90
I002391,O01277,P011,1,12999.00,649.95
I002392,O01278,P029,2,149.99,0.00
I002393,O01278,P021,5,699.00,0.00
I002394,O01278,P033,2,250.00,0.00
I002395,O01279,P009,2,1299.00,0.00
I002396,O01279,P027,1,549.00,0.00
I002397,O01279,P007,1,74.99,0.00
I002398,O01280,P012,1,899.00,0.00
I002399,O01281,P026,1,249.00,0.00
I002400,O01281,P005,1,64.99,0.00
I002401,O01282,P033,2,250.00,0.00
I002402,O01282,P034,2,500.00,200.00
I002403,O01282,P001,2,54.99,22.00
I002404,O01282,P001,1,54.99,0.00
I002405,O01283,P012,1,899.00,89.90
I002406,O01283,P023,1,379.00,18.95
I002407,O01283,P001,3,54.99,0.00
I002408,O01284,P010,2,8999.00,1799.80
I002409,O01285,P015,1,6499.00,324.95
I002410,O01285,P025,3,299.00,0.00
I002411,O01286,P033,1,250.00,0.00
I002412,O01286,P015,1,6499.00,649.90
I002413,O01286,P024,2,649.00,259.60
I002414,O01286,P018,1,1199.00,59.95
I002415,O01287,P010,3,8999.00,2699.70
I002416,O01288,P019,2,399.00,0.00
I002417,O01288,P032,2,749.00,0.00
I002418,O01288,P006,1,42.99,4.30
I002419,O01288,P026,2,249.00,0.00
I002420,O01289,P025,2,299.00,59.80
I002421,O01289,P031,1,119.99,0.00
I002422,O01290,P003,1,129.99,6.50
I002423,O01290,P013,1,549.00,0.00
I002424,O01290,P015,1,6499.00,0.00
I002425,O01290,P010,1,8999.00,899.90
I002426,O01291,P007,1,74.99,3.75
I002427,O01291,P026,1,249.00,0.00
I002428,O01291,P033,3,250.00,75.00
I002429,O01292,P017,1,449.00,44.90
I002430,O01293,P029,2,149.99,0.00
I002431,O01293,P001,2,54.99,5.50
I002432,O01294,P017,3,449.00,67.35
I002433,O01294,P028,5,799.00,0.00
I002434,O01295,P021,1,699.00,34.95
I002435,O01296,P015,1,6499.00,0.00
I002436,O01297,P014,2,349.00,0.00
I002437,O01298,P008,5,79.99,20.00
I002438,O01299,P012,1,899.00,0.00
I002439,O01299,P004,2,119.99,0.00
I002440,O01300,P012,3,899.00,0.00
I002441,O01301,P033,2,250.00,0.00
I002442,O01301,P031,2,119.99,0.00
I002443,O01301,P006,2,42.99,0.00
I002444,O01302,P021,2,699.00,0.00
I002445,O01302,P006,1,42.99,2.15
I002446,O01303,P009,1,1299.00,0.00
I002447,O01303,P021,2,699.00,69.90
I002448,O01304,P026,3,249.00,0.00
I002449,O01304,P018,3,1199.00,719.40
I002450,O01304,P025,1,299.00,0.00
I002451,O01305,P006,1,42.99,4.30
I002452,O01306,P015,5,6499.00,0.00
I002453,O01306,P029,1,149.99,0.00
I002454,O01306,P018,2,1199.00,0.00
I002455,O01307,P013,1,549.00,0.00
I002456,O01308,P001,1,54.99,0.00
I002457,O01308,P034,3,500.00,0.00
I002458,O01309,P024,1,649.00,64.90
I002459,O01309,P028,1,799.00,0.00
I002460,O01310,P002,3,89.99,0.00
I002461,O01311,P012,1,899.00,0.00
I002462,O01311,P006,1,42.99,0.00
I002463,O01312,P022,1,1499.00,299.80
I002464,O01312,P008,1,79.99,0.00
I002465,O01313,P005,1,64.99,3.25
I002466,O01313,P010,1,8999.00,0.00
I002467,O01314,P031,1,119.99,0.00
I002468,O01315,P024,1,649.00,0.00
I002469,O01316,P021,1,699.00,0.00
I002470,O01316,P001,2,54.99,0.00
I002471,O01316,P024,1,649.00,0.00
I002472,O01317,P022,1,1499.00,299.80
I002473,O01318,P012,1,899.00,89.90
I002474,O01318,P021,3,699.00,209.70
I002475,O01319,P034,1,500.00,25.00
I002476,O01319,P029,1,149.99,0.00
I002477,O01319,P027,1,549.00,109.80
I002478,O01320,P004,1,119.99,0.00
I002479,O01320,P001,1,54.99,5.50
I002480,O01320,P007,5,74.99,18.75
I002481,O01320,P021,1,699.00,0.00
I002482,O01321,P004,2,119.99,0.00
I002483,O01321,P003,1,129.99,0.00
I002484,O01321,P028,1,799.00,39.95
I002485,O01322,P033,1,250.00,0.00
I002486,O01323,P027,1,549.00,0.00
I002487,O01323,P027,1,549.00,0.00
I002488,O01324,P033,3,250.00,150.00
I002489,O01324,P013,2,549.00,109.80
I002490,O01324,P006,1,42.99,2.15
I002491,O01324,P005,1,64.99,0.00
I002492,O01325,P019,1,399.00,39.90
I002493,O01326,P010,1,8999.00,0.00
I002494,O01327,P015,5,6499.00,6499.00
I002495,O01328,P015,1,6499.00,1299.80
I002496,O01329,P029,3,149.99,22.50
I002497,O01330,P011,1,12999.00,0.00
I002498,O01330,P001,1,54.99,0.00
I002499,O01330,P022,3,1499.00,0.00
I002500,O01330,P003,1,129.99,6.50
I002501,O01331,P006,5,42.99,0.00
I002502,O01332,P019,2,399.00,0.00
I002503,O01333,P024,3,649.00,0.00
I002504,O01334,P006,2,42.99,0.00
I002505,O01335,P027,2,549.00,54.90
I002506,O01336,P023,5,379.00,94.75
I002507,O01336,P017,1,449.00,44.90
I002508,O01336,P022,1,1499.00,0.00
I002509,O01336,P032,1,749.00,0.00
I002510,O01337,P024,2,649.00,129.80
I002511,O01337,P005,1,64.99,13.00
I002512,O01338,P008,1,79.99,0.00
I002513,O01338,P003,3,129.99,0.00
I002514,O01339,P015,5,6499.00,0.00
I002515,O01339,P012,3,899.00,0.00
I002516,O01339,P016,3,7499.00,1124.85
I002517,O01340,P032,1,749.00,0.00
I002518,O01341,P004,1,119.99,0.00
I002519,O01341,P029,1,149.99,0.00
I002520,O01341,P016,5,7499.00,0.00
I002521,O01342,P019,1,399.00,19.95
I002522,O01342,P024,3,649.00,0.00
I002523,O01343,P001,1,54.99,0.00
I002524,O01344,P026,1,249.00,0.00
I002525,O01345,P010,1,8999.00,0.00
I002526,O01345,P022,2,1499.00,0.00
I002527,O01345,P003,1,129.99,0.00
I002528,O01345,P027,2,549.00,0.00
I002529,O01346,P017,1,449.00,0.00
I002530,O01347,P001,1,54.99,2.75
I002531,O01348,P035,1,1000.00,100.00
I002532,O01348,P012,1,899.00,0.00
I002533,O01348,P028,1,799.00,0.00
I002534,O01349,P010,1,8999.00,0.00
I002535,O01350,P009,1,1299.00,0.00
I002536,O01350,P006,2,42.99,8.60
I002537,O01351,P011,1,12999.00,1299.90
I002538,O01352,P007,1,74.99,3.75
I002539,O01352,P033,1,250.00,0.00
I002540,O01353,P030,2,189.99,0.00
I002541,O01353,P007,1,74.99,0.00
I002542,O01354,P014,1,349.00,69.80
I002543,O01354,P010,1,8999.00,0.00
I002544,O01355,P004,2,119.99,48.00
I002545,O01356,P014,1,349.00,0.00
I002546,O01357,P018,1,1199.00,0.00
I002547,O01358,P024,1,649.00,32.45
I002548,O01359,P014,5,349.00,0.00
I002549,O01360,P009,2,1299.00,0.00
I002550,O01360,P024,2,649.00,0.00
I002551,O01361,P026,1,249.00,12.45
I002552,O01362,P030,1,189.99,0.00
I002553,O01362,P007,1,74.99,0.00
I002554,O01362,P005,2,64.99,6.50
I002555,O01363,P031,1,119.99,12.00
I002556,O01363,P003,3,129.99,0.00
I002557,O01364,P035,2,1000.00,0.00
I002558,O01365,P008,1,79.99,0.00
I002559,O01366,P026,1,249.00,12.45
I002560,O01367,P033,2,250.00,0.00
I002561,O01368,P028,1,799.00,0.00
I002562,O01369,P025,1,299.00,0.00
I002563,O01370,P010,1,8999.00,449.95
I002564,O01371,P021,1,699.00,0.00
I002565,O01371,P033,2,250.00,0.00
I002566,O01372,P007,2,74.99,15.00
I002567,O01372,P010,2,8999.00,899.90
I002568,O01372,P006,2,42.99,0.00
I002569,O01372,P025,1,299.00,0.00
I002570,O01373,P030,5,189.99,0.00
I002571,O01374,P003,2,129.99,0.00
I002572,O01374,P006,2,42.99,0.00
I002573,O01374,P034,1,500.00,0.00
I002574,O01374,P018,1,1199.00,0.00
I002575,O01375,P030,1,189.99,9.50
I002576,O01376,P013,1,549.00,0.00
I002577,O01377,P033,1,250.00,25.00
I002578,O01377,P028,1,799.00,0.00
I002579,O01377,P006,1,42.99,0.00
I002580,O01377,P002,1,89.99,9.00
I002581,O01378,P022,1,1499.00,0.00
I002582,O01379,P008,2,79.99,0.00
I002583,O01380,P018,1,1199.00,0.00
I002584,O01380,P019,1,399.00,19.95
I002585,O01380,P017,2,449.00,0.00
I002586,O01380,P016,2,7499.00,0.00
I002587,O01381,P004,1,119.99,0.00
I002588,O01381,P030,1,189.99,38.00
I002589,O01382,P034,2,500.00,100.00
I002590,O01382,P010,3,8999.00,0.00
I002591,O01383,P014,1,349.00,69.80
I002592,O01384,P032,1,749.00,0.00
I002593,O01385,P027,2,549.00,109.80
I002594,O01385,P010,1,8999.00,0.00
I002595,O01386,P030,1,189.99,0.00
I002596,O01387,P029,3,149.99,0.00
I002597,O01388,P010,1,8999.00,449.95
I002598,O01389,P013,1,549.00,0.00
I002599,O01389,P020,1,999.00,0.00
I002600,O01389,P008,2,79.99,0.00
I002601,O01390,P003,1,129.99,0.00
I002602,O01391,P012,1,899.00,0.00
I002603,O01391,P032,2,749.00,0.00
I002604,O01392,P014,3,349.00,0.00
I002605,O01392,P010,2,8999.00,899.90
I002606,O01393,P001,1,54.99,5.50
I002607,O01393,P015,2,6499.00,0.00
I002608,O01394,P006,3,42.99,0.00
I002609,O01394,P030,1,189.99,0.00
I002610,O01395,P013,1,549.00,0.00
I002611,O01396,P015,3,6499.00,0.00
I002612,O01396,P012,2,899.00,359.60
I002613,O01396,P032,2,749.00,149.80
I002614,O01396,P028,3,799.00,119.85
I002615,O01397,P009,1,1299.00,259.80
I002616,O01397,P014,5,349.00,349.00
I002617,O01397,P010,3,8999.00,2699.70
I002618,O01398,P023,1,379.00,18.95
I002619,O01398,P010,2,8999.00,899.90
I002620,O01398,P012,1,899.00,179.80
I002621,O01398,P026,1,249.00,0.00
I002622,O01399,P031,3,119.99,0.00
I002623,O01399,P008,1,79.99,0.00
I002624,O01399,P032,1,749.00,74.90
I002625,O01400,P008,2,79.99,0.00
I002626,O01401,P019,2,399.00,0.00
I002627,O01402,P031,1,119.99,0.00
I002628,O01403,P028,5,799.00,0.00
I002629,O01404,P006,1,42.99,0.00
I002630,O01405,P009,1,1299.00,0.00
I002631,O01405,P011,2,12999.00,0.00
I002632,O01405,P032,1,749.00,37.45
I002633,O01406,P028,3,799.00,0.00
I002634,O01406,P030,1,189.99,0.00
I002635,O01406,P026,1,249.00,49.80
I002636,O01407,P012,1,899.00,44.95
I002637,O01408,P031,2,119.99,0.00
I002638,O01408,P016,2,7499.00,1499.80
I002639,O01409,P006,2,42.99,0.00
I002640,O01410,P022,1,1499.00,0.00
I002641,O01410,P003,1,129.99,0.00
I002642,O01411,P030,2,189.99,0.00
I002643,O01411,P001,2,54.99,0.00
I002644,O01411,P027,5,549.00,0.00
I002645,O01411,P020,1,999.00,49.95
I002646,O01412,P006,1,42.99,0.00
I002647,O01412,P023,1,379.00,75.80
I002648,O01412,P017,2,449.00,0.00
I002649,O01412,P027,1,549.00,0.00
I002650,O01413,P028,1,799.00,159.80
I002651,O01414,P025,1,299.00,0.00
I002652,O01415,P011,1,12999.00,0.00
I002653,O01416,P019,3,399.00,0.00
I002654,O01417,P028,1,799.00,159.80
I002655,O01418,P017,2,449.00,44.90
I002656,O01419,P016,2,7499.00,2999.60
I002657,O01419,P017,1,449.00,0.00
I002658,O01419,P015,1,6499.00,0.00
I002659,O01420,P011,1,12999.00,0.00
I002660,O01420,P022,1,1499.00,0.00
I002661,O01421,P034,1,500.00,50.00
I002662,O01421,P007,1,74.99,0.00
I002663,O01421,P001,5,54.99,13.75
I002664,O01422,P031,1,119.99,12.00
I002665,O01422,P034,1,500.00,0.00
I002666,O01422,P027,1,549.00,0.00
I002667,O01423,P018,1,1199.00,119.90
I002668,O01424,P010,3,8999.00,2699.70
I002669,O01424,P007,1,74.99,0.00
I002670,O01424,P030,1,189.99,0.00
I002671,O01425,P031,5,119.99,0.00
I002672,O01426,P024,1,649.00,0.00
I002673,O01427,P004,3,119.99,0.00
I002674,O01427,P012,1,899.00,0.00
I002675,O01428,P017,1,449.00,22.45
I002676,O01429,P026,2,249.00,0.00
I002677,O01429,P002,1,89.99,4.50
I002678,O01430,P004,1,119.99,12.00
I002679,O01430,P006,2,42.99,17.20
I002680,O01430,P029,3,149.99,0.00
I002681,O01431,P015,1,6499.00,324.95
I002682,O01432,P026,1,249.00,0.00
I002683,O01433,P015,1,6499.00,0.00
I002684,O01433,P022,1,1499.00,299.80
I002685,O01434,P030,1,189.99,9.50
I002686,O01435,P028,1,799.00,0.00
I002687,O01436,P024,1,649.00,0.00
I002688,O01437,P032,1,749.00,0.00
I002689,O01438,P002,1,89.99,4.50
I002690,O01438,P011,2,12999.00,0.00
I002691,O01438,P004,3,119.99,0.00
I002692,O01438,P027,3,549.00,0.00
I002693,O01439,P032,1,749.00,0.00
I002694,O01439,P007,2,74.99,15.00
I002695,O01439,P012,3,899.00,0.00
I002696,O01440,P031,2,119.99,0.00
I002697,O01440,P005,1,64.99,0.00
I002698,O01440,P003,2,129.99,0.00
I002699,O01441,P010,3,8999.00,0.00
I002700,O01441,P013,1,549.00,27.45
I002701,O01442,P030,5,189.99,0.00
I002702,O01443,P005,1,64.99,0.00
I002703,O01444,P010,1,8999.00,0.00
I002704,O01445,P008,1,79.99,0.00
I002705,O01445,P010,3,8999.00,5399.40
I002706,O01445,P017,1,449.00,0.00
I002707,O01446,P012,1,899.00,0.00
I002708,O01447,P013,2,549.00,0.00
I002709,O01448,P002,1,89.99,9.00
I002710,O01448,P032,1,749.00,0.00
I002711,O01448,P022,1,1499.00,0.00
I002712,O01449,P023,1,379.00,18.95
I002713,O01449,P021,1,699.00,34.95
I002714,O01449,P032,1,749.00,37.45
I002715,O01450,P021,1,699.00,0.00
I002716,O01450,P029,3,149.99,0.00
I002717,O01450,P011,1,12999.00,0.00
I002718,O01451,P009,1,1299.00,0.00
I002719,O01452,P027,1,549.00,0.00
I002720,O01452,P021,1,699.00,34.95
I002721,O01452,P026,1,249.00,0.00
I002722,O01452,P010,2,8999.00,0.00
I002723,O01453,P022,2,1499.00,0.00
I002724,O01454,P035,2,1000.00,0.00
I002725,O01455,P006,1,42.99,0.00
I002726,O01456,P008,2,79.99,0.00
I002727,O01456,P028,1,799.00,0.00
I002728,O01457,P035,1,1000.00,0.00
I002729,O01458,P033,3,250.00,0.00
I002730,O01459,P025,2,299.00,0.00
I002731,O01459,P026,2,249.00,24.90
I002732,O01459,P008,1,79.99,4.00
I002733,O01460,P010,1,8999.00,0.00
I002734,O01460,P002,1,89.99,0.00
I002735,O01460,P019,1,399.00,0.00
I002736,O01460,P014,2,349.00,0.00
I002737,O01461,P008,1,79.99,8.00
I002738,O01461,P029,1,149.99,7.50
I002739,O01461,P018,1,1199.00,0.00
I002740,O01462,P015,3,6499.00,0.00
I002741,O01463,P011,1,12999.00,0.00
I002742,O01464,P012,1,899.00,89.90
I002743,O01465,P027,2,549.00,0.00
I002744,O01465,P004,1,119.99,0.00
I002745,O01466,P015,1,6499.00,0.00
I002746,O01467,P014,1,349.00,0.00
I002747,O01467,P006,1,42.99,0.00
I002748,O01468,P030,1,189.99,0.00
I002749,O01469,P011,1,12999.00,0.00
I002750,O01469,P010,1,8999.00,0.00
I002751,O01470,P005,1,64.99,0.00
I002752,O01470,P002,1,89.99,9.00
I002753,O01471,P011,1,12999.00,1299.90
I002754,O01471,P035,1,1000.00,100.00
I002755,O01472,P027,1,549.00,54.90
I002756,O01472,P008,1,79.99,0.00
I002757,O01473,P012,2,899.00,0.00
I002758,O01473,P010,2,8999.00,0.00
I002759,O01474,P007,1,74.99,0.00
I002760,O01475,P018,2,1199.00,0.00
I002761,O01476,P029,1,149.99,0.00
I002762,O01476,P027,1,549.00,109.80
I002763,O01477,P001,1,54.99,0.00
I002764,O01478,P026,1,249.00,49.80
I002765,O01478,P013,2,549.00,109.80
I002766,O01479,P022,1,1499.00,74.95
I002767,O01479,P035,2,1000.00,0.00
I002768,O01479,P025,1,299.00,0.00
I002769,O01479,P002,1,89.99,0.00
I002770,O01480,P011,1,12999.00,1299.90
I002771,O01481,P004,1,119.99,0.00
I002772,O01482,P035,1,1000.00,0.00
I002773,O01483,P031,1,119.99,12.00
I002774,O01483,P007,1,74.99,0.00
I002775,O01484,P001,1,54.99,0.00
I002776,O01485,P023,2,379.00,0.00
I002777,O01485,P023,1,379.00,0.00
I002778,O01485,P017,2,449.00,0.00
I002779,O01486,P004,1,119.99,0.00
I002780,O01487,P003,1,129.99,0.00
I002781,O01487,P014,1,349.00,34.90
I002782,O01487,P008,1,79.99,0.00
I002783,O01488,P018,2,1199.00,479.60
I002784,O01489,P010,2,8999.00,0.00
I002785,O01490,P012,1,899.00,89.90
I002786,O01491,P029,2,149.99,0.00
I002787,O01491,P020,1,999.00,0.00
I002788,O01492,P021,1,699.00,69.90
I002789,O01492,P015,1,6499.00,0.00
I002790,O01493,P011,2,12999.00,2599.80
I002791,O01494,P006,3,42.99,0.00
I002792,O01495,P032,1,749.00,37.45
I002793,O01495,P035,2,1000.00,100.00
I002794,O01495,P023,1,379.00,18.95
I002795,O01495,P021,1,699.00,0.00
I002796,O01496,P008,5,79.99,0.00
I002797,O01497,P004,1,119.99,0.00
I002798,O01497,P017,1,449.00,0.00
I002799,O01498,P029,3,149.99,22.50
I002800,O01499,P020,2,999.00,399.60
I002801,O01500,P015,1,6499.00,0.00
I002802,O01501,P013,1,549.00,0.00
I002803,O01501,P012,1,899.00,0.00
I002804,O01501,P031,1,119.99,12.00
I002805,O01502,P001,1,54.99,0.00
I002806,O01502,P012,1,899.00,0.00
I002807,O01503,P021,2,699.00,0.00
I002808,O01503,P033,1,250.00,0.00
I002809,O01504,P025,1,299.00,14.95
I002810,O01505,P020,1,999.00,99.90
I002811,O01505,P009,1,1299.00,0.00
I002812,O01505,P025,2,299.00,0.00
I002813,O01505,P022,1,1499.00,0.00
I002814,O01506,P031,1,119.99,0.00
I002815,O01506,P015,2,6499.00,649.90
I002816,O01507,P019,3,399.00,0.00
I002817,O01507,P019,1,399.00,19.95
I002818,O01508,P030,1,189.99,0.00
I002819,O01508,P024,2,649.00,129.80
I002820,O01509,P004,1,119.99,0.00
I002821,O01509,P030,2,189.99,0.00
I002822,O01510,P029,3,149.99,0.00
I002823,O01510,P022,2,1499.00,0.00
I002824,O01511,P014,1,349.00,17.45
I002825,O01511,P011,1,12999.00,0.00
I002826,O01511,P034,1,500.00,0.00
I002827,O01512,P008,2,79.99,0.00
I002828,O01512,P032,2,749.00,0.00
I002829,O01512,P022,1,1499.00,149.90
I002830,O01513,P004,1,119.99,0.00
I002831,O01513,P028,3,799.00,0.00
I002832,O01514,P002,2,89.99,0.00
I002833,O01514,P001,2,54.99,5.50
I002834,O01515,P016,2,7499.00,0.00
I002835,O01516,P021,1,699.00,0.00
I002836,O01517,P007,2,74.99,7.50
I002837,O01517,P003,1,129.99,0.00
I002838,O01518,P034,1,500.00,0.00
I002839,O01518,P026,1,249.00,0.00
I002840,O01518,P014,2,349.00,0.00
I002841,O01518,P026,1,249.00,0.00
I002842,O01519,P028,1,799.00,0.00
I002843,O01519,P019,1,399.00,0.00
I002844,O01519,P022,3,1499.00,449.70
I002845,O01519,P016,1,7499.00,0.00
I002846,O01520,P003,2,129.99,26.00
I002847,O01520,P016,1,7499.00,0.00
I002848,O01520,P002,2,89.99,0.00
I002849,O01520,P027,5,549.00,137.25
I002850,O01521,P017,1,449.00,44.90
I002851,O01522,P021,2,699.00,0.00
I002852,O01522,P035,3,1000.00,0.00
I002853,O01523,P013,2,549.00,0.00
I002854,O01524,P028,1,799.00,79.90
I002855,O01525,P015,1,6499.00,324.95
I002856,O01526,P017,2,449.00,89.80
I002857,O01526,P001,1,54.99,0.00
I002858,O01527,P023,1,379.00,18.95
I002859,O01527,P022,1,1499.00,149.90
I002860,O01527,P009,2,1299.00,0.00
I002861,O01528,P008,2,79.99,8.00
I002862,O01528,P018,2,1199.00,119.90
I002863,O01528,P003,1,129.99,26.00
I002864,O01528,P033,2,250.00,50.00
I002865,O01529,P033,1,250.00,0.00
I002866,O01530,P001,1,54.99,0.00
I002867,O01531,P009,1,1299.00,0.00
I002868,O01532,P015,3,6499.00,0.00
I002869,O01532,P023,1,379.00,0.00
I002870,O01532,P018,2,1199.00,0.00
I002871,O01533,P011,1,12999.00,2599.80
I002872,O01533,P016,2,7499.00,0.00
I002873,O01534,P010,2,8999.00,0.00
I002874,O01534,P030,1,189.99,9.50
I002875,O01534,P031,1,119.99,0.00
I002876,O01534,P017,3,449.00,0.00
I002877,O01535,P010,1,8999.00,0.00
I002878,O01536,P003,1,129.99,0.00
I002879,O01536,P028,1,799.00,0.00
I002880,O01537,P004,3,119.99,0.00
I002881,O01537,P003,1,129.99,0.00
I002882,O01538,P024,1,649.00,129.80
I002883,O01539,P007,1,74.99,0.00
I002884,O01540,P006,1,42.99,2.15
I002885,O01540,P029,1,149.99,0.00
I002886,O01541,P005,2,64.99,0.00
I002887,O01541,P012,1,899.00,89.90
I002888,O01542,P032,1,749.00,0.00
I002889,O01543,P004,5,119.99,0.00
I002890,O01544,P026,1,249.00,0.00
I002891,O01545,P002,1,89.99,0.00
I002892,O01545,P029,2,149.99,0.00
I002893,O01545,P012,1,899.00,0.00
I002894,O01545,P012,1,899.00,0.00
I002895,O01546,P020,2,999.00,0.00
I002896,O01546,P009,1,1299.00,0.00
I002897,O01547,P007,1,74.99,0.00
I002898,O01548,P026,5,249.00,62.25
I002899,O01549,P033,2,250.00,0.00
I002900,O01549,P030,1,189.99,0.00
I002901,O01549,P001,1,54.99,0.00
I002902,O01550,P006,5,42.99,0.00
I002903,O01550,P003,1,129.99,0.00
I002904,O01551,P034,3,500.00,75.00
I002905,O01551,P013,1,549.00,109.80
I002906,O01552,P018,1,1199.00,0.00
I002907,O01553,P021,1,699.00,0.00
I002908,O01553,P001,1,54.99,11.00
I002909,O01554,P022,1,1499.00,0.00
I002910,O01555,P019,2,399.00,159.60
I002911,O01556,P006,1,42.99,0.00
I002912,O01556,P001,1,54.99,11.00
I002913,O01557,P009,2,1299.00,0.00
I002914,O01557,P030,2,189.99,0.00
I002915,O01557,P035,3,1000.00,0.00
I002916,O01558,P006,3,42.99,12.90
I002917,O01559,P033,1,250.00,0.00
I002918,O01560,P007,1,74.99,0.00
I002919,O01561,P020,1,999.00,0.00
I002920,O01562,P016,1,7499.00,0.00
I002921,O01563,P018,3,1199.00,0.00
I002922,O01563,P010,2,8999.00,0.00
I002923,O01563,P009,1,1299.00,0.00
I002924,O01564,P009,2,1299.00,0.00
I002925,O01564,P019,5,399.00,0.00
I002926,O01565,P017,2,449.00,89.80
I002927,O01566,P011,3,12999.00,0.00
I002928,O01567,P009,1,1299.00,0.00
I002929,O01567,P008,2,79.99,16.00
I002930,O01567,P012,2,899.00,359.60
I002931,O01567,P023,1,379.00,0.00
I002932,O01568,P004,1,119.99,0.00
I002933,O01569,P006,2,42.99,4.30
I002934,O01570,P028,1,799.00,0.00
I002935,O01570,P002,2,89.99,0.00
I002936,O01570,P035,2,1000.00,0.00
I002937,O01570,P028,1,799.00,0.00
I002938,O01571,P012,3,899.00,539.40
I002939,O01572,P006,1,42.99,0.00
I002940,O01573,P023,1,379.00,0.00
I002941,O01574,P009,2,1299.00,129.90
I002942,O01575,P025,3,299.00,89.70
I002943,O01576,P029,3,149.99,0.00
I002944,O01577,P030,2,189.99,19.00
I002945,O01578,P007,2,74.99,0.00
I002946,O01578,P031,5,119.99,119.99
I002947,O01578,P009,1,1299.00,129.90
I002948,O01578,P014,1,349.00,0.00
I002949,O01579,P028,2,799.00,0.00
I002950,O01580,P018,2,1199.00,0.00
I002951,O01581,P006,1,42.99,0.00
I002952,O01582,P033,3,250.00,0.00
I002953,O01582,P012,2,899.00,0.00
I002954,O01582,P018,1,1199.00,0.00
I002955,O01583,P007,5,74.99,0.00
I002956,O01583,P011,2,12999.00,0.00
I002957,O01583,P013,2,549.00,0.00
I002958,O01584,P034,1,500.00,50.00
I002959,O01585,P004,5,119.99,0.00
I002960,O01585,P004,5,119.99,0.00
I002961,O01586,P006,1,42.99,0.00
I002962,O01586,P001,1,54.99,5.50
I002963,O01586,P031,2,119.99,0.00
I002964,O01586,P032,2,749.00,0.00
I002965,O01587,P025,3,299.00,0.00
I002966,O01587,P023,2,379.00,0.00
I002967,O01588,P030,2,189.99,0.00
I002968,O01589,P022,1,1499.00,74.95
I002969,O01590,P034,2,500.00,0.00
I002970,O01590,P030,1,189.99,0.00
I002971,O01590,P015,1,6499.00,1299.80
I002972,O01591,P010,1,8999.00,0.00
I002973,O01591,P025,1,299.00,0.00
I002974,O01592,P027,1,549.00,0.00
I002975,O01593,P024,2,649.00,0.00
I002976,O01593,P033,1,250.00,0.00
I002977,O01594,P012,1,899.00,89.90
I002978,O01595,P023,2,379.00,0.00
I002979,O01596,P028,1,799.00,0.00
I002980,O01597,P004,2,119.99,24.00
I002981,O01598,P024,1,649.00,129.80
I002982,O01599,P008,2,79.99,16.00
I002983,O01599,P009,1,1299.00,129.90
I002984,O01599,P033,1,250.00,0.00
I002985,O01600,P021,2,699.00,0.00
I002986,O01600,P007,1,74.99,0.00
I002987,O01600,P031,2,119.99,12.00
I002988,O01601,P015,2,6499.00,1299.80
I002989,O01601,P022,1,1499.00,0.00
I002990,O01601,P006,1,42.99,0.00
I002991,O01602,P033,2,250.00,0.00
I002992,O01603,P008,1,79.99,4.00
I002993,O01603,P029,3,149.99,0.00
I002994,O01604,P022,1,1499.00,0.00
I002995,O01604,P003,2,129.99,26.00
I002996,O01605,P028,2,799.00,159.80
I002997,O01605,P024,2,649.00,0.00
I002998,O01605,P030,1,189.99,0.00
I002999,O01606,P008,1,79.99,8.00
I003000,O01606,P031,1,119.99,0.00
I003001,O01607,P015,1,6499.00,324.95
I003002,O01608,P030,2,189.99,0.00
I003003,O01608,P011,1,12999.00,0.00
I003004,O01608,P026,2,249.00,0.00
I003005,O01609,P027,1,549.00,0.00
I003006,O01610,P014,3,349.00,0.00
I003007,O01610,P026,1,249.00,12.45
I003008,O01610,P023,1,379.00,0.00
I003009,O01611,P002,2,89.99,0.00
I003010,O01612,P022,2,1499.00,149.90
I003011,O01613,P010,1,8999.00,0.00
I003012,O01613,P006,3,42.99,0.00
I003013,O01613,P029,1,149.99,0.00
I003014,O01614,P033,1,250.00,0.00
I003015,O01614,P022,1,1499.00,0.00
I003016,O01615,P017,1,449.00,0.00
I003017,O01615,P014,3,349.00,52.35
I003018,O01615,P009,1,1299.00,0.00
I003019,O01616,P005,2,64.99,13.00
I003020,O01617,P004,2,119.99,0.00
I003021,O01618,P015,1,6499.00,0.00
I003022,O01619,P012,1,899.00,0.00
I003023,O01619,P027,5,549.00,549.00
I003024,O01619,P001,1,54.99,11.00
I003025,O01620,P035,1,1000.00,0.00
I003026,O01621,P029,3,149.99,0.00
I003027,O01621,P022,2,1499.00,599.60
I003028,O01621,P019,1,399.00,0.00
I003029,O01621,P027,2,549.00,0.00
I003030,O01622,P011,1,12999.00,649.95
I003031,O01622,P028,5,799.00,399.50
I003032,O01622,P001,1,54.99,11.00
I003033,O01623,P021,1,699.00,0.00
I003034,O01623,P015,1,6499.00,324.95
I003035,O01623,P032,1,749.00,74.90
I003036,O01624,P028,1,799.00,79.90
I003037,O01625,P011,1,12999.00,0.00
I003038,O01625,P014,1,349.00,0.00
I003039,O01626,P020,2,999.00,0.00
I003040,O01626,P032,5,749.00,187.25
I003041,O01627,P011,1,12999.00,0.00
I003042,O01627,P005,3,64.99,9.75
I003043,O01627,P020,3,999.00,0.00
I003044,O01627,P003,1,129.99,0.00
I003045,O01628,P016,1,7499.00,0.00
I003046,O01628,P011,1,12999.00,0.00
I003047,O01628,P010,2,8999.00,1799.80
I003048,O01628,P022,1,1499.00,299.80
I003049,O01629,P003,1,129.99,0.00
I003050,O01629,P033,2,250.00,50.00
I003051,O01630,P019,2,399.00,0.00
I003052,O01630,P011,1,12999.00,0.00
I003053,O01630,P035,1,1000.00,0.00
I003054,O01631,P018,2,1199.00,0.00
I003055,O01631,P004,1,119.99,0.00
I003056,O01631,P026,1,249.00,24.90
I003057,O01631,P009,3,1299.00,0.00
I003058,O01632,P018,1,1199.00,119.90
I003059,O01632,P025,1,299.00,14.95
I003060,O01633,P007,1,74.99,0.00
I003061,O01633,P029,1,149.99,0.00
I003062,O01633,P031,1,119.99,6.00
I003063,O01633,P009,3,1299.00,389.70
I003064,O01634,P017,1,449.00,44.90
I003065,O01634,P010,2,8999.00,1799.80
I003066,O01634,P028,1,799.00,79.90
I003067,O01635,P018,1,1199.00,0.00
I003068,O01635,P004,1,119.99,6.00
I003069,O01635,P005,1,64.99,0.00
I003070,O01636,P007,1,74.99,3.75
I003071,O01637,P017,1,449.00,89.80
I003072,O01637,P024,2,649.00,0.00
I003073,O01638,P021,2,699.00,0.00
I003074,O01638,P008,1,79.99,4.00
I003075,O01638,P001,1,54.99,0.00
I003076,O01639,P014,3,349.00,52.35
I003077,O01640,P011,1,12999.00,649.95
I003078,O01640,P019,5,399.00,0.00
I003079,O01640,P034,1,500.00,0.00
I003080,O01640,P023,2,379.00,0.00
I003081,O01641,P031,1,119.99,6.00
I003082,O01641,P002,2,89.99,0.00
I003083,O01642,P021,2,699.00,0.00
I003084,O01642,P026,1,249.00,0.00
I003085,O01642,P012,3,899.00,0.00
I003086,O01642,P007,1,74.99,0.00
I003087,O01643,P027,1,549.00,27.45
I003088,O01644,P016,3,7499.00,0.00
I003089,O01644,P012,1,899.00,44.95
I003090,O01644,P027,1,549.00,54.90
I003091,O01645,P022,2,1499.00,0.00
I003092,O01645,P024,1,649.00,0.00
I003093,O01645,P031,2,119.99,0.00
I003094,O01646,P016,1,7499.00,0.00
I003095,O01646,P012,1,899.00,0.00
I003096,O01647,P003,1,129.99,0.00
I003097,O01648,P008,3,79.99,12.00
I003098,O01649,P034,2,500.00,0.00
I003099,O01650,P029,2,149.99,15.00
I003100,O01651,P027,1,549.00,0.00
I003101,O01652,P013,2,549.00,0.00
I003102,O01653,P025,1,299.00,0.00
I003103,O01653,P027,3,549.00,82.35
I003104,O01654,P018,3,1199.00,359.70
I003105,O01654,P031,1,119.99,0.00
I003106,O01654,P033,1,250.00,0.00
I003107,O01654,P006,2,42.99,0.00
I003108,O01655,P019,1,399.00,0.00
I003109,O01655,P018,2,1199.00,0.00
I003110,O01655,P032,1,749.00,0.00
I003111,O01656,P001,1,54.99,5.50
I003112,O01656,P035,1,1000.00,0.00
I003113,O01657,P013,1,549.00,27.45
I003114,O01657,P018,1,1199.00,0.00
I003115,O01658,P021,1,699.00,139.80
I003116,O01658,P012,1,899.00,44.95
I003117,O01659,P031,1,119.99,0.00
I003118,O01659,P028,1,799.00,0.00
I003119,O01659,P027,2,549.00,0.00
I003120,O01660,P026,2,249.00,0.00
I003121,O01660,P029,2,149.99,60.00
I003122,O01661,P025,2,299.00,0.00
I003123,O01661,P005,1,64.99,0.00
I003124,O01662,P004,1,119.99,0.00
I003125,O01662,P011,1,12999.00,0.00
I003126,O01663,P025,1,299.00,59.80
I003127,O01663,P024,1,649.00,64.90
I003128,O01663,P003,1,129.99,0.00
I003129,O01664,P002,1,89.99,0.00
I003130,O01665,P008,1,79.99,0.00
I003131,O01665,P012,1,899.00,89.90
I003132,O01665,P031,3,119.99,0.00
I003133,O01666,P028,1,799.00,0.00
I003134,O01666,P022,2,1499.00,299.80
I003135,O01667,P011,2,12999.00,1299.90
I003136,O01668,P021,2,699.00,139.80
I003137,O01668,P020,1,999.00,0.00
I003138,O01668,P008,2,79.99,0.00
I003139,O01669,P029,1,149.99,0.00
I003140,O01669,P012,2,899.00,89.90
I003141,O01669,P026,2,249.00,0.00
I003142,O01670,P033,2,250.00,0.00
I003143,O01671,P021,5,699.00,174.75
I003144,O01672,P028,2,799.00,0.00
I003145,O01673,P035,2,1000.00,100.00
I003146,O01673,P006,2,42.99,0.00
I003147,O01674,P027,1,549.00,109.80
I003148,O01675,P024,1,649.00,0.00
I003149,O01676,P016,2,7499.00,749.90
I003150,O01677,P001,1,54.99,0.00
I003151,O01677,P018,2,1199.00,119.90
I003152,O01678,P025,2,299.00,0.00
I003153,O01679,P029,2,149.99,0.00
I003154,O01680,P002,1,89.99,0.00
I003155,O01681,P027,1,549.00,27.45
I003156,O01681,P019,2,399.00,79.80
I003157,O01682,P022,3,1499.00,0.00
I003158,O01682,P030,2,189.99,0.00
I003159,O01683,P025,2,299.00,0.00
I003160,O01683,P031,1,119.99,0.00
I003161,O01684,P004,2,119.99,24.00
I003162,O01685,P021,2,699.00,0.00
I003163,O01686,P032,3,749.00,0.00
I003164,O01686,P001,2,54.99,0.00
I003165,O01686,P010,1,8999.00,449.95
I003166,O01687,P015,1,6499.00,0.00
I003167,O01687,P012,1,899.00,0.00
I003168,O01687,P029,1,149.99,15.00
I003169,O01687,P004,1,119.99,0.00
I003170,O01688,P009,2,1299.00,259.80
I003171,O01689,P006,2,42.99,8.60
I003172,O01690,P026,2,249.00,0.00
I003173,O01691,P032,1,749.00,0.00
I003174,O01691,P026,1,249.00,49.80
I003175,O01692,P034,1,500.00,0.00
I003176,O01692,P009,1,1299.00,0.00
I003177,O01693,P004,3,119.99,0.00
I003178,O01694,P025,1,299.00,0.00
I003179,O01695,P010,1,8999.00,449.95
I003180,O01696,P026,1,249.00,0.00
I003181,O01696,P032,1,749.00,0.00
I003182,O01697,P034,3,500.00,150.00
I003183,O01698,P006,1,42.99,0.00
I003184,O01699,P030,3,189.99,0.00
I003185,O01699,P005,3,64.99,0.00
I003186,O01700,P014,1,349.00,0.00
I003187,O01700,P034,2,500.00,0.00
I003188,O01701,P021,2,699.00,0.00
I003189,O01702,P010,1,8999.00,0.00
I003190,O01702,P022,2,1499.00,0.00
I003191,O01703,P017,1,449.00,0.00
I003192,O01704,P003,2,129.99,26.00
I003193,O01704,P026,1,249.00,24.90
I003194,O01704,P006,1,42.99,0.00
I003195,O01704,P001,1,54.99,0.00
I003196,O01705,P019,2,399.00,0.00
I003197,O01705,P016,2,7499.00,0.00
I003198,O01705,P017,1,449.00,0.00
I003199,O01706,P007,1,74.99,0.00
I003200,O01706,P032,1,749.00,0.00
I003201,O01706,P032,5,749.00,0.00
I003202,O01707,P010,2,8999.00,1799.80
I003203,O01707,P005,1,64.99,0.00
I003204,O01707,P013,1,549.00,0.00
I003205,O01707,P020,2,999.00,199.80
I003206,O01708,P028,1,799.00,39.95
I003207,O01709,P001,2,54.99,0.00
I003208,O01710,P023,1,379.00,18.95
I003209,O01710,P011,3,12999.00,0.00
I003210,O01711,P005,1,64.99,0.00
I003211,O01711,P001,1,54.99,0.00
I003212,O01712,P026,2,249.00,0.00
I003213,O01712,P008,3,79.99,0.00
I003214,O01713,P001,2,54.99,0.00
I003215,O01713,P020,1,999.00,0.00
I003216,O01713,P002,5,89.99,0.00
I003217,O01714,P025,1,299.00,0.00
I003218,O01714,P003,1,129.99,0.00
I003219,O01715,P002,2,89.99,0.00
I003220,O01715,P001,1,54.99,0.00
I003221,O01715,P022,1,1499.00,149.90
I003222,O01715,P019,2,399.00,39.90
I003223,O01716,P013,1,549.00,0.00
I003224,O01717,P028,1,799.00,0.00
I003225,O01717,P031,5,119.99,0.00
I003226,O01717,P011,1,12999.00,649.95
I003227,O01718,P019,3,399.00,0.00
I003228,O01718,P013,2,549.00,109.80
I003229,O01718,P025,1,299.00,0.00
I003230,O01719,P016,1,7499.00,0.00
I003231,O01719,P026,1,249.00,49.80
I003232,O01719,P011,1,12999.00,0.00
I003233,O01720,P018,1,1199.00,59.95
I003234,O01721,P013,1,549.00,27.45
I003235,O01722,P018,1,1199.00,59.95
I003236,O01722,P025,5,299.00,0.00
I003237,O01723,P024,1,649.00,0.00
I003238,O01723,P025,1,299.00,0.00
I003239,O01723,P002,1,89.99,0.00
I003240,O01723,P029,1,149.99,15.00
I003241,O01724,P026,1,249.00,0.00
I003242,O01725,P028,1,799.00,0.00
I003243,O01726,P011,1,12999.00,649.95
I003244,O01727,P013,2,549.00,0.00
I003245,O01728,P012,5,899.00,0.00
I003246,O01729,P032,3,749.00,112.35
I003247,O01730,P019,2,399.00,79.80
I003248,O01731,P025,1,299.00,0.00
I003249,O01732,P026,1,249.00,0.00
I003250,O01733,P027,1,549.00,0.00
I003251,O01734,P002,1,89.99,0.00
I003252,O01734,P010,2,8999.00,1799.80
I003253,O01735,P024,1,649.00,0.00
I003254,O01736,P028,1,799.00,0.00
I003255,O01736,P028,1,799.00,0.00
I003256,O01736,P004,1,119.99,0.00
I003257,O01736,P020,1,999.00,0.00
I003258,O01737,P024,1,649.00,32.45
I003259,O01737,P021,2,699.00,279.60
I003260,O01738,P034,2,500.00,0.00
I003261,O01738,P028,5,799.00,399.50
I003262,O01739,P016,1,7499.00,0.00
I003263,O01740,P001,1,54.99,0.00
I003264,O01740,P012,5,899.00,899.00
I003265,O01741,P001,2,54.99,0.00
I003266,O01742,P010,2,8999.00,0.00
I003267,O01743,P019,1,399.00,0.00
I003268,O01743,P009,1,1299.00,64.95
I003269,O01743,P026,3,249.00,74.70
I003270,O01744,P031,3,119.99,0.00
I003271,O01745,P009,1,1299.00,0.00
I003272,O01746,P015,2,6499.00,0.00
I003273,O01746,P018,1,1199.00,0.00
I003274,O01747,P001,2,54.99,0.00
I003275,O01747,P021,3,699.00,0.00
I003276,O01747,P018,2,1199.00,0.00
I003277,O01748,P005,1,64.99,13.00
I003278,O01748,P008,1,79.99,4.00
I003279,O01749,P028,5,799.00,199.75
I003280,O01749,P010,3,8999.00,0.00
I003281,O01749,P030,1,189.99,0.00
I003282,O01750,P026,3,249.00,37.35
I003283,O01750,P002,3,89.99,0.00
I003284,O01750,P014,1,349.00,0.00
I003285,O01750,P025,2,299.00,0.00
I003286,O01751,P003,2,129.99,13.00
I003287,O01752,P028,1,799.00,39.95
I003288,O01752,P033,1,250.00,0.00
I003289,O01753,P001,2,54.99,0.00
I003290,O01753,P026,1,249.00,0.00
I003291,O01753,P023,2,379.00,37.90
I003292,O01754,P019,1,399.00,0.00
I003293,O01754,P032,2,749.00,0.00
I003294,O01755,P035,2,1000.00,200.00
I003295,O01755,P005,1,64.99,6.50
I003296,O01756,P001,3,54.99,0.00
I003297,O01756,P014,1,349.00,0.00
I003298,O01756,P028,1,799.00,0.00
I003299,O01757,P011,2,12999.00,0.00
I003300,O01758,P019,1,399.00,0.00
I003301,O01759,P011,1,12999.00,0.00
I003302,O01760,P011,1,12999.00,649.95
I003303,O01761,P010,3,8999.00,0.00
I003304,O01761,P029,1,149.99,0.00
I003305,O01762,P034,1,500.00,25.00
I003306,O01763,P030,2,189.99,0.00
I003307,O01764,P029,2,149.99,0.00
I003308,O01765,P029,1,149.99,0.00
I003309,O01766,P025,1,299.00,0.00
I003310,O01767,P022,1,1499.00,149.90
I003311,O01767,P026,1,249.00,12.45
I003312,O01767,P023,3,379.00,0.00
I003313,O01767,P012,1,899.00,0.00
I003314,O01768,P027,2,549.00,109.80
I003315,O01768,P019,2,399.00,0.00
I003316,O01768,P027,1,549.00,0.00
I003317,O01769,P033,1,250.00,0.00
I003318,O01770,P035,5,1000.00,0.00
I003319,O01770,P015,2,6499.00,1299.80
I003320,O01771,P003,3,129.99,0.00
I003321,O01772,P003,2,129.99,0.00
I003322,O01773,P018,2,1199.00,0.00
I003323,O01773,P001,1,54.99,0.00
I003324,O01774,P032,1,749.00,0.00
I003325,O01774,P010,1,8999.00,0.00
I003326,O01774,P024,1,649.00,0.00
I003327,O01775,P032,1,749.00,0.00
I003328,O01776,P002,3,89.99,0.00
I003329,O01776,P003,1,129.99,26.00
I003330,O01777,P003,2,129.99,52.00
I003331,O01777,P023,3,379.00,0.00
I003332,O01777,P009,1,1299.00,0.00
I003333,O01778,P029,2,149.99,0.00
I003334,O01779,P020,1,999.00,99.90
I003335,O01780,P033,1,250.00,12.50
I003336,O01781,P007,1,74.99,0.00
I003337,O01781,P015,1,6499.00,649.90
I003338,O01781,P002,2,89.99,0.00
I003339,O01781,P025,2,299.00,29.90
I003340,O01782,P029,1,149.99,0.00
I003341,O01783,P006,1,42.99,8.60
I003342,O01783,P034,3,500.00,75.00
I003343,O01783,P006,1,42.99,0.00
I003344,O01784,P027,2,549.00,0.00
I003345,O01784,P002,3,89.99,27.00
I003346,O01785,P033,3,250.00,0.00
I003347,O01786,P028,1,799.00,0.00
I003348,O01787,P030,5,189.99,0.00
I003349,O01787,P017,1,449.00,22.45
I003350,O01788,P035,1,1000.00,50.00
I003351,O01788,P029,2,149.99,0.00
I003352,O01788,P005,1,64.99,0.00
I003353,O01788,P032,1,749.00,0.00
I003354,O01789,P026,2,249.00,0.00
I003355,O01790,P002,2,89.99,0.00
I003356,O01790,P010,1,8999.00,0.00
I003357,O01790,P007,1,74.99,7.50
I003358,O01791,P035,1,1000.00,100.00
I003359,O01791,P035,1,1000.00,0.00
I003360,O01791,P007,1,74.99,0.00
I003361,O01792,P003,3,129.99,0.00
I003362,O01793,P015,1,6499.00,649.90
I003363,O01794,P021,1,699.00,0.00
I003364,O01795,P013,1,549.00,27.45
I003365,O01795,P001,2,54.99,0.00
I003366,O01795,P007,2,74.99,15.00
I003367,O01796,P021,1,699.00,69.90
I003368,O01796,P023,1,379.00,0.00
I003369,O01797,P024,5,649.00,0.00
I003370,O01798,P007,2,74.99,15.00
I003371,O01799,P026,2,249.00,24.90
I003372,O01800,P029,1,149.99,15.00
I003373,O01800,P010,1,8999.00,1799.80
I003374,O01800,P018,1,1199.00,0.00
I003375,O01801,P015,2,6499.00,0.00
I003376,O01801,P028,3,799.00,239.70
I003377,O01801,P005,1,64.99,6.50
I003378,O01802,P032,1,749.00,37.45
I003379,O01803,P014,2,349.00,0.00
I003380,O01803,P006,1,42.99,0.00
I003381,O01803,P020,2,999.00,399.60
I003382,O01803,P015,1,6499.00,0.00
I003383,O01804,P028,2,799.00,0.00
I003384,O01804,P030,3,189.99,0.00
I003385,O01805,P023,2,379.00,0.00
I003386,O01805,P035,1,1000.00,0.00
I003387,O01806,P005,1,64.99,0.00
I003388,O01807,P005,2,64.99,26.00
I003389,O01808,P025,2,299.00,0.00
I003390,O01808,P017,2,449.00,0.00
I003391,O01809,P009,1,1299.00,0.00
I003392,O01809,P016,5,7499.00,1874.75
I003393,O01809,P002,2,89.99,0.00
I003394,O01810,P012,1,899.00,89.90
I003395,O01811,P027,1,549.00,0.00
I003396,O01811,P009,5,1299.00,324.75
I003397,O01811,P016,1,7499.00,749.90
I003398,O01811,P003,1,129.99,13.00
I003399,O01812,P003,1,129.99,26.00
I003400,O01812,P029,5,149.99,0.00
I003401,O01813,P029,1,149.99,0.00
I003402,O01813,P020,1,999.00,0.00
I003403,O01814,P005,1,64.99,6.50
I003404,O01814,P024,1,649.00,0.00
I003405,O01814,P025,2,299.00,0.00
I003406,O01815,P023,2,379.00,0.00
I003407,O01815,P022,1,1499.00,74.95
I003408,O01816,P006,1,42.99,0.00
I003409,O01817,P005,2,64.99,26.00
I003410,O01818,P031,1,119.99,0.00
I003411,O01818,P035,1,1000.00,0.00
I003412,O01819,P006,1,42.99,0.00
I003413,O01820,P030,1,189.99,0.00
I003414,O01820,P021,1,699.00,0.00
I003415,O01820,P001,1,54.99,0.00
I003416,O01821,P004,2,119.99,24.00
I003417,O01821,P033,1,250.00,0.00
I003418,O01822,P021,1,699.00,0.00
I003419,O01822,P015,1,6499.00,0.00
I003420,O01823,P030,1,189.99,0.00
I003421,O01824,P004,1,119.99,0.00
I003422,O01824,P001,1,54.99,0.00
I003423,O01825,P012,2,899.00,0.00
I003424,O01825,P026,1,249.00,0.00
I003425,O01825,P004,1,119.99,0.00
I003426,O01825,P022,5,1499.00,374.75
I003427,O01826,P007,1,74.99,3.75
I003428,O01827,P010,1,8999.00,1799.80
I003429,O01828,P009,2,1299.00,0.00
I003430,O01829,P025,1,299.00,0.00
I003431,O01830,P014,1,349.00,0.00
I003432,O01830,P015,2,6499.00,0.00
I003433,O01831,P017,1,449.00,44.90
I003434,O01832,P020,1,999.00,0.00
I003435,O01833,P004,2,119.99,0.00
I003436,O01834,P016,1,7499.00,0.00
I003437,O01834,P024,1,649.00,0.00
I003438,O01835,P026,1,249.00,0.00
I003439,O01836,P016,3,7499.00,0.00
I003440,O01837,P015,1,6499.00,649.90
I003441,O01837,P024,1,649.00,64.90
I003442,O01837,P018,3,1199.00,0.00
I003443,O01837,P021,2,699.00,0.00
I003444,O01838,P022,2,1499.00,0.00
I003445,O01838,P013,3,549.00,82.35
I003446,O01839,P011,2,12999.00,2599.80
I003447,O01839,P027,3,549.00,82.35
I003448,O01840,P022,1,1499.00,0.00
I003449,O01841,P019,1,399.00,0.00
I003450,O01841,P016,1,7499.00,374.95
I003451,O01842,P033,1,250.00,0.00
I003452,O01842,P033,2,250.00,25.00
I003453,O01842,P006,1,42.99,0.00
I003454,O01843,P001,3,54.99,0.00
I003455,O01844,P009,1,1299.00,0.00
I003456,O01845,P020,2,999.00,0.00
I003457,O01845,P012,1,899.00,0.00
I003458,O01845,P010,2,8999.00,3599.60
I003459,O01846,P013,1,549.00,0.00
I003460,O01847,P008,1,79.99,0.00
I003461,O01847,P025,2,299.00,0.00
I003462,O01848,P015,1,6499.00,0.00
I003463,O01848,P008,1,79.99,16.00
I003464,O01848,P007,1,74.99,3.75
I003465,O01849,P003,2,129.99,0.00
I003466,O01849,P015,1,6499.00,1299.80
I003467,O01850,P018,1,1199.00,0.00
I003468,O01850,P003,2,129.99,0.00
I003469,O01850,P017,1,449.00,0.00
I003470,O01851,P035,1,1000.00,0.00
I003471,O01852,P002,1,89.99,0.00
I003472,O01853,P027,2,549.00,109.80
I003473,O01853,P026,3,249.00,149.40
I003474,O01853,P005,3,64.99,0.00
I003475,O01854,P022,1,1499.00,0.00
I003476,O01855,P007,1,74.99,7.50
I003477,O01855,P007,1,74.99,0.00
I003478,O01856,P032,1,749.00,74.90
I003479,O01856,P007,1,74.99,0.00
I003480,O01856,P002,5,89.99,0.00
I003481,O01857,P019,1,399.00,0.00
I003482,O01857,P035,1,1000.00,0.00
I003483,O01858,P014,5,349.00,0.00
I003484,O01858,P033,1,250.00,0.00
I003485,O01858,P028,1,799.00,0.00
I003486,O01858,P006,1,42.99,0.00
I003487,O01859,P011,1,12999.00,0.00
I003488,O01859,P023,1,379.00,0.00
I003489,O01859,P016,1,7499.00,0.00
I003490,O01859,P022,1,1499.00,0.00
I003491,O01860,P011,5,12999.00,0.00
I003492,O01861,P019,1,399.00,39.90
I003493,O01861,P030,1,189.99,0.00
I003494,O01862,P019,1,399.00,79.80
I003495,O01863,P022,1,1499.00,0.00
I003496,O01863,P026,1,249.00,0.00
I003497,O01863,P033,1,250.00,0.00
I003498,O01863,P012,1,899.00,44.95
I003499,O01864,P002,1,89.99,9.00
I003500,O01865,P018,1,1199.00,0.00
I003501,O01865,P025,1,299.00,59.80
I003502,O01866,P007,3,74.99,0.00
I003503,O01866,P027,1,549.00,0.00
I003504,O01866,P018,5,1199.00,599.50
I003505,O01867,P033,2,250.00,0.00
I003506,O01868,P010,1,8999.00,0.00
I003507,O01869,P003,1,129.99,0.00
I003508,O01869,P018,1,1199.00,119.90
I003509,O01870,P002,2,89.99,36.00
I003510,O01871,P034,1,500.00,50.00
I003511,O01872,P032,1,749.00,0.00
I003512,O01873,P005,1,64.99,0.00
I003513,O01874,P022,3,1499.00,0.00
I003514,O01875,P027,2,549.00,0.00
I003515,O01876,P015,1,6499.00,0.00
I003516,O01876,P023,1,379.00,37.90
I003517,O01877,P010,1,8999.00,899.90
I003518,O01877,P029,1,149.99,15.00
I003519,O01877,P016,2,7499.00,0.00
I003520,O01878,P032,2,749.00,0.00
I003521,O01879,P027,1,549.00,0.00
I003522,O01879,P004,2,119.99,0.00
I003523,O01880,P004,1,119.99,0.00
I003524,O01881,P026,1,249.00,0.00
I003525,O01882,P004,1,119.99,0.00
I003526,O01882,P002,1,89.99,0.00
I003527,O01882,P026,1,249.00,0.00
I003528,O01883,P012,1,899.00,89.90
I003529,O01883,P001,1,54.99,2.75
I003530,O01884,P003,1,129.99,0.00
I003531,O01885,P021,1,699.00,0.00
I003532,O01885,P019,2,399.00,0.00
I003533,O01886,P018,1,1199.00,0.00
I003534,O01887,P019,1,399.00,39.90
I003535,O01887,P006,1,42.99,0.00
I003536,O01888,P009,1,1299.00,0.00
I003537,O01888,P006,1,42.99,0.00
I003538,O01888,P019,3,399.00,0.00
I003539,O01889,P012,3,899.00,0.00
I003540,O01889,P016,1,7499.00,749.90
I003541,O01889,P025,1,299.00,0.00
I003542,O01889,P001,1,54.99,11.00
I003543,O01890,P003,1,129.99,6.50
I003544,O01891,P004,1,119.99,0.00
I003545,O01891,P016,1,7499.00,0.00
I003546,O01892,P022,1,1499.00,0.00
I003547,O01893,P024,1,649.00,0.00
I003548,O01893,P001,2,54.99,0.00
I003549,O01894,P014,1,349.00,0.00
I003550,O01894,P025,2,299.00,0.00
I003551,O01895,P019,2,399.00,0.00
I003552,O01896,P007,3,74.99,11.25
I003553,O01896,P032,1,749.00,0.00
I003554,O01897,P009,1,1299.00,0.00
I003555,O01898,P005,2,64.99,0.00
I003556,O01899,P029,1,149.99,0.00
I003557,O01899,P031,2,119.99,0.00
I003558,O01900,P010,1,8999.00,0.00
I003559,O01901,P032,1,749.00,0.00
I003560,O01902,P016,1,7499.00,0.00
I003561,O01902,P010,3,8999.00,1349.85
I003562,O01902,P005,1,64.99,0.00
I003563,O01903,P035,2,1000.00,0.00
I003564,O01903,P013,2,549.00,0.00
I003565,O01903,P022,1,1499.00,149.90
I003566,O01903,P022,3,1499.00,449.70
I003567,O01904,P025,2,299.00,0.00
I003568,O01905,P024,1,649.00,0.00
I003569,O01905,P012,5,899.00,0.00
I003570,O01905,P023,1,379.00,37.90
I003571,O01906,P025,1,299.00,59.80
I003572,O01906,P017,1,449.00,0.00
I003573,O01906,P028,1,799.00,0.00
I003574,O01906,P019,2,399.00,79.80
I003575,O01907,P027,1,549.00,0.00
I003576,O01908,P029,3,149.99,22.50
I003577,O01908,P012,1,899.00,0.00
I003578,O01908,P021,2,699.00,0.00
I003579,O01909,P008,1,79.99,8.00
I003580,O01910,P032,1,749.00,149.80
I003581,O01911,P009,1,1299.00,129.90
I003582,O01911,P019,2,399.00,0.00
I003583,O01912,P010,2,8999.00,0.00
I003584,O01913,P005,2,64.99,0.00
I003585,O01914,P034,1,500.00,0.00
I003586,O01914,P005,5,64.99,32.49
I003587,O01915,P034,1,500.00,50.00
I003588,O01915,P009,1,1299.00,0.00
I003589,O01915,P035,1,1000.00,200.00
I003590,O01916,P033,1,250.00,50.00
I003591,O01916,P035,1,1000.00,0.00
I003592,O01916,P006,2,42.99,0.00
I003593,O01916,P022,2,1499.00,0.00
I003594,O01917,P024,3,649.00,0.00
I003595,O01918,P006,3,42.99,12.90
I003596,O01919,P022,1,1499.00,0.00
I003597,O01920,P004,1,119.99,0.00
I003598,O01920,P033,1,250.00,12.50
I003599,O01921,P016,1,7499.00,0.00
I003600,O01922,P007,1,74.99,0.00
I003601,O01923,P007,3,74.99,0.00
I003602,O01923,P021,1,699.00,0.00
I003603,O01924,P010,3,8999.00,1349.85
I003604,O01924,P007,1,74.99,0.00
I003605,O01925,P007,1,74.99,7.50
I003606,O01926,P025,1,299.00,0.00
I003607,O01926,P034,1,500.00,0.00
I003608,O01927,P035,1,1000.00,0.00
I003609,O01928,P035,1,1000.00,0.00
I003610,O01928,P016,5,7499.00,0.00
I003611,O01929,P030,3,189.99,28.50
I003612,O01930,P028,1,799.00,0.00
I003613,O01931,P033,1,250.00,0.00
I003614,O01932,P015,1,6499.00,0.00
I003615,O01932,P024,2,649.00,64.90
I003616,O01933,P001,2,54.99,0.00
I003617,O01933,P013,3,549.00,0.00
I003618,O01933,P031,1,119.99,6.00
I003619,O01933,P001,2,54.99,5.50
I003620,O01934,P031,1,119.99,6.00
I003621,O01934,P008,1,79.99,4.00
I003622,O01934,P019,1,399.00,0.00
I003623,O01935,P004,1,119.99,12.00
I003624,O01935,P010,1,8999.00,899.90
I003625,O01935,P018,1,1199.00,0.00
I003626,O01936,P031,2,119.99,12.00
I003627,O01936,P029,5,149.99,0.00
I003628,O01937,P025,1,299.00,0.00
I003629,O01937,P023,2,379.00,0.00
I003630,O01938,P016,1,7499.00,374.95
I003631,O01939,P019,3,399.00,239.40
I003632,O01939,P025,2,299.00,0.00
I003633,O01939,P030,2,189.99,76.00
I003634,O01940,P001,1,54.99,0.00
I003635,O01941,P008,1,79.99,16.00
I003636,O01942,P001,1,54.99,0.00
I003637,O01943,P030,3,189.99,57.00
I003638,O01943,P014,1,349.00,0.00
I003639,O01943,P033,2,250.00,0.00
I003640,O01944,P006,2,42.99,0.00
I003641,O01944,P033,3,250.00,150.00
I003642,O01945,P006,3,42.99,25.79
I003643,O01945,P009,2,1299.00,0.00
I003644,O01945,P024,1,649.00,0.00
I003645,O01946,P032,2,749.00,0.00
I003646,O01946,P003,2,129.99,13.00
I003647,O01946,P010,1,8999.00,0.00
I003648,O01947,P002,1,89.99,0.00
I003649,O01948,P004,3,119.99,18.00
I003650,O01949,P013,2,549.00,0.00
I003651,O01950,P016,1,7499.00,0.00
I003652,O01950,P008,2,79.99,16.00
I003653,O01951,P022,2,1499.00,0.00
I003654,O01951,P022,1,1499.00,299.80
I003655,O01951,P012,2,899.00,0.00
I003656,O01951,P015,1,6499.00,0.00
I003657,O01952,P035,3,1000.00,0.00
I003658,O01953,P023,2,379.00,75.80
I003659,O01953,P020,2,999.00,199.80
I003660,O01954,P006,1,42.99,0.00
I003661,O01955,P032,3,749.00,0.00
I003662,O01955,P033,1,250.00,0.00
I003663,O01956,P027,2,549.00,0.00
I003664,O01957,P033,1,250.00,0.00
I003665,O01957,P009,2,1299.00,0.00
I003666,O01957,P014,1,349.00,0.00
I003667,O01958,P026,3,249.00,37.35
I003668,O01958,P011,1,12999.00,0.00
I003669,O01959,P033,1,250.00,12.50
I003670,O01959,P013,1,549.00,0.00
I003671,O01959,P026,5,249.00,0.00
I003672,O01960,P001,1,54.99,0.00
I003673,O01960,P016,2,7499.00,0.00
I003674,O01961,P021,5,699.00,349.50
I003675,O01962,P035,1,1000.00,0.00
I003676,O01963,P022,1,1499.00,0.00
I003677,O01963,P005,3,64.99,0.00
I003678,O01963,P023,3,379.00,0.00
I003679,O01964,P034,1,500.00,0.00
I003680,O01964,P024,2,649.00,0.00
I003681,O01964,P012,1,899.00,0.00
I003682,O01964,P012,1,899.00,0.00
I003683,O01965,P002,2,89.99,0.00
I003684,O01966,P033,1,250.00,0.00
I003685,O01967,P023,1,379.00,0.00
I003686,O01967,P015,2,6499.00,0.00
I003687,O01968,P032,2,749.00,0.00
I003688,O01969,P017,2,449.00,0.00
I003689,O01970,P021,1,699.00,34.95
I003690,O01970,P006,2,42.99,4.30
I003691,O01970,P020,1,999.00,49.95
I003692,O01970,P024,3,649.00,97.35
I003693,O01971,P014,1,349.00,0.00
I003694,O01971,P024,1,649.00,0.00
I003695,O01972,P027,1,549.00,54.90
I003696,O01972,P013,2,549.00,109.80
I003697,O01973,P023,2,379.00,151.60
I003698,O01973,P011,2,12999.00,2599.80
I003699,O01974,P002,3,89.99,27.00
I003700,O01975,P016,1,7499.00,749.90
I003701,O01975,P027,2,549.00,0.00
I003702,O01976,P022,3,1499.00,0.00
I003703,O01976,P002,2,89.99,9.00
I003704,O01976,P021,2,699.00,0.00
I003705,O01976,P003,1,129.99,0.00
I003706,O01977,P012,3,899.00,134.85
I003707,O01978,P032,3,749.00,224.70
I003708,O01978,P021,1,699.00,34.95
I003709,O01978,P023,2,379.00,151.60
I003710,O01979,P023,1,379.00,0.00
I003711,O01980,P007,1,74.99,0.00
I003712,O01980,P005,1,64.99,0.00
I003713,O01980,P017,2,449.00,44.90
I003714,O01980,P015,2,6499.00,649.90
I003715,O01981,P023,1,379.00,0.00
I003716,O01982,P028,2,799.00,0.00
I003717,O01983,P023,1,379.00,0.00
I003718,O01984,P006,1,42.99,0.00
I003719,O01984,P006,1,42.99,4.30
I003720,O01985,P027,1,549.00,0.00
I003721,O01985,P007,1,74.99,0.00
I003722,O01986,P021,2,699.00,0.00
I003723,O01987,P002,1,89.99,0.00
I003724,O01987,P033,5,250.00,62.50
I003725,O01987,P026,1,249.00,0.00
I003726,O01988,P002,2,89.99,0.00
I003727,O01989,P022,2,1499.00,299.80
I003728,O01990,P029,1,149.99,15.00
I003729,O01990,P012,3,899.00,0.00
I003730,O01991,P020,1,999.00,99.90
I003731,O01991,P006,2,42.99,4.30
I003732,O01991,P004,1,119.99,0.00
I003733,O01991,P016,1,7499.00,0.00
I003734,O01992,P009,1,1299.00,64.95
I003735,O01993,P019,1,399.00,19.95
I003736,O01993,P017,1,449.00,0.00
I003737,O01994,P006,3,42.99,6.45
I003738,O01995,P007,1,74.99,0.00
I003739,O01995,P008,3,79.99,24.00
I003740,O01996,P029,1,149.99,0.00
I003741,O01997,P032,1,749.00,0.00
I003742,O01997,P011,1,12999.00,0.00
I003743,O01998,P028,2,799.00,0.00
I003744,O01998,P002,1,89.99,0.00
I003745,O01999,P006,1,42.99,0.00
I003746,O01999,P017,1,449.00,0.00
I003747,O01999,P012,1,899.00,44.95
I003748,O02000,P020,2,999.00,199.80
I003749,O02000,P011,1,12999.00,0.00
I003750,O02000,P029,2,149.99,0.00
I003751,O02001,P027,2,549.00,0.00
I003752,O02002,P033,1,250.00,0.00
I003753,O02003,P021,1,699.00,0.00
I003754,O02003,P025,1,299.00,0.00
I003755,O02003,P011,1,12999.00,0.00
I003756,O02004,P013,2,549.00,0.00
I003757,O02004,P025,1,299.00,14.95
I003758,O02004,P027,1,549.00,54.90
I003759,O02005,P031,5,119.99,30.00
I003760,O02005,P001,1,54.99,0.00
I003761,O02005,P020,2,999.00,0.00
I003762,O02005,P012,1,899.00,0.00
I003763,O02006,P001,1,54.99,0.00
I003764,O02006,P018,1,1199.00,119.90
I003765,O02006,P002,2,89.99,9.00
I003766,O02006,P021,1,699.00,0.00
I003767,O02007,P006,2,42.99,4.30
I003768,O02007,P020,1,999.00,99.90
I003769,O02008,P012,1,899.00,0.00
I003770,O02008,P016,1,7499.00,374.95
I003771,O02008,P008,2,79.99,8.00
I003772,O02009,P007,1,74.99,0.00
I003773,O02010,P024,1,649.00,0.00
I003774,O02011,P003,1,129.99,0.00
I003775,O02011,P019,2,399.00,159.60
I003776,O02011,P020,1,999.00,0.00
I003777,O02012,P008,1,79.99,0.00
I003778,O02013,P019,1,399.00,0.00
I003779,O02014,P002,2,89.99,0.00
I003780,O02015,P002,1,89.99,0.00
I003781,O02015,P015,1,6499.00,0.00
I003782,O02016,P006,2,42.99,0.00
I003783,O02016,P012,2,899.00,0.00
I003784,O02017,P015,1,6499.00,0.00
I003785,O02018,P035,1,1000.00,0.00
I003786,O02019,P029,2,149.99,15.00
I003787,O02019,P026,2,249.00,49.80
I003788,O02020,P017,2,449.00,0.00
I003789,O02020,P019,1,399.00,0.00
I003790,O02021,P008,1,79.99,8.00
I003791,O02021,P022,5,1499.00,0.00
I003792,O02022,P001,1,54.99,0.00
I003793,O02022,P021,1,699.00,0.00
I003794,O02022,P027,1,549.00,0.00
I003795,O02022,P030,5,189.99,0.00
I003796,O02023,P020,1,999.00,0.00
I003797,O02024,P004,1,119.99,24.00
I003798,O02025,P028,5,799.00,0.00
I003799,O02025,P011,1,12999.00,0.00
I003800,O02026,P034,1,500.00,0.00
I003801,O02027,P011,1,12999.00,649.95
I003802,O02027,P024,1,649.00,0.00
I003803,O02028,P008,1,79.99,8.00
I003804,O02028,P014,1,349.00,0.00
I003805,O02029,P012,1,899.00,89.90
I003806,O02030,P007,2,74.99,30.00
I003807,O02030,P013,1,549.00,0.00
I003808,O02030,P035,1,1000.00,0.00
I003809,O02031,P021,1,699.00,0.00
I003810,O02031,P014,2,349.00,0.00
I003811,O02032,P003,2,129.99,0.00
I003812,O02032,P020,1,999.00,49.95
I003813,O02032,P035,1,1000.00,0.00
I003814,O02033,P007,1,74.99,0.00
I003815,O02034,P033,1,250.00,25.00
I003816,O02035,P008,1,79.99,0.00
I003817,O02035,P019,5,399.00,99.75
I003818,O02036,P034,3,500.00,150.00
I003819,O02037,P021,1,699.00,0.00
I003820,O02038,P018,1,1199.00,239.80
I003821,O02039,P020,1,999.00,0.00
I003822,O02040,P022,1,1499.00,0.00
I003823,O02041,P005,3,64.99,0.00
I003824,O02041,P021,1,699.00,0.00
I003825,O02042,P025,3,299.00,44.85
I003826,O02042,P005,1,64.99,0.00
I003827,O02042,P025,1,299.00,0.00
I003828,O02043,P031,1,119.99,0.00
I003829,O02044,P035,1,1000.00,0.00
I003830,O02045,P002,2,89.99,9.00
I003831,O02045,P020,1,999.00,49.95
I003832,O02046,P013,1,549.00,0.00
I003833,O02046,P020,2,999.00,0.00
I003834,O02047,P034,1,500.00,50.00
I003835,O02047,P017,2,449.00,0.00
I003836,O02047,P024,2,649.00,0.00
I003837,O02047,P016,2,7499.00,0.00
I003838,O02048,P002,1,89.99,0.00
I003839,O02049,P018,3,1199.00,359.70
I003840,O02049,P001,1,54.99,0.00
I003841,O02049,P028,1,799.00,0.00
I003842,O02049,P007,2,74.99,0.00
I003843,O02050,P003,2,129.99,13.00
I003844,O02051,P019,2,399.00,0.00
I003845,O02051,P026,2,249.00,0.00
I003846,O02051,P028,1,799.00,0.00
I003847,O02051,P017,1,449.00,0.00
I003848,O02052,P028,1,799.00,0.00
I003849,O02052,P017,2,449.00,89.80
I003850,O02052,P006,1,42.99,2.15
I003851,O02053,P007,1,74.99,0.00
I003852,O02053,P023,1,379.00,18.95
I003853,O02053,P001,2,54.99,0.00
I003854,O02053,P033,1,250.00,0.00
I003855,O02054,P012,1,899.00,44.95
I003856,O02054,P024,1,649.00,0.00
I003857,O02055,P021,2,699.00,0.00
I003858,O02055,P022,2,1499.00,0.00
I003859,O02055,P015,1,6499.00,0.00
I003860,O02055,P009,2,1299.00,129.90
I003861,O02056,P011,3,12999.00,3899.70
I003862,O02056,P008,1,79.99,0.00
I003863,O02057,P032,1,749.00,0.00
I003864,O02057,P025,3,299.00,0.00
I003865,O02057,P005,2,64.99,6.50
I003866,O02058,P004,2,119.99,0.00
I003867,O02059,P010,1,8999.00,0.00
I003868,O02059,P022,1,1499.00,149.90
I003869,O02059,P014,1,349.00,0.00
I003870,O02060,P030,1,189.99,0.00
I003871,O02060,P031,1,119.99,0.00
I003872,O02061,P020,2,999.00,0.00
I003873,O02062,P016,1,7499.00,0.00
I003874,O02062,P010,1,8999.00,0.00
I003875,O02063,P015,2,6499.00,1299.80
I003876,O02064,P027,3,549.00,0.00
I003877,O02065,P032,2,749.00,0.00
I003878,O02065,P032,5,749.00,374.50
I003879,O02066,P022,1,1499.00,0.00
I003880,O02066,P013,1,549.00,0.00
I003881,O02066,P017,3,449.00,134.70
I003882,O02067,P017,3,449.00,0.00
I003883,O02068,P013,1,549.00,0.00
I003884,O02069,P004,2,119.99,0.00
I003885,O02069,P003,1,129.99,0.00
I003886,O02070,P019,2,399.00,0.00
I003887,O02071,P009,3,1299.00,0.00
I003888,O02071,P003,2,129.99,26.00
I003889,O02071,P001,3,54.99,0.00
I003890,O02072,P016,2,7499.00,0.00
I003891,O02073,P033,1,250.00,12.50
I003892,O02073,P021,5,699.00,0.00
I003893,O02073,P007,2,74.99,0.00
I003894,O02074,P020,1,999.00,0.00
I003895,O02075,P018,2,1199.00,119.90
I003896,O02075,P027,1,549.00,27.45
I003897,O02076,P009,1,1299.00,0.00
I003898,O02076,P024,1,649.00,0.00
I003899,O02077,P012,1,899.00,0.00
I003900,O02078,P035,1,1000.00,100.00
I003901,O02078,P005,1,64.99,0.00
I003902,O02079,P016,1,7499.00,0.00
I003903,O02080,P020,3,999.00,299.70
I003904,O02081,P011,3,12999.00,0.00
I003905,O02081,P033,1,250.00,0.00
I003906,O02081,P023,5,379.00,0.00
I003907,O02081,P027,1,549.00,54.90
I003908,O02082,P024,1,649.00,32.45
I003909,O02083,P027,2,549.00,0.00
I003910,O02083,P006,1,42.99,8.60
I003911,O02083,P034,2,500.00,0.00
I003912,O02083,P011,2,12999.00,0.00
I003913,O02084,P005,3,64.99,38.99
I003914,O02084,P025,1,299.00,29.90
I003915,O02085,P014,3,349.00,0.00
I003916,O02086,P004,5,119.99,119.99
I003917,O02086,P005,2,64.99,13.00
I003918,O02086,P013,1,549.00,27.45
I003919,O02087,P030,2,189.99,0.00
I003920,O02087,P004,2,119.99,12.00
I003921,O02087,P007,1,74.99,0.00
I003922,O02088,P026,1,249.00,0.00
I003923,O02089,P004,2,119.99,0.00
I003924,O02090,P027,1,549.00,0.00
I003925,O02091,P020,1,999.00,99.90
I003926,O02091,P008,2,79.99,8.00
I003927,O02092,P022,1,1499.00,0.00
I003928,O02092,P006,3,42.99,12.90
I003929,O02093,P025,2,299.00,0.00
I003930,O02093,P004,3,119.99,36.00
I003931,O02094,P008,1,79.99,0.00
I003932,O02094,P033,3,250.00,0.00
I003933,O02094,P006,2,42.99,0.00
I003934,O02095,P025,3,299.00,0.00
I003935,O02095,P013,2,549.00,0.00
I003936,O02096,P023,1,379.00,18.95
I003937,O02097,P030,3,189.99,0.00
I003938,O02098,P008,1,79.99,0.00
I003939,O02098,P019,1,399.00,39.90
I003940,O02099,P002,2,89.99,0.00
I003941,O02099,P034,1,500.00,50.00
I003942,O02099,P003,1,129.99,0.00
I003943,O02100,P031,1,119.99,24.00
I003944,O02101,P033,1,250.00,0.00
I003945,O02101,P017,1,449.00,0.00
I003946,O02102,P034,1,500.00,0.00
I003947,O02102,P025,1,299.00,14.95
I003948,O02103,P009,3,1299.00,0.00
I003949,O02104,P025,1,299.00,0.00
I003950,O02104,P018,2,1199.00,0.00
I003951,O02104,P006,2,42.99,0.00
I003952,O02105,P034,1,500.00,100.00
I003953,O02105,P021,2,699.00,0.00
I003954,O02106,P030,2,189.99,19.00
I003955,O02107,P006,3,42.99,0.00
I003956,O02107,P014,2,349.00,69.80
I003957,O02108,P017,3,449.00,67.35
I003958,O02108,P026,2,249.00,0.00
I003959,O02108,P027,2,549.00,0.00
I003960,O02109,P035,2,1000.00,200.00
I003961,O02109,P011,1,12999.00,0.00
I003962,O02109,P035,3,1000.00,150.00
I003963,O02109,P008,1,79.99,0.00
I003964,O02110,P020,2,999.00,199.80
I003965,O02111,P021,2,699.00,0.00
I003966,O02112,P010,1,8999.00,0.00
I003967,O02112,P013,1,549.00,0.00
I003968,O02113,P032,1,749.00,37.45
I003969,O02113,P018,1,1199.00,59.95
I003970,O02114,P028,1,799.00,39.95
I003971,O02114,P008,2,79.99,0.00
I003972,O02114,P028,1,799.00,0.00
I003973,O02114,P027,1,549.00,0.00
I003974,O02115,P029,1,149.99,0.00
I003975,O02115,P001,3,54.99,0.00
I003976,O02116,P026,2,249.00,49.80
I003977,O02116,P006,2,42.99,0.00
I003978,O02116,P031,2,119.99,0.00
I003979,O02117,P014,1,349.00,17.45
I003980,O02117,P011,1,12999.00,0.00
I003981,O02117,P004,1,119.99,0.00
I003982,O02118,P033,5,250.00,0.00
I003983,O02118,P014,1,349.00,0.00
I003984,O02119,P024,2,649.00,0.00
I003985,O02119,P026,5,249.00,0.00
I003986,O02120,P026,1,249.00,24.90
I003987,O02120,P032,2,749.00,149.80
I003988,O02121,P014,1,349.00,17.45
I003989,O02121,P020,2,999.00,0.00
I003990,O02122,P010,2,8999.00,0.00
I003991,O02123,P014,1,349.00,34.90
I003992,O02123,P032,1,749.00,74.90
I003993,O02123,P009,1,1299.00,0.00
I003994,O02123,P012,1,899.00,0.00
I003995,O02124,P001,1,54.99,0.00
I003996,O02124,P002,2,89.99,18.00
I003997,O02125,P031,1,119.99,0.00
I003998,O02126,P014,2,349.00,0.00
I003999,O02127,P022,2,1499.00,0.00
I004000,O02127,P029,1,149.99,0.00
I004001,O02128,P017,2,449.00,44.90
I004002,O02128,P020,1,999.00,49.95
I004003,O02129,P012,3,899.00,134.85
I004004,O02129,P018,2,1199.00,239.80
I004005,O02129,P004,1,119.99,24.00
I004006,O02130,P030,1,189.99,0.00
I004007,O02130,P004,1,119.99,24.00
I004008,O02131,P017,1,449.00,0.00
I004009,O02131,P017,2,449.00,0.00
I004010,O02132,P022,1,1499.00,299.80
I004011,O02133,P030,1,189.99,9.50
I004012,O02133,P010,1,8999.00,0.00
I004013,O02134,P023,1,379.00,0.00
I004014,O02134,P032,1,749.00,0.00
I004015,O02135,P017,2,449.00,0.00
I004016,O02135,P013,1,549.00,0.00
I004017,O02136,P029,2,149.99,0.00
I004018,O02136,P032,2,749.00,0.00
I004019,O02136,P016,5,7499.00,0.00
I004020,O02137,P024,2,649.00,0.00
I004021,O02137,P008,1,79.99,0.00
I004022,O02137,P025,1,299.00,0.00
I004023,O02137,P023,1,379.00,0.00
I004024,O02138,P018,1,1199.00,0.00
I004025,O02139,P010,1,8999.00,449.95
I004026,O02140,P026,2,249.00,0.00
I004027,O02141,P034,1,500.00,0.00
I004028,O02141,P004,1,119.99,0.00
I004029,O02141,P035,1,1000.00,50.00
I004030,O02142,P001,1,54.99,0.00
I004031,O02143,P015,1,6499.00,649.90
I004032,O02144,P005,3,64.99,0.00
I004033,O02145,P004,3,119.99,18.00
I004034,O02145,P015,2,6499.00,649.90
I004035,O02146,P022,1,1499.00,299.80
I004036,O02146,P027,1,549.00,27.45
I004037,O02147,P034,1,500.00,50.00
I004038,O02147,P007,1,74.99,0.00
I004039,O02148,P021,3,699.00,209.70
I004040,O02148,P006,3,42.99,0.00
I004041,O02149,P020,1,999.00,49.95
I004042,O02149,P021,1,699.00,0.00
I004043,O02149,P018,1,1199.00,0.00
I004044,O02150,P008,1,79.99,4.00
I004045,O02150,P035,2,1000.00,100.00
I004046,O02150,P022,1,1499.00,0.00
I004047,O02150,P029,1,149.99,30.00
I004048,O02151,P014,1,349.00,69.80
I004049,O02152,P032,3,749.00,0.00
I004050,O02153,P013,1,549.00,0.00
I004051,O02153,P004,3,119.99,0.00
I004052,O02154,P031,3,119.99,0.00
I004053,O02155,P031,1,119.99,24.00
I004054,O02155,P016,2,7499.00,0.00
I004055,O02155,P024,1,649.00,0.00
I004056,O02155,P031,2,119.99,0.00
I004057,O02156,P034,1,500.00,0.00
I004058,O02156,P020,1,999.00,0.00
I004059,O02157,P020,2,999.00,99.90
I004060,O02158,P021,2,699.00,69.90
I004061,O02159,P032,2,749.00,0.00
I004062,O02159,P009,1,1299.00,64.95
I004063,O02160,P007,1,74.99,15.00
I004064,O02160,P010,1,8999.00,0.00
I004065,O02160,P001,1,54.99,0.00
I004066,O02161,P022,3,1499.00,0.00
I004067,O02161,P001,1,54.99,0.00
I004068,O02162,P001,1,54.99,5.50
I004069,O02163,P020,1,999.00,99.90
I004070,O02163,P006,1,42.99,0.00
I004071,O02163,P016,3,7499.00,0.00
I004072,O02164,P023,1,379.00,37.90
I004073,O02165,P035,1,1000.00,0.00
I004074,O02166,P001,3,54.99,0.00
I004075,O02166,P030,1,189.99,19.00
I004076,O02167,P004,3,119.99,0.00
I004077,O02167,P009,1,1299.00,129.90
I004078,O02168,P021,1,699.00,0.00
I004079,O02168,P017,1,449.00,0.00
I004080,O02168,P026,1,249.00,24.90
I004081,O02169,P030,2,189.99,19.00
I004082,O02169,P015,2,6499.00,0.00
I004083,O02169,P031,2,119.99,0.00
I004084,O02169,P015,1,6499.00,0.00
I004085,O02170,P022,1,1499.00,0.00
I004086,O02170,P035,1,1000.00,0.00
I004087,O02170,P003,1,129.99,6.50
I004088,O02170,P029,2,149.99,0.00
I004089,O02171,P019,1,399.00,0.00
I004090,O02172,P008,1,79.99,0.00
I004091,O02172,P031,1,119.99,12.00
I004092,O02173,P030,1,189.99,0.00
I004093,O02174,P014,1,349.00,0.00
I004094,O02174,P017,3,449.00,0.00
I004095,O02175,P012,3,899.00,539.40
I004096,O02175,P027,1,549.00,0.00
I004097,O02176,P029,3,149.99,0.00
I004098,O02176,P024,1,649.00,32.45
I004099,O02176,P014,1,349.00,34.90
I004100,O02177,P029,1,149.99,7.50
I004101,O02177,P004,3,119.99,18.00
I004102,O02177,P023,1,379.00,0.00
I004103,O02178,P011,1,12999.00,0.00
I004104,O02178,P013,2,549.00,54.90
I004105,O02178,P004,2,119.99,0.00
I004106,O02178,P015,1,6499.00,0.00
I004107,O02179,P025,1,299.00,59.80
I004108,O02179,P015,2,6499.00,0.00
I004109,O02179,P023,2,379.00,0.00
I004110,O02179,P029,1,149.99,0.00
I004111,O02180,P004,1,119.99,0.00
I004112,O02181,P031,2,119.99,0.00
I004113,O02182,P001,1,54.99,0.00
I004114,O02182,P020,3,999.00,0.00
I004115,O02183,P022,2,1499.00,0.00
I004116,O02184,P012,1,899.00,44.95
I004117,O02185,P006,2,42.99,4.30
I004118,O02185,P021,1,699.00,139.80
I004119,O02186,P031,1,119.99,6.00
I004120,O02186,P011,3,12999.00,0.00
I004121,O02187,P027,1,549.00,54.90
I004122,O02188,P012,1,899.00,0.00
I004123,O02189,P020,1,999.00,0.00
I004124,O02189,P002,1,89.99,0.00
I004125,O02190,P018,1,1199.00,0.00
I004126,O02191,P026,1,249.00,24.90
I004127,O02191,P021,2,699.00,0.00
I004128,O02191,P007,1,74.99,0.00
I004129,O02192,P026,1,249.00,0.00
I004130,O02193,P024,1,649.00,0.00
I004131,O02194,P028,1,799.00,0.00
I004132,O02194,P017,1,449.00,89.80
I004133,O02195,P022,1,1499.00,0.00
I004134,O02195,P030,1,189.99,0.00
I004135,O02196,P009,1,1299.00,0.00
I004136,O02196,P005,1,64.99,0.00
I004137,O02196,P010,1,8999.00,449.95
I004138,O02196,P009,1,1299.00,64.95
I004139,O02197,P013,2,549.00,0.00
I004140,O02197,P033,1,250.00,25.00
I004141,O02198,P008,1,79.99,8.00
I004142,O02199,P030,1,189.99,19.00
I004143,O02199,P020,2,999.00,0.00
I004144,O02199,P020,3,999.00,0.00
I004145,O02200,P006,1,42.99,0.00
I004146,O02201,P031,2,119.99,0.00
I004147,O02201,P028,2,799.00,0.00
I004148,O02201,P011,3,12999.00,0.00
I004149,O02201,P013,2,549.00,0.00
I004150,O02202,P025,1,299.00,0.00
I004151,O02202,P026,2,249.00,49.80
I004152,O02203,P004,2,119.99,0.00
I004153,O02203,P035,2,1000.00,0.00
I004154,O02204,P004,1,119.99,0.00
I004155,O02204,P005,1,64.99,0.00
I004156,O02205,P009,1,1299.00,0.00
I004157,O02206,P006,2,42.99,0.00
I004158,O02206,P004,3,119.99,18.00
I004159,O02207,P012,1,899.00,89.90
I004160,O02207,P017,1,449.00,44.90
I004161,O02208,P018,1,1199.00,0.00
I004162,O02209,P020,1,999.00,0.00
I004163,O02210,P027,2,549.00,109.80
I004164,O02211,P002,2,89.99,0.00
I004165,O02211,P011,2,12999.00,0.00
I004166,O02211,P016,1,7499.00,0.00
I004167,O02212,P004,1,119.99,12.00
I004168,O02212,P027,1,549.00,54.90
I004169,O02213,P017,2,449.00,0.00
I004170,O02214,P010,2,8999.00,899.90
I004171,O02214,P028,1,799.00,0.00
I004172,O02215,P026,1,249.00,0.00
I004173,O02215,P014,2,349.00,34.90
I004174,O02215,P012,2,899.00,89.90
I004175,O02215,P012,1,899.00,0.00
I004176,O02216,P016,1,7499.00,0.00
I004177,O02216,P018,1,1199.00,0.00
I004178,O02216,P014,1,349.00,69.80
I004179,O02217,P035,1,1000.00,50.00
I004180,O02218,P026,1,249.00,0.00
I004181,O02218,P009,1,1299.00,129.90
I004182,O02218,P032,2,749.00,0.00
I004183,O02219,P004,1,119.99,0.00
I004184,O02220,P024,2,649.00,0.00
I004185,O02221,P006,2,42.99,8.60
I004186,O02221,P023,3,379.00,0.00
I004187,O02222,P005,1,64.99,6.50
I004188,O02222,P008,1,79.99,0.00
I004189,O02222,P021,1,699.00,139.80
I004190,O02222,P026,1,249.00,0.00
I004191,O02223,P028,1,799.00,0.00
I004192,O02224,P028,1,799.00,0.00
I004193,O02224,P001,1,54.99,5.50
I004194,O02224,P021,1,699.00,0.00
I004195,O02225,P029,1,149.99,0.00
I004196,O02225,P013,2,549.00,54.90
I004197,O02226,P007,1,74.99,7.50
I004198,O02226,P027,2,549.00,109.80
I004199,O02227,P007,1,74.99,0.00
I004200,O02227,P018,2,1199.00,239.80
I004201,O02228,P033,1,250.00,0.00
I004202,O02229,P003,5,129.99,0.00
I004203,O02229,P025,1,299.00,0.00
I004204,O02229,P035,2,1000.00,0.00
I004205,O02229,P012,1,899.00,0.00
I004206,O02230,P008,2,79.99,32.00
I004207,O02230,P019,1,399.00,0.00
I004208,O02231,P002,3,89.99,0.00
I004209,O02232,P024,1,649.00,0.00
I004210,O02232,P019,1,399.00,0.00
I004211,O02233,P025,1,299.00,14.95
I004212,O02233,P029,1,149.99,15.00
I004213,O02233,P022,2,1499.00,299.80
I004214,O02233,P006,1,42.99,0.00
I004215,O02234,P006,1,42.99,4.30
I004216,O02235,P023,1,379.00,75.80
I004217,O02236,P016,1,7499.00,0.00
I004218,O02236,P025,1,299.00,0.00
I004219,O02237,P010,1,8999.00,0.00
I004220,O02237,P017,2,449.00,0.00
I004221,O02238,P003,1,129.99,6.50
I004222,O02239,P026,2,249.00,0.00
I004223,O02239,P033,1,250.00,0.00
I004224,O02239,P007,1,74.99,0.00
I004225,O02240,P006,1,42.99,0.00
I004226,O02241,P007,1,74.99,0.00
I004227,O02241,P027,1,549.00,0.00
I004228,O02242,P034,1,500.00,0.00
I004229,O02243,P016,1,7499.00,0.00
I004230,O02244,P007,1,74.99,0.00
I004231,O02244,P024,1,649.00,32.45
I004232,O02244,P017,1,449.00,0.00
I004233,O02245,P027,1,549.00,0.00
I004234,O02246,P019,2,399.00,0.00
I004235,O02246,P003,1,129.99,0.00
I004236,O02247,P019,1,399.00,0.00
I004237,O02248,P035,2,1000.00,0.00
I004238,O02249,P015,3,6499.00,1949.70
I004239,O02250,P008,3,79.99,12.00
I004240,O02250,P016,2,7499.00,0.00
I004241,O02251,P033,1,250.00,12.50
I004242,O02252,P025,3,299.00,44.85
I004243,O02252,P010,3,8999.00,1349.85
I004244,O02253,P015,1,6499.00,0.00
I004245,O02253,P013,2,549.00,0.00
I004246,O02253,P008,3,79.99,47.99
I004247,O02253,P007,1,74.99,15.00
I004248,O02254,P001,1,54.99,0.00
I004249,O02255,P025,1,299.00,0.00
I004250,O02256,P023,2,379.00,0.00
I004251,O02257,P031,1,119.99,6.00
I004252,O02257,P030,2,189.99,0.00
I004253,O02258,P034,1,500.00,0.00
I004254,O02258,P015,1,6499.00,0.00
I004255,O02258,P015,1,6499.00,1299.80
I004256,O02258,P019,1,399.00,39.90
I004257,O02259,P029,1,149.99,30.00
I004258,O02259,P003,1,129.99,13.00
I004259,O02259,P026,1,249.00,12.45
I004260,O02260,P027,2,549.00,0.00
I004261,O02261,P019,3,399.00,0.00
I004262,O02262,P018,1,1199.00,0.00
I004263,O02262,P030,1,189.99,0.00
I004264,O02263,P001,2,54.99,0.00
I004265,O02263,P015,2,6499.00,0.00
I004266,O02263,P020,1,999.00,99.90
I004267,O02264,P007,1,74.99,3.75
I004268,O02265,P018,1,1199.00,0.00
I004269,O02265,P023,1,379.00,0.00
I004270,O02265,P029,1,149.99,0.00
I004271,O02265,P034,1,500.00,0.00
I004272,O02266,P002,2,89.99,9.00
I004273,O02266,P024,1,649.00,0.00
I004274,O02266,P004,1,119.99,6.00
I004275,O02267,P008,3,79.99,0.00
I004276,O02267,P030,1,189.99,38.00
I004277,O02268,P033,1,250.00,12.50
I004278,O02269,P025,2,299.00,119.60
I004279,O02269,P016,2,7499.00,0.00
I004280,O02269,P031,2,119.99,0.00
I004281,O02270,P013,2,549.00,109.80
I004282,O02271,P007,1,74.99,0.00
I004283,O02272,P022,1,1499.00,74.95
I004284,O02273,P020,1,999.00,99.90
I004285,O02274,P021,1,699.00,0.00
I004286,O02274,P015,1,6499.00,0.00
I004287,O02275,P026,1,249.00,12.45
I004288,O02275,P010,1,8999.00,0.00
I004289,O02276,P001,1,54.99,0.00
I004290,O02276,P008,2,79.99,8.00
I004291,O02276,P006,2,42.99,0.00
I004292,O02276,P027,1,549.00,0.00
I004293,O02277,P033,1,250.00,50.00
I004294,O02277,P015,1,6499.00,324.95
I004295,O02278,P025,2,299.00,0.00
I004296,O02279,P005,1,64.99,3.25
I004297,O02279,P034,1,500.00,25.00
I004298,O02279,P030,3,189.99,0.00
I004299,O02279,P027,2,549.00,109.80
I004300,O02280,P034,1,500.00,50.00
I004301,O02280,P002,1,89.99,4.50
I004302,O02280,P034,2,500.00,0.00
I004303,O02281,P015,2,6499.00,0.00
I004304,O02281,P027,1,549.00,0.00
I004305,O02281,P028,1,799.00,0.00
I004306,O02281,P013,1,549.00,0.00
I004307,O02282,P010,1,8999.00,0.00
I004308,O02282,P005,2,64.99,6.50
I004309,O02282,P012,5,899.00,0.00
I004310,O02283,P007,1,74.99,7.50
I004311,O02283,P016,1,7499.00,0.00
I004312,O02283,P021,2,699.00,0.00
I004313,O02284,P018,2,1199.00,0.00
I004314,O02284,P028,2,799.00,79.90
I004315,O02285,P015,1,6499.00,0.00
I004316,O02286,P021,2,699.00,0.00
I004317,O02286,P004,2,119.99,24.00
I004318,O02286,P011,2,12999.00,0.00
I004319,O02287,P018,3,1199.00,719.40
I004320,O02288,P002,1,89.99,0.00
I004321,O02289,P032,1,749.00,0.00
I004322,O02289,P030,5,189.99,47.50
I004323,O02290,P010,1,8999.00,0.00
I004324,O02291,P030,1,189.99,9.50
I004325,O02292,P007,1,74.99,0.00
I004326,O02292,P019,2,399.00,0.00
I004327,O02292,P014,1,349.00,0.00
I004328,O02293,P010,1,8999.00,0.00
I004329,O02293,P017,5,449.00,0.00
I004330,O02294,P003,3,129.99,19.50
I004331,O02294,P034,1,500.00,0.00
I004332,O02294,P029,1,149.99,0.00
I004333,O02295,P005,1,64.99,6.50
I004334,O02296,P011,1,12999.00,649.95
I004335,O02297,P021,1,699.00,0.00
I004336,O02297,P002,1,89.99,0.00
I004337,O02298,P009,1,1299.00,129.90
I004338,O02298,P014,2,349.00,0.00
I004339,O02298,P027,1,549.00,0.00
I004340,O02299,P013,2,549.00,54.90
I004341,O02300,P028,2,799.00,0.00
I004342,O02300,P002,3,89.99,0.00
I004343,O02301,P025,2,299.00,0.00
I004344,O02302,P005,3,64.99,0.00
I004345,O02302,P028,1,799.00,0.00
I004346,O02302,P001,1,54.99,0.00
I004347,O02303,P010,1,8999.00,0.00
I004348,O02304,P001,1,54.99,0.00
I004349,O02305,P013,1,549.00,54.90
I004350,O02305,P022,1,1499.00,74.95
I004351,O02306,P033,2,250.00,0.00
I004352,O02307,P020,1,999.00,0.00
I004353,O02307,P022,2,1499.00,149.90
I004354,O02308,P011,2,12999.00,0.00
I004355,O02309,P012,1,899.00,0.00
I004356,O02309,P029,1,149.99,0.00
I004357,O02310,P033,1,250.00,12.50
I004358,O02310,P031,1,119.99,0.00
I004359,O02310,P005,2,64.99,13.00
I004360,O02311,P022,3,1499.00,224.85
I004361,O02311,P024,1,649.00,0.00
I004362,O02311,P021,2,699.00,0.00
I004363,O02311,P027,1,549.00,0.00
I004364,O02312,P015,1,6499.00,0.00
I004365,O02312,P022,1,1499.00,299.80
I004366,O02313,P001,1,54.99,11.00
I004367,O02313,P023,5,379.00,0.00
I004368,O02313,P003,2,129.99,0.00
I004369,O02313,P023,2,379.00,151.60
I004370,O02314,P025,1,299.00,29.90
I004371,O02314,P013,1,549.00,0.00
I004372,O02315,P015,1,6499.00,1299.80
I004373,O02315,P032,1,749.00,74.90
I004374,O02316,P031,1,119.99,12.00
I004375,O02316,P009,1,1299.00,0.00
I004376,O02316,P022,2,1499.00,299.80
I004377,O02317,P023,3,379.00,0.00
I004378,O02317,P024,2,649.00,259.60
I004379,O02317,P033,1,250.00,12.50
I004380,O02318,P004,2,119.99,24.00
I004381,O02318,P001,2,54.99,0.00
I004382,O02319,P020,2,999.00,0.00
I004383,O02319,P017,3,449.00,0.00
I004384,O02319,P008,2,79.99,0.00
I004385,O02319,P026,1,249.00,24.90
I004386,O02320,P015,1,6499.00,0.00
I004387,O02321,P016,1,7499.00,374.95
I004388,O02321,P033,1,250.00,0.00
I004389,O02322,P028,1,799.00,79.90
I004390,O02322,P029,1,149.99,0.00
I004391,O02322,P032,1,749.00,37.45
I004392,O02323,P020,2,999.00,0.00
I004393,O02323,P014,1,349.00,0.00
I004394,O02323,P007,2,74.99,15.00
I004395,O02324,P002,2,89.99,0.00
I004396,O02325,P033,1,250.00,0.00
I004397,O02326,P022,2,1499.00,0.00
I004398,O02326,P012,1,899.00,44.95
I004399,O02326,P009,3,1299.00,194.85
I004400,O02326,P026,1,249.00,0.00
I004401,O02327,P017,1,449.00,0.00
I004402,O02327,P009,5,1299.00,0.00
I004403,O02328,P016,2,7499.00,0.00
I004404,O02328,P023,2,379.00,151.60
I004405,O02328,P003,3,129.99,0.00
I004406,O02329,P017,3,449.00,67.35
I004407,O02329,P018,2,1199.00,119.90
I004408,O02329,P008,2,79.99,0.00
I004409,O02329,P016,3,7499.00,0.00
I004410,O02330,P021,1,699.00,34.95
I004411,O02330,P007,3,74.99,0.00
I004412,O02330,P010,3,8999.00,0.00
I004413,O02331,P016,2,7499.00,1499.80
I004414,O02331,P024,1,649.00,64.90
I004415,O02332,P032,1,749.00,0.00
I004416,O02333,P013,1,549.00,0.00
I004417,O02333,P017,2,449.00,0.00
I004418,O02333,P002,1,89.99,4.50
I004419,O02334,P010,3,8999.00,0.00
I004420,O02334,P002,1,89.99,4.50
I004421,O02334,P010,1,8999.00,0.00
I004422,O02335,P030,1,189.99,9.50
I004423,O02336,P020,1,999.00,0.00
I004424,O02337,P013,2,549.00,54.90
I004425,O02337,P015,1,6499.00,0.00
I004426,O02338,P010,1,8999.00,899.90
I004427,O02338,P015,1,6499.00,0.00
I004428,O02338,P012,3,899.00,0.00
I004429,O02339,P018,1,1199.00,59.95
I004430,O02339,P021,1,699.00,0.00
I004431,O02340,P010,1,8999.00,0.00
I004432,O02340,P011,2,12999.00,0.00
I004433,O02341,P004,3,119.99,0.00
I004434,O02341,P027,1,549.00,0.00
I004435,O02341,P009,2,1299.00,0.00
I004436,O02341,P027,1,549.00,0.00
I004437,O02342,P017,3,449.00,269.40
I004438,O02343,P032,1,749.00,0.00
I004439,O02344,P031,1,119.99,6.00
I004440,O02345,P010,1,8999.00,0.00
I004441,O02345,P034,1,500.00,0.00
I004442,O02346,P025,1,299.00,0.00
I004443,O02346,P001,1,54.99,5.50
I004444,O02347,P035,1,1000.00,50.00
I004445,O02347,P005,2,64.99,26.00
I004446,O02348,P005,1,64.99,0.00
I004447,O02348,P013,3,549.00,164.70
I004448,O02348,P017,1,449.00,22.45
I004449,O02349,P006,1,42.99,0.00
I004450,O02349,P017,1,449.00,0.00
I004451,O02349,P001,3,54.99,0.00
I004452,O02350,P024,1,649.00,0.00
I004453,O02350,P007,2,74.99,0.00
I004454,O02350,P019,1,399.00,0.00
I004455,O02351,P010,2,8999.00,0.00
I004456,O02351,P006,2,42.99,0.00
I004457,O02352,P031,1,119.99,0.00
I004458,O02353,P019,1,399.00,0.00
I004459,O02354,P012,2,899.00,179.80
I004460,O02355,P022,2,1499.00,299.80
I004461,O02355,P028,1,799.00,79.90
I004462,O02356,P017,2,449.00,0.00
I004463,O02356,P019,1,399.00,0.00
I004464,O02357,P024,1,649.00,64.90
I004465,O02357,P013,1,549.00,54.90
I004466,O02358,P029,1,149.99,0.00
I004467,O02359,P006,2,42.99,0.00
I004468,O02360,P033,1,250.00,0.00
I004469,O02361,P026,1,249.00,12.45
I004470,O02362,P014,1,349.00,0.00
I004471,O02362,P016,1,7499.00,1499.80
I004472,O02363,P034,1,500.00,25.00
I004473,O02364,P021,1,699.00,69.90
I004474,O02364,P005,1,64.99,6.50
I004475,O02365,P013,2,549.00,54.90
I004476,O02365,P035,1,1000.00,50.00
I004477,O02366,P032,2,749.00,0.00
I004478,O02367,P031,3,119.99,0.00
I004479,O02367,P007,2,74.99,0.00
I004480,O02367,P005,2,64.99,13.00
I004481,O02368,P019,1,399.00,0.00
I004482,O02369,P012,1,899.00,0.00
I004483,O02369,P030,1,189.99,0.00
I004484,O02370,P029,3,149.99,45.00
I004485,O02371,P030,3,189.99,0.00
I004486,O02371,P018,1,1199.00,0.00
I004487,O02372,P009,2,1299.00,0.00
I004488,O02372,P014,1,349.00,34.90
I004489,O02372,P001,2,54.99,22.00
I004490,O02373,P014,1,349.00,34.90
I004491,O02373,P034,1,500.00,0.00
I004492,O02373,P018,2,1199.00,0.00
I004493,O02373,P019,1,399.00,0.00
I004494,O02374,P026,1,249.00,0.00
I004495,O02374,P016,3,7499.00,0.00
I004496,O02375,P021,5,699.00,0.00
I004497,O02375,P003,1,129.99,0.00
I004498,O02376,P032,1,749.00,0.00
I004499,O02377,P005,2,64.99,0.00
I004500,O02378,P032,1,749.00,37.45
I004501,O02378,P026,1,249.00,0.00
I004502,O02378,P020,1,999.00,99.90
I004503,O02379,P019,1,399.00,39.90
I004504,O02379,P011,2,12999.00,0.00
I004505,O02380,P035,1,1000.00,0.00
I004506,O02380,P021,2,699.00,0.00
I004507,O02381,P035,5,1000.00,0.00
I004508,O02382,P035,1,1000.00,100.00
I004509,O02383,P025,1,299.00,59.80
I004510,O02383,P009,2,1299.00,259.80
I004511,O02383,P031,1,119.99,0.00
I004512,O02384,P030,2,189.99,76.00
I004513,O02385,P015,2,6499.00,0.00
I004514,O02386,P023,2,379.00,37.90
I004515,O02387,P009,2,1299.00,259.80
I004516,O02388,P022,1,1499.00,74.95
I004517,O02389,P009,1,1299.00,0.00
I004518,O02389,P029,3,149.99,0.00
I004519,O02390,P022,1,1499.00,149.90
I004520,O02391,P003,1,129.99,0.00
I004521,O02391,P031,5,119.99,0.00
I004522,O02391,P005,1,64.99,0.00
I004523,O02391,P019,1,399.00,0.00
I004524,O02392,P001,1,54.99,11.00
I004525,O02393,P012,2,899.00,0.00
I004526,O02394,P029,1,149.99,7.50
I004527,O02394,P028,3,799.00,0.00
I004528,O02395,P011,1,12999.00,0.00
I004529,O02395,P027,1,549.00,0.00
I004530,O02395,P021,1,699.00,0.00
I004531,O02396,P008,1,79.99,16.00
I004532,O02397,P028,1,799.00,0.00
I004533,O02398,P008,1,79.99,0.00
I004534,O02399,P029,1,149.99,0.00
I004535,O02400,P024,1,649.00,64.90
I004536,O02401,P024,5,649.00,0.00
I004537,O02401,P022,1,1499.00,0.00
I004538,O02402,P033,1,250.00,25.00
I004539,O02403,P021,1,699.00,69.90
I004540,O02403,P024,1,649.00,64.90
I004541,O02403,P030,3,189.99,28.50
I004542,O02403,P033,1,250.00,12.50
I004543,O02404,P024,1,649.00,32.45
I004544,O02405,P031,2,119.99,12.00
I004545,O02405,P017,1,449.00,0.00
I004546,O02406,P016,1,7499.00,749.90
I004547,O02406,P011,2,12999.00,0.00
I004548,O02407,P015,1,6499.00,649.90
I004549,O02407,P002,1,89.99,0.00
I004550,O02407,P006,2,42.99,8.60
I004551,O02408,P002,1,89.99,9.00
I004552,O02409,P021,1,699.00,0.00
I004553,O02409,P006,3,42.99,6.45
I004554,O02409,P014,2,349.00,34.90
I004555,O02410,P014,1,349.00,17.45
I004556,O02411,P016,1,7499.00,0.00
I004557,O02412,P014,1,349.00,69.80
I004558,O02412,P003,1,129.99,0.00
I004559,O02412,P020,1,999.00,0.00
I004560,O02413,P027,1,549.00,0.00
I004561,O02413,P013,1,549.00,0.00
I004562,O02414,P013,1,549.00,109.80
I004563,O02414,P014,1,349.00,69.80
I004564,O02415,P005,3,64.99,0.00
I004565,O02415,P014,2,349.00,69.80
I004566,O02415,P006,1,42.99,4.30
I004567,O02415,P031,1,119.99,0.00
I004568,O02416,P016,1,7499.00,374.95
I004569,O02417,P031,2,119.99,0.00
I004570,O02417,P032,1,749.00,37.45
I004571,O02417,P010,1,8999.00,899.90
I004572,O02418,P026,1,249.00,0.00
I004573,O02419,P004,1,119.99,12.00
I004574,O02419,P029,5,149.99,149.99
I004575,O02420,P004,1,119.99,12.00
I004576,O02420,P002,1,89.99,0.00
I004577,O02420,P018,1,1199.00,0.00
I004578,O02421,P016,1,7499.00,0.00
I004579,O02422,P002,1,89.99,9.00
I004580,O02423,P020,1,999.00,0.00
I004581,O02424,P035,2,1000.00,0.00
I004582,O02425,P032,1,749.00,0.00
I004583,O02425,P021,3,699.00,209.70
I004584,O02425,P010,2,8999.00,0.00
I004585,O02426,P008,3,79.99,47.99
I004586,O02426,P002,5,89.99,45.00
I004587,O02427,P014,1,349.00,0.00
I004588,O02427,P026,3,249.00,74.70
I004589,O02428,P027,1,549.00,0.00
I004590,O02428,P020,1,999.00,99.90
I004591,O02429,P015,1,6499.00,0.00
I004592,O02430,P029,1,149.99,0.00
I004593,O02431,P018,1,1199.00,0.00
I004594,O02431,P029,1,149.99,0.00
I004595,O02432,P008,1,79.99,0.00
I004596,O02432,P002,2,89.99,18.00
I004597,O02433,P022,1,1499.00,74.95
I004598,O02434,P016,1,7499.00,374.95
I004599,O02435,P019,3,399.00,59.85
I004600,O02436,P002,1,89.99,18.00
I004601,O02436,P006,1,42.99,8.60
I004602,O02436,P009,1,1299.00,64.95
I004603,O02437,P009,2,1299.00,129.90
I004604,O02437,P029,2,149.99,30.00
I004605,O02437,P025,2,299.00,0.00
I004606,O02438,P013,1,549.00,27.45
I004607,O02438,P006,1,42.99,4.30
I004608,O02439,P017,2,449.00,44.90
I004609,O02439,P002,1,89.99,9.00
I004610,O02440,P030,1,189.99,9.50
I004611,O02440,P012,2,899.00,179.80
I004612,O02441,P023,1,379.00,0.00
I004613,O02442,P031,2,119.99,12.00
I004614,O02442,P023,2,379.00,0.00
I004615,O02442,P022,1,1499.00,0.00
I004616,O02442,P001,1,54.99,11.00
I004617,O02443,P019,2,399.00,0.00
I004618,O02443,P012,1,899.00,44.95
I004619,O02444,P033,1,250.00,12.50
I004620,O02445,P007,1,74.99,3.75
I004621,O02445,P019,2,399.00,0.00
I004622,O02445,P026,3,249.00,37.35
I004623,O02445,P016,1,7499.00,0.00
I004624,O02446,P012,2,899.00,179.80
I004625,O02446,P016,1,7499.00,0.00
I004626,O02446,P010,2,8999.00,1799.80
I004627,O02447,P031,2,119.99,24.00
I004628,O02447,P032,1,749.00,0.00
I004629,O02448,P030,3,189.99,0.00
I004630,O02449,P005,2,64.99,13.00
I004631,O02449,P030,3,189.99,28.50
I004632,O02450,P008,1,79.99,0.00
I004633,O02450,P005,1,64.99,0.00
I004634,O02451,P033,1,250.00,12.50
I004635,O02451,P030,1,189.99,0.00
I004636,O02452,P035,2,1000.00,100.00
I004637,O02452,P012,1,899.00,179.80
I004638,O02453,P030,1,189.99,0.00
I004639,O02453,P008,2,79.99,0.00
I004640,O02454,P002,1,89.99,0.00
I004641,O02454,P011,1,12999.00,0.00
I004642,O02455,P035,1,1000.00,100.00
I004643,O02456,P030,1,189.99,0.00
I004644,O02456,P034,1,500.00,0.00
I004645,O02456,P001,2,54.99,0.00
I004646,O02456,P031,1,119.99,6.00
I004647,O02457,P034,2,500.00,50.00
I004648,O02457,P027,3,549.00,82.35
I004649,O02457,P028,2,799.00,159.80
I004650,O02458,P033,1,250.00,0.00
I004651,O02458,P010,2,8999.00,899.90
I004652,O02459,P004,2,119.99,12.00
I004653,O02460,P026,1,249.00,0.00
I004654,O02461,P031,1,119.99,0.00
I004655,O02462,P012,1,899.00,0.00
I004656,O02463,P017,1,449.00,89.80
I004657,O02463,P024,3,649.00,0.00
I004658,O02464,P003,2,129.99,0.00
I004659,O02465,P031,1,119.99,0.00
I004660,O02465,P013,1,549.00,0.00
I004661,O02466,P026,2,249.00,24.90
I004662,O02466,P014,1,349.00,0.00
I004663,O02466,P015,1,6499.00,0.00
I004664,O02467,P034,1,500.00,0.00
I004665,O02467,P015,1,6499.00,0.00
I004666,O02467,P022,2,1499.00,0.00
I004667,O02467,P003,1,129.99,0.00
I004668,O02468,P017,3,449.00,0.00
I004669,O02468,P029,1,149.99,0.00
I004670,O02469,P014,1,349.00,0.00
I004671,O02469,P006,1,42.99,0.00
I004672,O02469,P001,1,54.99,0.00
I004673,O02470,P008,1,79.99,0.00
I004674,O02470,P025,1,299.00,29.90
I004675,O02470,P025,1,299.00,29.90
I004676,O02470,P023,1,379.00,18.95
I004677,O02471,P030,2,189.99,0.00
I004678,O02471,P019,1,399.00,0.00
I004679,O02471,P010,2,8999.00,0.00
I004680,O02472,P009,1,1299.00,0.00
I004681,O02472,P003,1,129.99,0.00
I004682,O02473,P014,1,349.00,0.00
I004683,O02474,P027,5,549.00,137.25
I004684,O02474,P006,2,42.99,4.30
I004685,O02474,P009,1,1299.00,0.00
I004686,O02475,P015,5,6499.00,0.00
I004687,O02475,P031,1,119.99,0.00
I004688,O02476,P006,3,42.99,0.00
I004689,O02476,P034,1,500.00,0.00
I004690,O02477,P026,1,249.00,12.45
I004691,O02477,P019,1,399.00,19.95
I004692,O02478,P001,1,54.99,0.00
I004693,O02478,P021,2,699.00,0.00
I004694,O02479,P033,1,250.00,0.00
I004695,O02479,P010,2,8999.00,0.00
I004696,O02480,P025,1,299.00,14.95
I004697,O02481,P011,3,12999.00,0.00
I004698,O02481,P033,1,250.00,0.00
I004699,O02481,P005,1,64.99,0.00
I004700,O02482,P028,1,799.00,159.80
I004701,O02482,P002,2,89.99,0.00
I004702,O02483,P013,2,549.00,0.00
I004703,O02483,P024,2,649.00,0.00
I004704,O02483,P031,5,119.99,30.00
I004705,O02484,P024,2,649.00,0.00
I004706,O02485,P028,5,799.00,399.50
I004707,O02486,P004,2,119.99,12.00
I004708,O02486,P021,1,699.00,139.80
I004709,O02487,P020,2,999.00,0.00
I004710,O02488,P016,2,7499.00,0.00
I004711,O02489,P021,1,699.00,0.00
I004712,O02490,P011,1,12999.00,0.00
I004713,O02491,P008,1,79.99,0.00
I004714,O02492,P035,1,1000.00,0.00
I004715,O02493,P004,1,119.99,0.00
I004716,O02494,P006,1,42.99,0.00
I004717,O02494,P008,2,79.99,0.00
I004718,O02495,P023,1,379.00,0.00
I004719,O02496,P020,1,999.00,0.00
I004720,O02496,P015,1,6499.00,0.00
I004721,O02496,P035,1,1000.00,50.00
I004722,O02497,P002,1,89.99,0.00
I004723,O02497,P031,1,119.99,0.00
I004724,O02498,P007,5,74.99,0.00
I004725,O02498,P024,1,649.00,0.00
I004726,O02498,P006,1,42.99,0.00
I004727,O02499,P023,1,379.00,0.00
I004728,O02500,P028,2,799.00,0.00
I004729,O02501,P014,2,349.00,34.90
I004730,O02502,P002,1,89.99,9.00
I004731,O02502,P007,1,74.99,0.00
I004732,O02502,P015,1,6499.00,0.00
I004733,O02502,P013,1,549.00,0.00
I004734,O02503,P003,2,129.99,52.00
I004735,O02503,P014,1,349.00,17.45
I004736,O02503,P031,1,119.99,0.00
I004737,O02504,P007,1,74.99,7.50
I004738,O02505,P015,3,6499.00,3899.40
I004739,O02505,P024,3,649.00,0.00
I004740,O02506,P005,1,64.99,6.50
I004741,O02506,P009,3,1299.00,194.85
I004742,O02506,P015,3,6499.00,0.00
I004743,O02507,P033,2,250.00,0.00
I004744,O02507,P009,1,1299.00,64.95
I004745,O02507,P015,1,6499.00,0.00
I004746,O02508,P007,2,74.99,15.00
I004747,O02508,P025,2,299.00,0.00
I004748,O02508,P026,3,249.00,0.00
I004749,O02508,P019,1,399.00,0.00
I004750,O02509,P034,1,500.00,25.00
I004751,O02510,P027,2,549.00,109.80
I004752,O02511,P016,1,7499.00,0.00
I004753,O02512,P022,2,1499.00,299.80
I004754,O02513,P028,1,799.00,0.00
I004755,O02514,P010,1,8999.00,0.00
I004756,O02514,P020,1,999.00,0.00
I004757,O02515,P028,1,799.00,79.90
I004758,O02515,P035,1,1000.00,0.00
I004759,O02516,P019,1,399.00,0.00
I004760,O02517,P034,1,500.00,50.00
I004761,O02518,P025,1,299.00,14.95
I004762,O02519,P018,2,1199.00,0.00
I004763,O02519,P027,1,549.00,0.00
I004764,O02520,P019,1,399.00,0.00
I004765,O02520,P024,2,649.00,0.00
I004766,O02520,P009,1,1299.00,64.95
I004767,O02521,P025,2,299.00,0.00
I004768,O02521,P021,2,699.00,0.00
I004769,O02521,P020,1,999.00,99.90
I004770,O02522,P001,2,54.99,11.00
I004771,O02522,P015,1,6499.00,324.95
I004772,O02522,P013,2,549.00,0.00
I004773,O02523,P010,1,8999.00,0.00
I004774,O02524,P018,3,1199.00,359.70
I004775,O02524,P015,2,6499.00,649.90
I004776,O02524,P018,3,1199.00,0.00
I004777,O02525,P033,1,250.00,12.50
I004778,O02525,P013,2,549.00,0.00
I004779,O02525,P031,1,119.99,0.00
I004780,O02526,P015,1,6499.00,0.00
I004781,O02526,P034,1,500.00,0.00
I004782,O02527,P027,1,549.00,0.00
I004783,O02528,P019,2,399.00,79.80
I004784,O02528,P009,1,1299.00,64.95
I004785,O02529,P032,2,749.00,0.00
I004786,O02529,P020,1,999.00,0.00
I004787,O02529,P021,1,699.00,0.00
I004788,O02530,P022,1,1499.00,0.00
I004789,O02530,P022,1,1499.00,0.00
I004790,O02531,P026,1,249.00,0.00
I004791,O02532,P033,1,250.00,12.50
I004792,O02533,P014,2,349.00,0.00
I004793,O02533,P024,1,649.00,0.00
I004794,O02533,P009,1,1299.00,0.00
I004795,O02534,P017,1,449.00,0.00
I004796,O02535,P025,3,299.00,0.00
I004797,O02536,P007,2,74.99,7.50
I004798,O02536,P024,1,649.00,64.90
I004799,O02536,P018,2,1199.00,239.80
I004800,O02537,P014,2,349.00,0.00
I004801,O02537,P019,1,399.00,0.00
I004802,O02537,P024,2,649.00,0.00
I004803,O02538,P006,2,42.99,0.00
I004804,O02538,P026,1,249.00,12.45
I004805,O02539,P014,1,349.00,69.80
I004806,O02539,P015,1,6499.00,0.00
I004807,O02540,P015,3,6499.00,0.00
I004808,O02541,P008,5,79.99,20.00
I004809,O02542,P032,1,749.00,0.00
I004810,O02542,P015,1,6499.00,0.00
I004811,O02543,P011,2,12999.00,0.00
I004812,O02543,P010,1,8999.00,1799.80
I004813,O02544,P033,1,250.00,50.00
I004814,O02544,P011,1,12999.00,649.95
I004815,O02544,P029,1,149.99,0.00
I004816,O02545,P024,2,649.00,259.60
I004817,O02546,P026,1,249.00,0.00
I004818,O02547,P022,1,1499.00,74.95
I004819,O02548,P028,1,799.00,0.00
I004820,O02548,P017,1,449.00,0.00
I004821,O02548,P025,2,299.00,0.00
I004822,O02548,P006,1,42.99,2.15
I004823,O02549,P034,1,500.00,25.00
I004824,O02550,P024,1,649.00,0.00
I004825,O02550,P005,2,64.99,0.00
I004826,O02550,P013,3,549.00,0.00
I004827,O02551,P032,1,749.00,0.00
I004828,O02551,P032,1,749.00,0.00
I004829,O02552,P006,1,42.99,8.60
I004830,O02552,P005,1,64.99,0.00
I004831,O02552,P002,3,89.99,13.50
I004832,O02553,P001,2,54.99,0.00
I004833,O02553,P026,1,249.00,24.90
I004834,O02554,P001,1,54.99,0.00
I004835,O02555,P001,1,54.99,5.50
I004836,O02556,P017,2,449.00,44.90
I004837,O02556,P002,1,89.99,0.00
I004838,O02556,P006,1,42.99,4.30
I004839,O02557,P025,1,299.00,0.00
I004840,O02557,P029,1,149.99,0.00
I004841,O02557,P026,1,249.00,24.90
I004842,O02557,P013,1,549.00,0.00
I004843,O02558,P011,3,12999.00,3899.70
I004844,O02558,P031,1,119.99,12.00
I004845,O02559,P032,1,749.00,0.00
I004846,O02560,P012,2,899.00,179.80
I004847,O02560,P001,2,54.99,0.00
I004848,O02561,P005,1,64.99,3.25
I004849,O02561,P022,2,1499.00,0.00
I004850,O02562,P019,2,399.00,159.60
I004851,O02562,P013,5,549.00,0.00
I004852,O02562,P018,3,1199.00,0.00
I004853,O02562,P025,1,299.00,0.00
I004854,O02563,P026,2,249.00,24.90
I004855,O02564,P017,5,449.00,112.25
I004856,O02564,P023,1,379.00,0.00
I004857,O02564,P016,1,7499.00,0.00
I004858,O02565,P029,1,149.99,0.00
I004859,O02566,P021,3,699.00,0.00
I004860,O02566,P017,1,449.00,0.00
I004861,O02567,P024,1,649.00,0.00
I004862,O02567,P035,1,1000.00,0.00
I004863,O02568,P034,1,500.00,50.00
I004864,O02569,P018,1,1199.00,0.00
I004865,O02569,P025,1,299.00,29.90
I004866,O02569,P017,2,449.00,0.00
I004867,O02570,P028,1,799.00,79.90
I004868,O02570,P026,1,249.00,0.00
I004869,O02571,P009,3,1299.00,0.00
I004870,O02571,P031,1,119.99,0.00
I004871,O02571,P010,2,8999.00,899.90
I004872,O02572,P012,2,899.00,0.00
I004873,O02573,P034,1,500.00,50.00
I004874,O02574,P002,1,89.99,0.00
I004875,O02575,P014,2,349.00,0.00
I004876,O02575,P023,2,379.00,37.90
I004877,O02576,P034,1,500.00,0.00
I004878,O02576,P031,1,119.99,0.00
I004879,O02577,P026,3,249.00,74.70
I004880,O02578,P034,5,500.00,500.00
I004881,O02578,P007,2,74.99,30.00
I004882,O02579,P033,2,250.00,0.00
I004883,O02580,P024,1,649.00,0.00
I004884,O02580,P028,1,799.00,0.00
I004885,O02580,P030,1,189.99,9.50
I004886,O02581,P017,1,449.00,22.45
I004887,O02582,P001,3,54.99,16.50
I004888,O02582,P009,1,1299.00,0.00
I004889,O02583,P016,2,7499.00,749.90
I004890,O02583,P017,1,449.00,89.80
I004891,O02583,P028,1,799.00,0.00
I004892,O02584,P021,5,699.00,0.00
I004893,O02584,P002,1,89.99,0.00
I004894,O02584,P003,1,129.99,13.00
I004895,O02585,P004,1,119.99,0.00
I004896,O02585,P014,2,349.00,0.00
I004897,O02586,P015,1,6499.00,0.00
I004898,O02587,P001,5,54.99,0.00
I004899,O02588,P012,2,899.00,0.00
I004900,O02589,P006,1,42.99,4.30
I004901,O02590,P003,2,129.99,13.00
I004902,O02590,P025,3,299.00,0.00
I004903,O02591,P016,3,7499.00,0.00
I004904,O02592,P032,1,749.00,74.90
I004905,O02593,P021,1,699.00,69.90
I004906,O02594,P033,3,250.00,0.00
I004907,O02595,P024,1,649.00,0.00
I004908,O02596,P003,1,129.99,13.00
I004909,O02596,P008,1,79.99,4.00
I004910,O02596,P022,2,1499.00,0.00
I004911,O02597,P019,1,399.00,0.00
I004912,O02597,P008,3,79.99,24.00
I004913,O02597,P002,1,89.99,0.00
I004914,O02598,P029,3,149.99,0.00
I004915,O02599,P014,1,349.00,0.00
I004916,O02599,P033,1,250.00,0.00
I004917,O02599,P009,2,1299.00,0.00
I004918,O02600,P024,1,649.00,0.00
I004919,O02600,P019,3,399.00,0.00
I004920,O02601,P016,1,7499.00,0.00
I004921,O02601,P003,1,129.99,0.00
I004922,O02601,P019,3,399.00,119.70
I004923,O02602,P017,3,449.00,134.70
I004924,O02603,P032,1,749.00,0.00
I004925,O02603,P015,1,6499.00,0.00
I004926,O02603,P011,2,12999.00,0.00
I004927,O02604,P010,1,8999.00,449.95
I004928,O02604,P026,1,249.00,24.90
I004929,O02604,P019,2,399.00,159.60
I004930,O02605,P004,1,119.99,24.00
I004931,O02605,P022,1,1499.00,74.95
I004932,O02605,P023,1,379.00,75.80
I004933,O02606,P014,1,349.00,17.45
I004934,O02607,P023,2,379.00,0.00
I004935,O02607,P006,1,42.99,0.00
I004936,O02608,P031,1,119.99,6.00
I004937,O02608,P006,2,42.99,0.00
I004938,O02608,P015,1,6499.00,0.00
I004939,O02609,P027,1,549.00,0.00
I004940,O02609,P034,5,500.00,0.00
I004941,O02609,P002,5,89.99,0.00
I004942,O02610,P012,1,899.00,0.00
I004943,O02610,P004,1,119.99,6.00
I004944,O02610,P016,2,7499.00,2999.60
I004945,O02611,P016,1,7499.00,0.00
I004946,O02611,P034,1,500.00,25.00
I004947,O02612,P029,1,149.99,7.50
I004948,O02613,P009,2,1299.00,0.00
I004949,O02613,P020,1,999.00,0.00
I004950,O02613,P019,1,399.00,19.95
I004951,O02614,P002,1,89.99,0.00
I004952,O02615,P021,1,699.00,34.95
I004953,O02616,P020,1,999.00,0.00
I004954,O02616,P006,1,42.99,8.60
I004955,O02617,P021,1,699.00,0.00
I004956,O02618,P001,2,54.99,11.00
I004957,O02618,P025,1,299.00,59.80
I004958,O02619,P008,2,79.99,0.00
I004959,O02619,P009,1,1299.00,64.95
I004960,O02619,P016,2,7499.00,0.00
I004961,O02619,P009,1,1299.00,0.00
I004962,O02620,P018,1,1199.00,0.00
I004963,O02620,P005,1,64.99,0.00
I004964,O02621,P017,2,449.00,0.00
I004965,O02622,P024,2,649.00,0.00
I004966,O02622,P025,1,299.00,0.00
I004967,O02622,P023,1,379.00,37.90
I004968,O02623,P017,1,449.00,0.00
I004969,O02623,P015,1,6499.00,0.00
I004970,O02624,P017,1,449.00,0.00
I004971,O02625,P007,3,74.99,0.00
I004972,O02625,P016,1,7499.00,0.00
I004973,O02626,P022,1,1499.00,0.00
I004974,O02627,P017,5,449.00,224.50
I004975,O02627,P012,2,899.00,0.00
I004976,O02628,P032,2,749.00,74.90
I004977,O02629,P033,1,250.00,0.00
I004978,O02630,P018,1,1199.00,119.90
I004979,O02631,P022,2,1499.00,0.00
I004980,O02631,P012,1,899.00,0.00
I004981,O02632,P013,1,549.00,109.80
I004982,O02632,P001,2,54.99,0.00
I004983,O02633,P010,3,8999.00,5399.40
I004984,O02633,P007,1,74.99,0.00
I004985,O02634,P010,1,8999.00,0.00
I004986,O02635,P027,1,549.00,54.90
I004987,O02636,P033,1,250.00,12.50
I004988,O02637,P004,2,119.99,0.00
I004989,O02637,P031,2,119.99,0.00
I004990,O02637,P021,1,699.00,0.00
I004991,O02637,P023,3,379.00,113.70
I004992,O02638,P005,2,64.99,26.00
I004993,O02639,P012,5,899.00,0.00
I004994,O02639,P013,1,549.00,0.00
I004995,O02640,P021,5,699.00,349.50
I004996,O02641,P007,2,74.99,0.00
I004997,O02642,P022,2,1499.00,149.90
I004998,O02642,P008,1,79.99,0.00
I004999,O02643,P033,1,250.00,0.00
I005000,O02644,P027,1,549.00,0.00
I005001,O02645,P004,1,119.99,12.00
I005002,O02645,P019,1,399.00,19.95
I005003,O02646,P030,1,189.99,38.00
I005004,O02647,P011,1,12999.00,649.95
I005005,O02647,P015,3,6499.00,1949.70
I005006,O02648,P024,1,649.00,0.00
I005007,O02648,P025,1,299.00,0.00
I005008,O02648,P023,1,379.00,0.00
I005009,O02649,P005,5,64.99,16.25
I005010,O02649,P024,3,649.00,0.00
I005011,O02649,P025,1,299.00,0.00
I005012,O02650,P032,1,749.00,0.00
I005013,O02651,P019,3,399.00,119.70
I005014,O02651,P010,5,8999.00,0.00
I005015,O02652,P024,1,649.00,0.00
I005016,O02652,P012,3,899.00,0.00
I005017,O02652,P021,1,699.00,34.95
I005018,O02652,P012,1,899.00,0.00
I005019,O02653,P025,2,299.00,59.80
I005020,O02653,P005,1,64.99,0.00
I005021,O02653,P002,2,89.99,0.00
I005022,O02654,P001,2,54.99,0.00
I005023,O02654,P030,1,189.99,19.00
I005024,O02655,P034,1,500.00,50.00
I005025,O02656,P025,1,299.00,29.90
I005026,O02656,P007,1,74.99,0.00
I005027,O02657,P021,5,699.00,0.00
I005028,O02658,P023,3,379.00,113.70
I005029,O02659,P030,2,189.99,19.00
I005030,O02659,P012,1,899.00,0.00
I005031,O02659,P023,1,379.00,0.00
I005032,O02660,P009,2,1299.00,0.00
I005033,O02661,P016,1,7499.00,1499.80
I005034,O02661,P022,2,1499.00,0.00
I005035,O02662,P012,1,899.00,44.95
I005036,O02662,P006,1,42.99,0.00
I005037,O02662,P025,3,299.00,0.00
I005038,O02663,P027,5,549.00,0.00
I005039,O02664,P031,1,119.99,0.00
I005040,O02665,P024,1,649.00,0.00
I005041,O02665,P022,1,1499.00,74.95
I005042,O02665,P004,1,119.99,6.00
I005043,O02666,P011,1,12999.00,1299.90
I005044,O02667,P011,2,12999.00,0.00
I005045,O02667,P015,1,6499.00,0.00
I005046,O02668,P018,2,1199.00,239.80
I005047,O02668,P029,1,149.99,7.50
I005048,O02669,P031,2,119.99,0.00
I005049,O02669,P030,1,189.99,0.00
I005050,O02670,P005,1,64.99,0.00
I005051,O02670,P023,1,379.00,0.00
I005052,O02670,P030,1,189.99,0.00
I005053,O02670,P033,1,250.00,12.50
I005054,O02671,P017,1,449.00,0.00
I005055,O02671,P027,1,549.00,54.90
I005056,O02671,P030,5,189.99,95.00
I005057,O02672,P018,1,1199.00,0.00
I005058,O02672,P005,1,64.99,0.00
I005059,O02672,P032,2,749.00,0.00
I005060,O02672,P017,2,449.00,0.00
I005061,O02673,P005,1,64.99,6.50
I005062,O02673,P027,1,549.00,54.90
I005063,O02674,P016,1,7499.00,1499.80
I005064,O02674,P021,1,699.00,0.00
I005065,O02675,P020,1,999.00,0.00
I005066,O02675,P006,3,42.99,12.90
I005067,O02675,P019,2,399.00,79.80
I005068,O02676,P027,5,549.00,0.00
I005069,O02677,P011,1,12999.00,0.00
I005070,O02678,P019,1,399.00,0.00
I005071,O02679,P017,1,449.00,0.00
I005072,O02679,P004,1,119.99,6.00
I005073,O02679,P016,3,7499.00,0.00
I005074,O02680,P022,1,1499.00,0.00
I005075,O02681,P007,1,74.99,0.00
I005076,O02682,P006,1,42.99,8.60
I005077,O02682,P022,1,1499.00,0.00
I005078,O02683,P022,5,1499.00,0.00
I005079,O02684,P008,1,79.99,0.00
I005080,O02685,P012,2,899.00,0.00
I005081,O02685,P012,1,899.00,89.90
I005082,O02686,P018,1,1199.00,0.00
I005083,O02686,P019,1,399.00,0.00
I005084,O02687,P013,1,549.00,0.00
I005085,O02687,P011,1,12999.00,0.00
I005086,O02688,P003,1,129.99,0.00
I005087,O02688,P033,2,250.00,25.00
I005088,O02689,P035,1,1000.00,0.00
I005089,O02689,P030,1,189.99,9.50
I005090,O02690,P007,3,74.99,0.00
I005091,O02690,P018,2,1199.00,0.00
I005092,O02690,P021,1,699.00,0.00
I005093,O02690,P008,1,79.99,0.00
I005094,O02691,P023,1,379.00,37.90
I005095,O02692,P001,2,54.99,0.00
I005096,O02693,P016,5,7499.00,0.00
I005097,O02694,P028,1,799.00,0.00
I005098,O02695,P013,2,549.00,0.00
I005099,O02695,P035,1,1000.00,50.00
I005100,O02695,P028,2,799.00,159.80
I005101,O02696,P009,1,1299.00,0.00
I005102,O02696,P022,1,1499.00,0.00
I005103,O02697,P024,2,649.00,0.00
I005104,O02697,P032,5,749.00,0.00
I005105,O02697,P030,2,189.99,0.00
I005106,O02698,P035,1,1000.00,0.00
I005107,O02698,P012,1,899.00,89.90
I005108,O02699,P007,2,74.99,0.00
I005109,O02699,P033,1,250.00,25.00
I005110,O02700,P028,1,799.00,0.00
I005111,O02700,P003,1,129.99,6.50
I005112,O02701,P024,1,649.00,0.00
I005113,O02701,P006,2,42.99,4.30
I005114,O02702,P030,2,189.99,0.00
I005115,O02703,P001,2,54.99,0.00
I005116,O02703,P020,1,999.00,49.95
I005117,O02704,P027,1,549.00,0.00
I005118,O02705,P017,1,449.00,22.45
I005119,O02705,P018,2,1199.00,0.00
I005120,O02706,P021,1,699.00,0.00
I005121,O02707,P007,1,74.99,0.00
I005122,O02707,P020,1,999.00,49.95
I005123,O02708,P022,2,1499.00,0.00
I005124,O02709,P009,1,1299.00,64.95
I005125,O02710,P013,3,549.00,164.70
I005126,O02711,P005,3,64.99,19.50
I005127,O02712,P021,3,699.00,419.40
I005128,O02712,P008,1,79.99,0.00
I005129,O02713,P005,1,64.99,0.00
I005130,O02713,P014,1,349.00,69.80
I005131,O02713,P002,5,89.99,0.00
I005132,O02714,P017,2,449.00,0.00
I005133,O02714,P016,2,7499.00,0.00
I005134,O02714,P033,2,250.00,0.00
I005135,O02715,P005,1,64.99,0.00
I005136,O02716,P028,1,799.00,0.00
I005137,O02716,P031,1,119.99,0.00
I005138,O02717,P001,1,54.99,0.00
I005139,O02717,P002,1,89.99,0.00
I005140,O02718,P003,1,129.99,0.00
I005141,O02719,P008,1,79.99,0.00
I005142,O02719,P024,1,649.00,32.45
I005143,O02720,P009,2,1299.00,0.00
I005144,O02720,P023,1,379.00,37.90
I005145,O02721,P034,2,500.00,0.00
I005146,O02721,P032,2,749.00,149.80
I005147,O02721,P030,1,189.99,0.00
I005148,O02722,P009,2,1299.00,0.00
I005149,O02722,P006,1,42.99,0.00
I005150,O02723,P015,1,6499.00,0.00
I005151,O02723,P017,1,449.00,22.45
I005152,O02724,P015,1,6499.00,0.00
I005153,O02724,P002,1,89.99,18.00
I005154,O02725,P007,1,74.99,0.00
I005155,O02725,P021,1,699.00,0.00
I005156,O02726,P026,2,249.00,0.00
I005157,O02727,P029,1,149.99,0.00
I005158,O02727,P017,1,449.00,0.00
I005159,O02728,P005,2,64.99,0.00
I005160,O02728,P018,1,1199.00,59.95
I005161,O02729,P021,1,699.00,69.90
I005162,O02730,P027,1,549.00,27.45
I005163,O02730,P033,3,250.00,0.00
I005164,O02731,P007,2,74.99,0.00
I005165,O02731,P003,1,129.99,0.00
I005166,O02731,P001,3,54.99,0.00
I005167,O02731,P020,1,999.00,199.80
I005168,O02732,P035,2,1000.00,200.00
I005169,O02732,P018,1,1199.00,119.90
I005170,O02733,P010,3,8999.00,0.00
I005171,O02733,P019,1,399.00,79.80
I005172,O02733,P032,1,749.00,0.00
I005173,O02733,P027,1,549.00,0.00
I005174,O02734,P021,1,699.00,0.00
I005175,O02735,P025,2,299.00,29.90
I005176,O02736,P014,2,349.00,0.00
I005177,O02736,P015,1,6499.00,0.00
I005178,O02737,P010,1,8999.00,899.90
I005179,O02737,P011,1,12999.00,0.00
I005180,O02738,P033,1,250.00,50.00
I005181,O02739,P024,1,649.00,32.45
I005182,O02739,P011,1,12999.00,0.00
I005183,O02740,P018,1,1199.00,119.90
I005184,O02740,P023,3,379.00,113.70
I005185,O02740,P031,1,119.99,24.00
I005186,O02741,P008,1,79.99,0.00
I005187,O02742,P002,1,89.99,0.00
I005188,O02742,P016,2,7499.00,0.00
I005189,O02743,P020,1,999.00,0.00
I005190,O02744,P013,1,549.00,27.45
I005191,O02745,P020,1,999.00,0.00
I005192,O02745,P006,1,42.99,4.30
I005193,O02746,P026,1,249.00,12.45
I005194,O02746,P024,1,649.00,0.00
I005195,O02746,P020,5,999.00,0.00
I005196,O02746,P013,1,549.00,0.00
I005197,O02747,P022,3,1499.00,0.00
I005198,O02747,P034,1,500.00,0.00
I005199,O02747,P032,1,749.00,74.90
I005200,O02747,P033,1,250.00,12.50
I005201,O02748,P009,1,1299.00,0.00
I005202,O02748,P031,1,119.99,0.00
I005203,O02748,P019,2,399.00,0.00
I005204,O02749,P004,1,119.99,0.00
I005205,O02750,P009,5,1299.00,324.75
I005206,O02750,P024,2,649.00,129.80
I005207,O02751,P019,2,399.00,0.00
I005208,O02751,P007,1,74.99,0.00
I005209,O02752,P023,2,379.00,0.00
I005210,O02752,P003,1,129.99,0.00
I005211,O02752,P015,1,6499.00,0.00
I005212,O02753,P007,2,74.99,0.00
I005213,O02754,P015,2,6499.00,2599.60
I005214,O02754,P020,1,999.00,0.00
I005215,O02755,P023,1,379.00,37.90
I005216,O02755,P028,1,799.00,79.90
I005217,O02756,P023,2,379.00,0.00
I005218,O02756,P030,2,189.99,38.00
I005219,O02756,P012,1,899.00,0.00
I005220,O02757,P010,1,8999.00,0.00
I005221,O02757,P015,1,6499.00,0.00
I005222,O02758,P009,1,1299.00,0.00
I005223,O02759,P025,1,299.00,0.00
I005224,O02760,P002,1,89.99,9.00
I005225,O02761,P019,2,399.00,0.00
I005226,O02761,P023,1,379.00,75.80
I005227,O02761,P034,5,500.00,500.00
I005228,O02762,P021,2,699.00,0.00
I005229,O02762,P015,2,6499.00,2599.60
I005230,O02763,P027,2,549.00,0.00
I005231,O02763,P006,2,42.99,0.00
I005232,O02763,P003,1,129.99,0.00
I005233,O02763,P032,1,749.00,0.00
I005234,O02764,P025,3,299.00,0.00
I005235,O02764,P025,5,299.00,149.50
I005236,O02765,P008,5,79.99,0.00
I005237,O02765,P001,1,54.99,0.00
I005238,O02766,P004,1,119.99,0.00
I005239,O02766,P015,1,6499.00,649.90
I005240,O02766,P015,1,6499.00,0.00
I005241,O02766,P031,5,119.99,59.99
I005242,O02767,P011,2,12999.00,0.00
I005243,O02767,P024,1,649.00,64.90
I005244,O02767,P002,1,89.99,0.00
I005245,O02767,P002,1,89.99,0.00
I005246,O02768,P008,1,79.99,8.00
I005247,O02768,P018,1,1199.00,0.00
I005248,O02768,P021,1,699.00,34.95
I005249,O02769,P034,2,500.00,200.00
I005250,O02769,P008,1,79.99,0.00
I005251,O02769,P002,1,89.99,0.00
I005252,O02770,P019,3,399.00,0.00
I005253,O02771,P002,1,89.99,0.00
I005254,O02772,P022,2,1499.00,0.00
I005255,O02772,P001,1,54.99,0.00
I005256,O02773,P026,1,249.00,0.00
I005257,O02773,P026,1,249.00,0.00
I005258,O02773,P028,3,799.00,0.00
I005259,O02774,P015,2,6499.00,0.00
I005260,O02774,P021,3,699.00,104.85
I005261,O02774,P017,3,449.00,0.00
I005262,O02775,P019,1,399.00,19.95
I005263,O02775,P025,1,299.00,59.80
I005264,O02775,P029,1,149.99,7.50
I005265,O02776,P024,1,649.00,0.00
I005266,O02776,P005,3,64.99,0.00
I005267,O02777,P033,1,250.00,0.00
I005268,O02777,P029,1,149.99,15.00
I005269,O02777,P014,1,349.00,0.00
I005270,O02777,P011,1,12999.00,0.00
I005271,O02778,P010,3,8999.00,0.00
I005272,O02778,P016,5,7499.00,0.00
I005273,O02779,P025,1,299.00,29.90
I005274,O02779,P029,1,149.99,7.50
I005275,O02780,P015,2,6499.00,2599.60
I005276,O02781,P024,1,649.00,0.00
I005277,O02782,P030,2,189.99,38.00
I005278,O02782,P023,2,379.00,0.00
I005279,O02782,P015,1,6499.00,0.00
I005280,O02783,P001,3,54.99,0.00
I005281,O02783,P032,2,749.00,0.00
I005282,O02784,P005,2,64.99,26.00
I005283,O02784,P026,1,249.00,0.00
I005284,O02784,P033,1,250.00,12.50
I005285,O02785,P029,2,149.99,0.00
I005286,O02786,P018,2,1199.00,0.00
I005287,O02787,P032,5,749.00,374.50
I005288,O02788,P025,1,299.00,29.90
I005289,O02788,P030,1,189.99,19.00
I005290,O02789,P021,1,699.00,0.00
I005291,O02789,P033,1,250.00,0.00
I005292,O02789,P010,1,8999.00,0.00
I005293,O02790,P017,1,449.00,22.45
I005294,O02790,P033,1,250.00,0.00
I005295,O02791,P015,1,6499.00,0.00
I005296,O02792,P002,1,89.99,4.50
I005297,O02793,P018,3,1199.00,0.00
I005298,O02794,P018,1,1199.00,239.80
I005299,O02794,P025,1,299.00,0.00
I005300,O02794,P027,1,549.00,54.90
I005301,O02795,P029,2,149.99,0.00
I005302,O02796,P028,1,799.00,79.90
I005303,O02796,P031,5,119.99,0.00
I005304,O02797,P009,1,1299.00,0.00
I005305,O02797,P021,3,699.00,0.00
I005306,O02797,P024,1,649.00,0.00
I005307,O02798,P010,1,8999.00,0.00
I005308,O02798,P018,1,1199.00,0.00
I005309,O02799,P035,1,1000.00,50.00
I005310,O02800,P031,1,119.99,0.00
I005311,O02801,P017,1,449.00,0.00
I005312,O02801,P035,2,1000.00,400.00
I005313,O02801,P016,1,7499.00,0.00
I005314,O02802,P026,1,249.00,0.00
I005315,O02802,P021,1,699.00,0.00
I005316,O02803,P005,1,64.99,0.00
I005317,O02804,P029,3,149.99,45.00
I005318,O02805,P026,3,249.00,74.70
I005319,O02806,P023,2,379.00,37.90
I005320,O02806,P028,2,799.00,0.00
I005321,O02807,P008,1,79.99,4.00
I005322,O02807,P008,2,79.99,16.00
I005323,O02807,P028,1,799.00,79.90
I005324,O02808,P035,1,1000.00,0.00
I005325,O02809,P031,1,119.99,12.00
I005326,O02810,P032,2,749.00,0.00
I005327,O02810,P004,2,119.99,48.00
I005328,O02810,P021,2,699.00,69.90
I005329,O02810,P009,2,1299.00,0.00
I005330,O02811,P024,2,649.00,0.00
I005331,O02811,P018,3,1199.00,179.85
I005332,O02811,P025,1,299.00,0.00
I005333,O02812,P028,1,799.00,0.00
I005334,O02813,P009,1,1299.00,0.00
I005335,O02814,P021,1,699.00,69.90
I005336,O02814,P034,2,500.00,0.00
I005337,O02815,P023,1,379.00,0.00
I005338,O02816,P030,1,189.99,0.00
I005339,O02817,P007,2,74.99,0.00
I005340,O02817,P022,2,1499.00,0.00
I005341,O02818,P028,1,799.00,0.00
I005342,O02819,P021,1,699.00,69.90
I005343,O02820,P022,3,1499.00,0.00
I005344,O02821,P004,2,119.99,48.00
I005345,O02821,P023,1,379.00,0.00
I005346,O02822,P011,1,12999.00,1299.90
I005347,O02823,P005,2,64.99,0.00
I005348,O02824,P029,1,149.99,0.00
I005349,O02825,P012,1,899.00,44.95
I005350,O02826,P021,1,699.00,0.00
I005351,O02827,P018,1,1199.00,0.00
I005352,O02828,P001,2,54.99,0.00
I005353,O02829,P021,1,699.00,0.00
I005354,O02829,P033,3,250.00,75.00
I005355,O02830,P013,1,549.00,0.00
I005356,O02830,P003,1,129.99,0.00
I005357,O02830,P004,2,119.99,0.00
I005358,O02831,P029,3,149.99,0.00
I005359,O02831,P024,1,649.00,0.00
I005360,O02831,P011,1,12999.00,0.00
I005361,O02831,P030,2,189.99,0.00
I005362,O02832,P023,2,379.00,151.60
I005363,O02832,P027,2,549.00,0.00
I005364,O02832,P005,1,64.99,3.25
I005365,O02833,P005,2,64.99,0.00
I005366,O02834,P024,3,649.00,0.00
I005367,O02834,P027,1,549.00,27.45
I005368,O02834,P015,2,6499.00,0.00
I005369,O02835,P009,1,1299.00,0.00
I005370,O02835,P012,5,899.00,0.00
I005371,O02836,P013,1,549.00,0.00
I005372,O02837,P020,1,999.00,0.00
I005373,O02837,P031,1,119.99,0.00
I005374,O02837,P032,1,749.00,0.00
I005375,O02837,P010,1,8999.00,0.00
I005376,O02838,P010,1,8999.00,0.00
I005377,O02838,P003,1,129.99,26.00
I005378,O02839,P022,1,1499.00,0.00
I005379,O02839,P035,1,1000.00,100.00
I005380,O02839,P019,2,399.00,0.00
I005381,O02840,P026,1,249.00,0.00
I005382,O02841,P020,1,999.00,0.00
I005383,O02841,P011,3,12999.00,1949.85
I005384,O02842,P028,1,799.00,0.00
I005385,O02842,P012,1,899.00,0.00
I005386,O02842,P010,1,8999.00,899.90
I005387,O02843,P027,3,549.00,164.70
I005388,O02844,P013,2,549.00,54.90
I005389,O02844,P017,2,449.00,89.80
I005390,O02845,P025,1,299.00,0.00
I005391,O02845,P025,3,299.00,0.00
I005392,O02845,P033,2,250.00,0.00
I005393,O02845,P034,2,500.00,200.00
I005394,O02846,P002,2,89.99,9.00
I005395,O02847,P006,1,42.99,0.00
I005396,O02848,P035,1,1000.00,0.00
I005397,O02848,P026,1,249.00,0.00
I005398,O02848,P031,1,119.99,0.00
I005399,O02849,P001,1,54.99,2.75
I005400,O02850,P024,1,649.00,0.00
I005401,O02851,P016,2,7499.00,0.00
I005402,O02851,P014,2,349.00,0.00
I005403,O02851,P001,1,54.99,0.00
I005404,O02851,P011,1,12999.00,0.00
I005405,O02852,P012,2,899.00,0.00
I005406,O02852,P016,1,7499.00,374.95
I005407,O02852,P032,2,749.00,0.00
I005408,O02853,P006,3,42.99,0.00
I005409,O02853,P022,2,1499.00,299.80
I005410,O02854,P014,2,349.00,0.00
I005411,O02855,P020,1,999.00,0.00
I005412,O02855,P030,5,189.99,0.00
I005413,O02856,P003,2,129.99,0.00
I005414,O02856,P016,2,7499.00,749.90
I005415,O02856,P034,1,500.00,50.00
I005416,O02856,P013,1,549.00,27.45
I005417,O02857,P001,1,54.99,5.50
I005418,O02857,P014,1,349.00,17.45
I005419,O02858,P025,1,299.00,0.00
I005420,O02858,P003,3,129.99,0.00
I005421,O02859,P014,1,349.00,0.00
I005422,O02860,P008,2,79.99,32.00
I005423,O02860,P030,2,189.99,19.00
I005424,O02861,P033,1,250.00,0.00
I005425,O02862,P020,1,999.00,49.95
I005426,O02863,P013,1,549.00,0.00
I005427,O02864,P001,1,54.99,0.00
I005428,O02864,P011,1,12999.00,0.00
I005429,O02864,P032,1,749.00,0.00
I005430,O02865,P015,5,6499.00,1624.75
I005431,O02865,P026,1,249.00,0.00
I005432,O02866,P011,1,12999.00,0.00
I005433,O02867,P008,2,79.99,0.00
I005434,O02867,P016,1,7499.00,0.00
I005435,O02868,P025,1,299.00,0.00
I005436,O02868,P003,1,129.99,0.00
I005437,O02868,P003,1,129.99,0.00
I005438,O02869,P005,2,64.99,0.00
I005439,O02869,P026,1,249.00,0.00
I005440,O02870,P006,1,42.99,8.60
I005441,O02870,P017,2,449.00,0.00
I005442,O02870,P002,1,89.99,0.00
I005443,O02870,P006,3,42.99,0.00
I005444,O02871,P018,2,1199.00,0.00
I005445,O02871,P027,1,549.00,27.45
I005446,O02871,P030,1,189.99,19.00
I005447,O02871,P022,1,1499.00,0.00
I005448,O02872,P028,1,799.00,0.00
I005449,O02873,P010,2,8999.00,0.00
I005450,O02874,P009,1,1299.00,0.00
I005451,O02874,P010,1,8999.00,899.90
I005452,O02875,P024,2,649.00,0.00
I005453,O02875,P030,3,189.99,0.00
I005454,O02875,P013,1,549.00,27.45
I005455,O02876,P002,3,89.99,0.00
I005456,O02876,P033,1,250.00,0.00
I005457,O02876,P034,1,500.00,0.00
I005458,O02877,P021,2,699.00,0.00
I005459,O02877,P023,1,379.00,0.00
I005460,O02878,P010,1,8999.00,0.00
I005461,O02879,P011,1,12999.00,0.00
I005462,O02879,P028,1,799.00,0.00
I005463,O02879,P004,1,119.99,6.00
I005464,O02879,P009,1,1299.00,0.00
I005465,O02880,P014,1,349.00,17.45
I005466,O02880,P034,1,500.00,0.00
I005467,O02880,P014,1,349.00,0.00
I005468,O02881,P020,1,999.00,99.90
I005469,O02881,P010,1,8999.00,0.00
I005470,O02882,P019,1,399.00,39.90
I005471,O02883,P025,1,299.00,0.00
I005472,O02883,P024,1,649.00,0.00
I005473,O02883,P008,5,79.99,0.00
I005474,O02884,P012,1,899.00,89.90
I005475,O02885,P034,3,500.00,0.00
I005476,O02885,P008,1,79.99,8.00
I005477,O02886,P005,2,64.99,0.00
I005478,O02886,P018,1,1199.00,0.00
I005479,O02886,P016,1,7499.00,1499.80
I005480,O02886,P011,1,12999.00,649.95
I005481,O02887,P016,2,7499.00,0.00
I005482,O02887,P025,3,299.00,0.00
I005483,O02887,P004,5,119.99,0.00
I005484,O02887,P018,2,1199.00,0.00
I005485,O02888,P027,1,549.00,0.00
I005486,O02888,P020,1,999.00,99.90
I005487,O02889,P025,1,299.00,0.00
I005488,O02889,P018,1,1199.00,0.00
I005489,O02890,P013,1,549.00,0.00
I005490,O02890,P017,2,449.00,0.00
I005491,O02891,P033,5,250.00,0.00
I005492,O02891,P008,3,79.99,0.00
I005493,O02891,P026,3,249.00,0.00
I005494,O02892,P025,1,299.00,29.90
I005495,O02892,P029,1,149.99,0.00
I005496,O02893,P017,1,449.00,0.00
I005497,O02894,P023,1,379.00,0.00
I005498,O02895,P031,2,119.99,0.00
I005499,O02896,P022,1,1499.00,0.00
I005500,O02897,P020,2,999.00,0.00
I005501,O02898,P018,2,1199.00,0.00
I005502,O02899,P034,1,500.00,0.00
I005503,O02899,P027,1,549.00,109.80
I005504,O02899,P028,2,799.00,159.80
I005505,O02900,P032,1,749.00,0.00
I005506,O02901,P009,1,1299.00,129.90
I005507,O02902,P019,1,399.00,0.00
I005508,O02903,P016,1,7499.00,0.00
I005509,O02903,P022,1,1499.00,0.00
I005510,O02903,P027,3,549.00,164.70
I005511,O02904,P023,2,379.00,37.90
I005512,O02904,P022,1,1499.00,0.00
I005513,O02904,P022,3,1499.00,224.85
I005514,O02905,P032,2,749.00,74.90
I005515,O02906,P018,1,1199.00,59.95
I005516,O02907,P004,1,119.99,12.00
I005517,O02907,P034,1,500.00,0.00
I005518,O02908,P009,1,1299.00,0.00
I005519,O02908,P021,1,699.00,0.00
I005520,O02909,P031,1,119.99,0.00
I005521,O02909,P011,1,12999.00,0.00
I005522,O02909,P020,1,999.00,0.00
I005523,O02909,P011,1,12999.00,0.00
I005524,O02910,P005,1,64.99,0.00
I005525,O02910,P034,1,500.00,0.00
I005526,O02910,P034,1,500.00,0.00
I005527,O02911,P005,1,64.99,6.50
I005528,O02912,P015,1,6499.00,649.90
I005529,O02912,P019,1,399.00,0.00
I005530,O02913,P002,2,89.99,18.00
I005531,O02913,P006,1,42.99,4.30
I005532,O02914,P027,1,549.00,109.80
I005533,O02914,P027,1,549.00,0.00
I005534,O02915,P020,1,999.00,0.00
I005535,O02915,P004,1,119.99,12.00
I005536,O02916,P008,1,79.99,0.00
I005537,O02917,P009,1,1299.00,0.00
I005538,O02918,P034,1,500.00,25.00
I005539,O02919,P028,1,799.00,0.00
I005540,O02920,P033,1,250.00,0.00
I005541,O02921,P009,1,1299.00,129.90
I005542,O02921,P030,1,189.99,0.00
I005543,O02921,P019,1,399.00,0.00
I005544,O02921,P031,3,119.99,0.00
I005545,O02922,P014,1,349.00,17.45
I005546,O02923,P006,1,42.99,4.30
I005547,O02923,P020,2,999.00,0.00
I005548,O02923,P006,1,42.99,2.15
I005549,O02924,P026,2,249.00,0.00
I005550,O02924,P020,1,999.00,49.95
I005551,O02924,P010,1,8999.00,0.00
I005552,O02925,P034,1,500.00,0.00
I005553,O02926,P032,1,749.00,0.00
I005554,O02926,P003,1,129.99,6.50
I005555,O02927,P028,1,799.00,39.95
I005556,O02927,P022,3,1499.00,224.85
I005557,O02927,P033,2,250.00,0.00
I005558,O02928,P016,1,7499.00,749.90
I005559,O02928,P003,2,129.99,0.00
I005560,O02929,P006,1,42.99,0.00
I005561,O02929,P031,1,119.99,0.00
I005562,O02930,P013,3,549.00,82.35
I005563,O02930,P026,1,249.00,24.90
I005564,O02931,P034,3,500.00,0.00
I005565,O02931,P023,2,379.00,0.00
I005566,O02931,P021,1,699.00,0.00
I005567,O02932,P003,1,129.99,0.00
I005568,O02932,P016,1,7499.00,0.00
I005569,O02932,P001,1,54.99,5.50
I005570,O02933,P022,1,1499.00,0.00
I005571,O02934,P026,1,249.00,0.00
I005572,O02935,P020,1,999.00,49.95
I005573,O02935,P025,1,299.00,0.00
I005574,O02935,P034,1,500.00,25.00
I005575,O02936,P023,1,379.00,0.00
I005576,O02937,P023,2,379.00,37.90
I005577,O02938,P026,1,249.00,12.45
I005578,O02938,P001,1,54.99,0.00
I005579,O02939,P016,1,7499.00,374.95
I005580,O02939,P002,2,89.99,0.00
I005581,O02939,P023,1,379.00,0.00
I005582,O02940,P014,2,349.00,0.00
I005583,O02941,P020,2,999.00,0.00
I005584,O02941,P020,3,999.00,299.70
I005585,O02942,P009,1,1299.00,0.00
I005586,O02943,P021,1,699.00,34.95
I005587,O02943,P022,2,1499.00,0.00
I005588,O02944,P035,1,1000.00,100.00
I005589,O02944,P022,1,1499.00,299.80
I005590,O02944,P009,2,1299.00,0.00
I005591,O02945,P006,1,42.99,2.15
I005592,O02945,P002,2,89.99,0.00
I005593,O02946,P020,1,999.00,0.00
I005594,O02946,P016,1,7499.00,1499.80
I005595,O02946,P021,1,699.00,0.00
I005596,O02946,P001,1,54.99,11.00
I005597,O02947,P002,2,89.99,0.00
I005598,O02947,P014,1,349.00,17.45
I005599,O02947,P007,2,74.99,0.00
I005600,O02947,P017,2,449.00,0.00
I005601,O02948,P022,1,1499.00,149.90
I005602,O02949,P005,1,64.99,6.50
I005603,O02950,P033,1,250.00,12.50
I005604,O02950,P033,1,250.00,0.00
I005605,O02951,P029,1,149.99,0.00
I005606,O02951,P006,1,42.99,2.15
I005607,O02952,P009,2,1299.00,259.80
I005608,O02953,P002,3,89.99,53.99
I005609,O02953,P020,1,999.00,0.00
I005610,O02954,P021,1,699.00,69.90
I005611,O02954,P027,3,549.00,0.00
I005612,O02955,P002,2,89.99,36.00
I005613,O02955,P003,2,129.99,0.00
I005614,O02956,P010,3,8999.00,0.00
I005615,O02956,P024,3,649.00,97.35
I005616,O02957,P006,1,42.99,0.00
I005617,O02957,P027,1,549.00,0.00
I005618,O02957,P021,2,699.00,0.00
I005619,O02958,P009,1,1299.00,129.90
I005620,O02959,P028,1,799.00,0.00
I005621,O02960,P017,1,449.00,89.80
I005622,O02961,P001,1,54.99,2.75
I005623,O02961,P021,1,699.00,0.00
I005624,O02962,P029,1,149.99,0.00
I005625,O02963,P018,5,1199.00,599.50
I005626,O02963,P035,1,1000.00,200.00
I005627,O02963,P004,2,119.99,0.00
I005628,O02963,P033,1,250.00,0.00
I005629,O02964,P012,1,899.00,89.90
I005630,O02964,P009,1,1299.00,259.80
I005631,O02965,P020,1,999.00,0.00
I005632,O02965,P019,1,399.00,39.90
I005633,O02966,P004,5,119.99,59.99
I005634,O02966,P029,1,149.99,0.00
I005635,O02966,P021,1,699.00,0.00
I005636,O02967,P015,2,6499.00,0.00
I005637,O02967,P003,1,129.99,0.00
I005638,O02967,P014,1,349.00,0.00
I005639,O02968,P001,1,54.99,0.00
I005640,O02969,P005,1,64.99,13.00
I005641,O02970,P019,1,399.00,0.00
I005642,O02970,P005,2,64.99,0.00
I005643,O02971,P035,2,1000.00,100.00
I005644,O02972,P034,1,500.00,0.00
I005645,O02972,P005,3,64.99,9.75
I005646,O02972,P020,1,999.00,0.00
I005647,O02973,P013,1,549.00,0.00
I005648,O02973,P013,1,549.00,0.00
I005649,O02974,P001,1,54.99,2.75
I005650,O02974,P016,1,7499.00,749.90
I005651,O02974,P031,1,119.99,12.00
I005652,O02975,P005,2,64.99,0.00
I005653,O02975,P004,1,119.99,12.00
I005654,O02975,P026,2,249.00,0.00
I005655,O02976,P009,2,1299.00,259.80
I005656,O02976,P004,3,119.99,0.00
I005657,O02977,P016,2,7499.00,0.00
I005658,O02977,P027,1,549.00,0.00
I005659,O02977,P034,1,500.00,0.00
I005660,O02978,P021,1,699.00,69.90
I005661,O02979,P017,2,449.00,0.00
I005662,O02979,P020,1,999.00,0.00
I005663,O02980,P034,1,500.00,100.00
I005664,O02981,P004,2,119.99,24.00
I005665,O02981,P024,3,649.00,97.35
I005666,O02982,P035,3,1000.00,0.00
I005667,O02982,P030,1,189.99,9.50
I005668,O02982,P032,5,749.00,0.00
I005669,O02983,P035,1,1000.00,50.00
I005670,O02983,P005,2,64.99,0.00
I005671,O02983,P028,1,799.00,0.00
I005672,O02983,P032,1,749.00,149.80
I005673,O02984,P013,2,549.00,109.80
I005674,O02985,P009,1,1299.00,0.00
I005675,O02985,P004,1,119.99,0.00
I005676,O02985,P022,2,1499.00,299.80
I005677,O02986,P011,5,12999.00,12999.00
I005678,O02986,P010,1,8999.00,0.00
I005679,O02987,P033,3,250.00,0.00
I005680,O02987,P030,3,189.99,0.00
I005681,O02987,P027,2,549.00,0.00
I005682,O02987,P014,2,349.00,0.00
I005683,O02988,P012,1,899.00,0.00
I005684,O02988,P013,3,549.00,82.35
I005685,O02988,P010,1,8999.00,0.00
I005686,O02989,P015,1,6499.00,324.95
I005687,O02989,P001,3,54.99,8.25
I005688,O02989,P026,1,249.00,0.00
I005689,O02989,P017,3,449.00,0.00
I005690,O02990,P011,1,12999.00,1299.90
I005691,O02990,P016,1,7499.00,374.95
I005692,O02991,P033,1,250.00,0.00
I005693,O02991,P021,2,699.00,139.80
I005694,O02991,P001,1,54.99,0.00
I005695,O02992,P033,1,250.00,0.00
I005696,O02992,P009,1,1299.00,0.00
I005697,O02992,P024,1,649.00,0.00
I005698,O02993,P014,1,349.00,0.00
I005699,O02993,P034,2,500.00,200.00
I005700,O02993,P012,1,899.00,0.00
I005701,O02993,P024,1,649.00,0.00
I005702,O02994,P005,1,64.99,0.00
I005703,O02995,P010,1,8999.00,0.00
I005704,O02995,P014,2,349.00,0.00
I005705,O02996,P019,1,399.00,0.00
I005706,O02996,P028,2,799.00,0.00
I005707,O02997,P007,1,74.99,0.00
I005708,O02998,P021,1,699.00,0.00
I005709,O02999,P025,1,299.00,29.90
I005710,O02999,P023,1,379.00,37.90
I005711,O02999,P001,1,54.99,0.00
I005712,O03000,P004,1,119.99,0.00
I005713,O03001,P022,1,1499.00,149.90
I005714,O03002,P020,1,999.00,199.80
I005715,O03003,P015,2,6499.00,0.00
I005716,O03003,P005,1,64.99,0.00
I005717,O03003,P012,3,899.00,0.00
I005718,O03003,P014,2,349.00,0.00
I005719,O03004,P005,2,64.99,0.00
I005720,O03005,P002,5,89.99,0.00
I005721,O03005,P002,2,89.99,0.00
I005722,O03006,P008,1,79.99,0.00
I005723,O03007,P011,1,12999.00,649.95
I005724,O03008,P005,1,64.99,3.25
I005725,O03008,P004,1,119.99,12.00
I005726,O03009,P011,1,12999.00,0.00
I005727,O03010,P009,1,1299.00,129.90
I005728,O03011,P011,1,12999.00,649.95
I005729,O03011,P011,1,12999.00,0.00
I005730,O03011,P010,2,8999.00,0.00
I005731,O03012,P015,1,6499.00,0.00
I005732,O03012,P017,1,449.00,0.00
I005733,O03012,P018,1,1199.00,59.95
I005734,O03012,P023,2,379.00,0.00
I005735,O03013,P027,2,549.00,109.80
I005736,O03014,P018,3,1199.00,0.00
I005737,O03015,P014,1,349.00,0.00
I005738,O03015,P004,1,119.99,0.00
I005739,O03016,P031,1,119.99,12.00
I005740,O03016,P001,1,54.99,2.75
I005741,O03017,P034,1,500.00,25.00
I005742,O03017,P032,2,749.00,0.00
I005743,O03017,P018,1,1199.00,0.00
I005744,O03018,P019,2,399.00,39.90
I005745,O03019,P034,1,500.00,0.00
I005746,O03020,P001,1,54.99,0.00
I005747,O03020,P024,1,649.00,0.00
I005748,O03021,P019,3,399.00,119.70
I005749,O03022,P010,1,8999.00,0.00
I005750,O03022,P005,1,64.99,0.00
I005751,O03023,P015,1,6499.00,1299.80
I005752,O03024,P026,1,249.00,12.45
I005753,O03024,P023,1,379.00,0.00
I005754,O03024,P030,3,189.99,0.00
I005755,O03025,P020,1,999.00,0.00
I005756,O03025,P032,1,749.00,74.90
I005757,O03026,P027,1,549.00,0.00
I005758,O03027,P029,1,149.99,0.00
I005759,O03027,P003,2,129.99,13.00
I005760,O03028,P007,3,74.99,0.00
I005761,O03028,P002,1,89.99,0.00
I005762,O03029,P014,1,349.00,34.90
I005763,O03030,P030,2,189.99,38.00
I005764,O03030,P028,3,799.00,0.00
I005765,O03030,P007,1,74.99,0.00
I005766,O03031,P035,2,1000.00,0.00
I005767,O03032,P031,2,119.99,0.00
I005768,O03033,P032,2,749.00,0.00
I005769,O03034,P005,2,64.99,0.00
I005770,O03034,P034,1,500.00,25.00
I005771,O03035,P004,2,119.99,0.00
I005772,O03035,P030,3,189.99,0.00
I005773,O03036,P017,1,449.00,22.45
I005774,O03037,P018,1,1199.00,0.00
I005775,O03037,P027,1,549.00,0.00
I005776,O03038,P032,1,749.00,0.00
I005777,O03039,P020,1,999.00,99.90
I005778,O03040,P010,3,8999.00,0.00
I005779,O03040,P031,2,119.99,24.00
I005780,O03040,P027,2,549.00,109.80
I005781,O03041,P016,3,7499.00,0.00
I005782,O03041,P005,3,64.99,19.50
I005783,O03042,P004,2,119.99,12.00
I005784,O03042,P032,1,749.00,0.00
I005785,O03043,P002,1,89.99,18.00
I005786,O03043,P011,1,12999.00,2599.80
I005787,O03043,P004,1,119.99,0.00
I005788,O03043,P007,1,74.99,0.00
I005789,O03044,P010,3,8999.00,0.00
I005790,O03045,P027,3,549.00,82.35
I005791,O03046,P014,1,349.00,0.00
I005792,O03046,P032,3,749.00,0.00
I005793,O03047,P023,1,379.00,75.80
I005794,O03048,P031,1,119.99,0.00
I005795,O03049,P003,2,129.99,0.00
I005796,O03050,P003,2,129.99,0.00
I005797,O03050,P005,1,64.99,0.00
I005798,O03051,P004,2,119.99,12.00
I005799,O03051,P025,1,299.00,0.00
I005800,O03051,P021,1,699.00,0.00
I005801,O03052,P027,5,549.00,0.00
I005802,O03052,P022,1,1499.00,0.00
I005803,O03053,P024,1,649.00,0.00
I005804,O03053,P034,1,500.00,0.00
I005805,O03054,P025,1,299.00,0.00
I005806,O03054,P024,1,649.00,0.00
I005807,O03054,P008,1,79.99,0.00
I005808,O03055,P024,1,649.00,0.00
I005809,O03056,P035,1,1000.00,50.00
I005810,O03056,P021,1,699.00,0.00
I005811,O03056,P026,1,249.00,0.00
I005812,O03056,P003,1,129.99,0.00
I005813,O03057,P029,2,149.99,0.00
I005814,O03057,P013,1,549.00,0.00
I005815,O03057,P022,1,1499.00,149.90
I005816,O03058,P022,1,1499.00,0.00
I005817,O03058,P005,2,64.99,0.00
I005818,O03058,P011,1,12999.00,1299.90
I005819,O03059,P028,2,799.00,0.00
I005820,O03060,P029,1,149.99,7.50
I005821,O03060,P007,5,74.99,0.00
I005822,O03060,P018,1,1199.00,0.00
I005823,O03061,P017,1,449.00,22.45
I005824,O03061,P020,1,999.00,49.95
I005825,O03061,P008,2,79.99,16.00
I005826,O03062,P034,2,500.00,0.00
I005827,O03062,P035,2,1000.00,0.00
I005828,O03063,P013,1,549.00,27.45
I005829,O03064,P022,1,1499.00,299.80
I005830,O03064,P015,1,6499.00,0.00
I005831,O03064,P028,2,799.00,0.00
I005832,O03065,P027,1,549.00,0.00
I005833,O03066,P028,5,799.00,399.50
I005834,O03066,P017,1,449.00,0.00
I005835,O03066,P023,1,379.00,37.90
I005836,O03067,P017,1,449.00,22.45
I005837,O03067,P021,1,699.00,69.90
I005838,O03068,P017,2,449.00,0.00
I005839,O03069,P033,2,250.00,0.00
I005840,O03070,P026,1,249.00,0.00
I005841,O03070,P018,1,1199.00,0.00
I005842,O03070,P010,3,8999.00,1349.85
I005843,O03070,P021,1,699.00,69.90
I005844,O03071,P032,1,749.00,0.00
I005845,O03071,P012,1,899.00,89.90
I005846,O03071,P024,2,649.00,129.80
I005847,O03071,P024,1,649.00,0.00
I005848,O03072,P016,1,7499.00,1499.80
I005849,O03072,P034,1,500.00,0.00
I005850,O03073,P035,3,1000.00,0.00
I005851,O03073,P012,1,899.00,0.00
I005852,O03074,P010,3,8999.00,0.00
I005853,O03074,P011,1,12999.00,0.00
I005854,O03075,P035,1,1000.00,50.00
I005855,O03076,P003,1,129.99,26.00
I005856,O03076,P009,3,1299.00,0.00
I005857,O03077,P019,1,399.00,39.90
I005858,O03078,P024,2,649.00,0.00
I005859,O03079,P016,2,7499.00,0.00
I005860,O03080,P004,3,119.99,0.00
I005861,O03080,P032,3,749.00,0.00
I005862,O03080,P031,2,119.99,0.00
I005863,O03081,P033,1,250.00,12.50
I005864,O03081,P012,1,899.00,44.95
I005865,O03082,P015,1,6499.00,649.90
I005866,O03082,P019,1,399.00,0.00
I005867,O03082,P015,3,6499.00,0.00
I005868,O03083,P030,1,189.99,0.00
I005869,O03083,P022,1,1499.00,299.80
I005870,O03083,P034,1,500.00,0.00
I005871,O03084,P015,2,6499.00,0.00
I005872,O03084,P015,1,6499.00,0.00
I005873,O03084,P035,1,1000.00,100.00
I005874,O03084,P020,1,999.00,49.95
I005875,O03085,P016,1,7499.00,0.00
I005876,O03085,P020,1,999.00,0.00
I005877,O03085,P025,1,299.00,59.80
I005878,O03086,P004,1,119.99,24.00
I005879,O03087,P019,1,399.00,79.80
I005880,O03087,P029,1,149.99,7.50
I005881,O03088,P006,3,42.99,12.90
I005882,O03088,P021,1,699.00,0.00
I005883,O03089,P022,2,1499.00,0.00
I005884,O03089,P022,5,1499.00,0.00
I005885,O03090,P013,1,549.00,27.45
I005886,O03091,P006,2,42.99,0.00
I005887,O03091,P010,2,8999.00,899.90
I005888,O03092,P017,1,449.00,44.90
I005889,O03093,P021,1,699.00,0.00
I005890,O03094,P001,2,54.99,0.00
I005891,O03094,P017,2,449.00,0.00
I005892,O03095,P019,3,399.00,59.85
I005893,O03095,P026,1,249.00,12.45
I005894,O03096,P008,1,79.99,0.00
I005895,O03097,P016,1,7499.00,1499.80
I005896,O03098,P009,1,1299.00,129.90
I005897,O03099,P020,2,999.00,0.00
I005898,O03100,P012,3,899.00,0.00
I005899,O03100,P027,1,549.00,27.45
I005900,O03101,P027,1,549.00,0.00
I005901,O03101,P018,1,1199.00,59.95
I005902,O03101,P006,1,42.99,2.15
I005903,O03102,P016,2,7499.00,749.90
I005904,O03102,P014,1,349.00,17.45
I005905,O03103,P025,1,299.00,0.00
I005906,O03103,P001,1,54.99,0.00
I005907,O03104,P020,2,999.00,199.80
I005908,O03104,P018,3,1199.00,0.00
I005909,O03105,P014,2,349.00,34.90
I005910,O03105,P016,1,7499.00,0.00
I005911,O03106,P003,1,129.99,0.00
I005912,O03106,P022,1,1499.00,299.80
I005913,O03107,P008,2,79.99,0.00
I005914,O03107,P005,1,64.99,0.00
I005915,O03108,P004,3,119.99,36.00
I005916,O03108,P033,1,250.00,0.00
I005917,O03108,P024,2,649.00,129.80
I005918,O03109,P024,3,649.00,0.00
I005919,O03109,P011,2,12999.00,0.00
I005920,O03110,P020,1,999.00,0.00
I005921,O03111,P025,1,299.00,0.00
I005922,O03111,P007,1,74.99,3.75
I005923,O03111,P012,5,899.00,899.00
I005924,O03112,P007,1,74.99,0.00
I005925,O03112,P033,1,250.00,0.00
I005926,O03113,P035,1,1000.00,0.00
I005927,O03113,P031,1,119.99,0.00
I005928,O03114,P023,2,379.00,37.90
I005929,O03115,P010,1,8999.00,0.00
I005930,O03115,P009,2,1299.00,0.00
I005931,O03116,P010,2,8999.00,0.00
I005932,O03116,P012,1,899.00,0.00
I005933,O03116,P016,1,7499.00,0.00
I005934,O03117,P023,2,379.00,0.00
I005935,O03117,P027,1,549.00,109.80
I005936,O03117,P027,1,549.00,0.00
I005937,O03118,P010,3,8999.00,0.00
I005938,O03119,P004,1,119.99,0.00
I005939,O03120,P002,2,89.99,0.00
I005940,O03120,P008,2,79.99,0.00
I005941,O03120,P001,1,54.99,0.00
I005942,O03120,P027,1,549.00,0.00
I005943,O03121,P028,1,799.00,79.90
I005944,O03122,P029,1,149.99,7.50
I005945,O03123,P028,3,799.00,0.00
I005946,O03124,P032,1,749.00,149.80
I005947,O03125,P017,1,449.00,22.45
I005948,O03125,P002,2,89.99,18.00
I005949,O03126,P032,1,749.00,149.80
I005950,O03126,P027,1,549.00,0.00
I005951,O03126,P021,1,699.00,0.00
I005952,O03126,P006,1,42.99,0.00
I005953,O03127,P034,1,500.00,0.00
I005954,O03127,P020,1,999.00,0.00
I005955,O03128,P035,1,1000.00,0.00
I005956,O03128,P025,1,299.00,0.00
I005957,O03128,P021,1,699.00,0.00
I005958,O03129,P015,1,6499.00,0.00
I005959,O03130,P006,3,42.99,6.45
I005960,O03130,P034,1,500.00,0.00
I005961,O03130,P035,2,1000.00,0.00
I005962,O03131,P021,1,699.00,0.00
I005963,O03131,P023,2,379.00,0.00
I005964,O03131,P025,1,299.00,0.00
I005965,O03132,P027,1,549.00,27.45
I005966,O03133,P004,2,119.99,12.00
I005967,O03134,P031,1,119.99,12.00
I005968,O03134,P035,1,1000.00,0.00
I005969,O03135,P001,1,54.99,0.00
I005970,O03136,P031,5,119.99,0.00
I005971,O03136,P028,1,799.00,0.00
I005972,O03137,P028,2,799.00,0.00
I005973,O03138,P022,5,1499.00,374.75
I005974,O03139,P029,2,149.99,0.00
I005975,O03139,P011,3,12999.00,3899.70
I005976,O03140,P012,2,899.00,0.00
I005977,O03141,P022,2,1499.00,149.90
I005978,O03142,P029,1,149.99,15.00
I005979,O03142,P021,1,699.00,34.95
I005980,O03143,P001,1,54.99,2.75
I005981,O03143,P013,2,549.00,109.80
I005982,O03144,P034,1,500.00,0.00
I005983,O03145,P013,2,549.00,0.00
I005984,O03146,P016,1,7499.00,374.95
I005985,O03147,P010,1,8999.00,1799.80
I005986,O03148,P001,3,54.99,0.00
I005987,O03148,P013,1,549.00,54.90
I005988,O03149,P033,1,250.00,25.00
I005989,O03149,P034,3,500.00,0.00
I005990,O03150,P026,1,249.00,0.00
I005991,O03151,P019,1,399.00,0.00
I005992,O03151,P029,1,149.99,7.50
I005993,O03151,P023,5,379.00,0.00
I005994,O03152,P005,1,64.99,0.00
I005995,O03152,P021,2,699.00,0.00
I005996,O03153,P010,1,8999.00,0.00
I005997,O03153,P019,3,399.00,0.00
I005998,O03153,P019,1,399.00,0.00
I005999,O03154,P008,1,79.99,0.00
I006000,O03155,P018,1,1199.00,59.95
I006001,O03156,P009,1,1299.00,0.00
I006002,O03157,P020,2,999.00,0.00
I006003,O03158,P015,2,6499.00,0.00
I006004,O03159,P021,2,699.00,139.80
I006005,O03160,P019,3,399.00,59.85
I006006,O03161,P027,1,549.00,0.00
I006007,O03161,P003,2,129.99,13.00
I006008,O03161,P017,1,449.00,0.00
I006009,O03162,P035,2,1000.00,0.00
I006010,O03162,P011,2,12999.00,0.00
I006011,O03163,P029,1,149.99,0.00
I006012,O03163,P001,3,54.99,0.00
I006013,O03164,P002,1,89.99,0.00
I006014,O03165,P007,1,74.99,0.00
I006015,O03166,P023,1,379.00,0.00
I006016,O03167,P023,3,379.00,56.85
I006017,O03167,P020,1,999.00,0.00
I006018,O03167,P004,2,119.99,0.00
I006019,O03168,P022,2,1499.00,0.00
I006020,O03169,P017,2,449.00,44.90
I006021,O03169,P029,1,149.99,0.00
I006022,O03169,P003,2,129.99,0.00
I006023,O03170,P033,2,250.00,0.00
I006024,O03170,P027,2,549.00,0.00
I006025,O03171,P015,3,6499.00,1949.70
I006026,O03171,P003,1,129.99,0.00
I006027,O03171,P028,1,799.00,0.00
I006028,O03172,P011,1,12999.00,0.00
I006029,O03172,P031,2,119.99,0.00
I006030,O03172,P032,1,749.00,37.45
I006031,O03172,P020,1,999.00,99.90
I006032,O03173,P013,1,549.00,0.00
I006033,O03174,P010,2,8999.00,0.00
I006034,O03175,P023,1,379.00,0.00
I006035,O03176,P035,1,1000.00,0.00
I006036,O03177,P011,1,12999.00,0.00
I006037,O03178,P032,1,749.00,0.00
I006038,O03178,P016,1,7499.00,0.00
I006039,O03179,P028,1,799.00,0.00
I006040,O03180,P025,1,299.00,0.00
I006041,O03180,P030,2,189.99,0.00
I006042,O03180,P010,5,8999.00,0.00
I006043,O03181,P032,1,749.00,74.90
I006044,O03181,P026,1,249.00,0.00
I006045,O03182,P029,2,149.99,0.00
I006046,O03183,P014,3,349.00,0.00
I006047,O03183,P001,1,54.99,0.00
I006048,O03184,P021,2,699.00,69.90
I006049,O03185,P001,1,54.99,0.00
I006050,O03185,P035,1,1000.00,0.00
I006051,O03186,P024,3,649.00,0.00
I006052,O03186,P023,1,379.00,37.90
I006053,O03187,P017,2,449.00,89.80
I006054,O03187,P006,1,42.99,0.00
I006055,O03188,P004,1,119.99,0.00
I006056,O03189,P032,1,749.00,0.00
I006057,O03190,P028,5,799.00,0.00
I006058,O03190,P016,1,7499.00,1499.80
I006059,O03190,P009,1,1299.00,0.00
I006060,O03190,P003,1,129.99,13.00
I006061,O03191,P034,1,500.00,0.00
I006062,O03191,P031,2,119.99,0.00
I006063,O03192,P014,1,349.00,0.00
I006064,O03192,P026,1,249.00,24.90
I006065,O03192,P011,1,12999.00,0.00
I006066,O03192,P015,1,6499.00,0.00
I006067,O03193,P001,1,54.99,11.00
I006068,O03194,P003,1,129.99,0.00
I006069,O03195,P034,2,500.00,100.00
I006070,O03195,P011,1,12999.00,0.00
I006071,O03196,P014,1,349.00,0.00
I006072,O03196,P012,5,899.00,0.00
I006073,O03197,P019,1,399.00,39.90
I006074,O03197,P019,1,399.00,0.00
I006075,O03198,P004,1,119.99,0.00
I006076,O03198,P012,2,899.00,0.00
I006077,O03199,P023,1,379.00,0.00
I006078,O03200,P024,1,649.00,64.90
I006079,O03200,P032,2,749.00,299.60
I006080,O03201,P005,2,64.99,6.50
I006081,O03202,P024,2,649.00,0.00
I006082,O03202,P017,1,449.00,0.00
I006083,O03202,P020,1,999.00,0.00
I006084,O03203,P028,1,799.00,0.00
I006085,O03204,P018,1,1199.00,0.00
I006086,O03205,P010,1,8999.00,0.00
I006087,O03205,P031,1,119.99,0.00
I006088,O03205,P019,1,399.00,39.90
I006089,O03206,P002,1,89.99,0.00
I006090,O03206,P001,1,54.99,5.50
I006091,O03207,P027,5,549.00,0.00
I006092,O03208,P016,2,7499.00,0.00
I006093,O03209,P007,1,74.99,0.00
I006094,O03210,P029,1,149.99,0.00
I006095,O03211,P032,3,749.00,0.00
I006096,O03212,P008,1,79.99,0.00
I006097,O03213,P008,1,79.99,4.00
I006098,O03213,P016,1,7499.00,1499.80
I006099,O03214,P019,2,399.00,0.00
I006100,O03215,P005,3,64.99,0.00
I006101,O03216,P021,1,699.00,139.80
I006102,O03217,P001,3,54.99,0.00
I006103,O03218,P025,1,299.00,14.95
I006104,O03218,P003,1,129.99,6.50
I006105,O03219,P006,1,42.99,0.00
I006106,O03219,P016,5,7499.00,0.00
I006107,O03220,P005,2,64.99,13.00
I006108,O03221,P029,1,149.99,30.00
I006109,O03221,P019,1,399.00,0.00
I006110,O03221,P018,1,1199.00,59.95
I006111,O03222,P031,1,119.99,0.00
I006112,O03223,P004,2,119.99,24.00
I006113,O03224,P017,1,449.00,0.00
I006114,O03224,P023,1,379.00,18.95
I006115,O03224,P010,1,8999.00,899.90
I006116,O03224,P028,1,799.00,0.00
I006117,O03225,P007,3,74.99,11.25
I006118,O03225,P018,1,1199.00,0.00
I006119,O03225,P028,1,799.00,0.00
I006120,O03225,P019,1,399.00,19.95
I006121,O03226,P019,2,399.00,39.90
I006122,O03227,P003,2,129.99,0.00
I006123,O03227,P021,1,699.00,0.00
I006124,O03228,P021,2,699.00,279.60
I006125,O03229,P015,1,6499.00,324.95
I006126,O03230,P028,1,799.00,0.00
I006127,O03231,P021,1,699.00,139.80
I006128,O03231,P014,1,349.00,0.00
I006129,O03232,P018,2,1199.00,119.90
I006130,O03232,P023,1,379.00,0.00
I006131,O03233,P018,1,1199.00,0.00
I006132,O03234,P012,1,899.00,0.00
I006133,O03234,P007,1,74.99,0.00
I006134,O03235,P025,1,299.00,0.00
I006135,O03235,P002,1,89.99,0.00
I006136,O03236,P008,1,79.99,0.00
I006137,O03237,P016,3,7499.00,0.00
I006138,O03238,P014,1,349.00,0.00
I006139,O03238,P028,1,799.00,0.00
I006140,O03239,P032,2,749.00,0.00
I006141,O03239,P010,1,8999.00,449.95
I006142,O03239,P015,2,6499.00,1299.80
I006143,O03240,P012,1,899.00,0.00
I006144,O03240,P031,1,119.99,0.00
I006145,O03241,P022,5,1499.00,0.00
I006146,O03242,P024,1,649.00,64.90
I006147,O03242,P032,1,749.00,74.90
I006148,O03242,P015,1,6499.00,324.95
I006149,O03243,P007,1,74.99,3.75
I006150,O03244,P005,1,64.99,0.00
I006151,O03245,P012,3,899.00,0.00
I006152,O03245,P018,3,1199.00,359.70
I006153,O03246,P009,1,1299.00,129.90
I006154,O03247,P031,1,119.99,6.00
I006155,O03248,P001,5,54.99,54.99
I006156,O03249,P008,1,79.99,16.00
I006157,O03250,P014,1,349.00,0.00
I006158,O03250,P015,1,6499.00,0.00
I006159,O03251,P001,1,54.99,0.00
I006160,O03252,P014,1,349.00,17.45
I006161,O03253,P029,2,149.99,30.00
I006162,O03254,P033,1,250.00,25.00
I006163,O03254,P017,1,449.00,0.00
I006164,O03255,P015,1,6499.00,0.00
I006165,O03255,P009,2,1299.00,0.00
I006166,O03256,P032,2,749.00,0.00
I006167,O03257,P016,1,7499.00,0.00
I006168,O03257,P002,1,89.99,0.00
I006169,O03257,P032,1,749.00,74.90
I006170,O03258,P005,2,64.99,6.50
I006171,O03258,P007,5,74.99,0.00
I006172,O03259,P013,1,549.00,0.00
I006173,O03260,P032,1,749.00,37.45
I006174,O03260,P002,1,89.99,9.00
I006175,O03260,P009,3,1299.00,389.70
I006176,O03260,P019,5,399.00,0.00
I006177,O03261,P029,5,149.99,0.00
I006178,O03261,P020,1,999.00,0.00
I006179,O03261,P031,1,119.99,0.00
I006180,O03262,P002,1,89.99,9.00
I006181,O03262,P025,2,299.00,119.60
I006182,O03263,P003,2,129.99,0.00
I006183,O03263,P002,2,89.99,0.00
I006184,O03263,P021,1,699.00,139.80
I006185,O03264,P017,1,449.00,0.00
I006186,O03265,P029,1,149.99,30.00
I006187,O03265,P003,5,129.99,0.00
I006188,O03265,P024,3,649.00,389.40
I006189,O03266,P018,1,1199.00,59.95
I006190,O03266,P004,1,119.99,0.00
I006191,O03266,P032,2,749.00,0.00
I006192,O03267,P006,1,42.99,0.00
I006193,O03267,P035,1,1000.00,0.00
I006194,O03267,P002,1,89.99,9.00
I006195,O03268,P004,1,119.99,12.00
I006196,O03269,P030,1,189.99,9.50
I006197,O03270,P010,2,8999.00,0.00
I006198,O03271,P022,2,1499.00,0.00
I006199,O03271,P033,1,250.00,12.50
I006200,O03272,P008,1,79.99,0.00
I006201,O03272,P002,1,89.99,0.00
I006202,O03273,P017,1,449.00,0.00
I006203,O03273,P018,1,1199.00,119.90
I006204,O03273,P025,3,299.00,89.70
I006205,O03274,P011,2,12999.00,0.00
I006206,O03274,P030,1,189.99,0.00
I006207,O03274,P024,1,649.00,0.00
I006208,O03275,P024,2,649.00,0.00
I006209,O03276,P012,1,899.00,44.95
I006210,O03276,P006,2,42.99,4.30
I006211,O03277,P032,3,749.00,0.00
I006212,O03277,P011,2,12999.00,0.00
I006213,O03278,P034,3,500.00,0.00
I006214,O03279,P035,1,1000.00,0.00
I006215,O03280,P032,1,749.00,0.00
I006216,O03280,P031,2,119.99,0.00
I006217,O03280,P031,1,119.99,0.00
I006218,O03281,P010,1,8999.00,0.00
I006219,O03282,P020,1,999.00,99.90
I006220,O03282,P028,1,799.00,159.80
I006221,O03283,P024,1,649.00,64.90
I006222,O03284,P032,2,749.00,149.80
I006223,O03284,P034,2,500.00,0.00
I006224,O03284,P029,1,149.99,0.00
I006225,O03285,P027,1,549.00,27.45
I006226,O03285,P018,2,1199.00,0.00
I006227,O03285,P031,3,119.99,71.99
I006228,O03286,P004,1,119.99,0.00
I006229,O03286,P002,2,89.99,0.00
I006230,O03286,P019,1,399.00,0.00
I006231,O03286,P035,1,1000.00,100.00
I006232,O03287,P018,3,1199.00,0.00
I006233,O03287,P023,1,379.00,0.00
I006234,O03287,P031,1,119.99,12.00
I006235,O03287,P027,1,549.00,54.90
I006236,O03288,P022,3,1499.00,224.85
I006237,O03289,P010,1,8999.00,0.00
I006238,O03289,P033,3,250.00,0.00
I006239,O03290,P028,2,799.00,0.00
I006240,O03291,P030,1,189.99,19.00
I006241,O03292,P019,1,399.00,0.00
I006242,O03292,P004,5,119.99,0.00
I006243,O03292,P026,2,249.00,0.00
I006244,O03293,P018,1,1199.00,0.00
I006245,O03294,P028,1,799.00,0.00
I006246,O03294,P031,2,119.99,0.00
I006247,O03294,P012,1,899.00,0.00
I006248,O03294,P005,1,64.99,0.00
I006249,O03295,P003,1,129.99,0.00
I006250,O03295,P014,2,349.00,34.90
I006251,O03296,P028,1,799.00,39.95
I006252,O03297,P023,3,379.00,0.00
I006253,O03297,P008,2,79.99,0.00
I006254,O03298,P030,5,189.99,95.00
I006255,O03298,P017,1,449.00,0.00
I006256,O03299,P015,1,6499.00,649.90
I006257,O03300,P017,1,449.00,0.00
I006258,O03301,P019,3,399.00,0.00
I006259,O03301,P020,1,999.00,0.00
I006260,O03302,P016,1,7499.00,1499.80
I006261,O03303,P014,2,349.00,0.00
I006262,O03303,P023,1,379.00,37.90
I006263,O03303,P023,1,379.00,0.00
I006264,O03303,P010,1,8999.00,899.90
I006265,O03304,P030,2,189.99,0.00
I006266,O03305,P006,2,42.99,8.60
I006267,O03305,P028,1,799.00,0.00
I006268,O03305,P031,1,119.99,6.00
I006269,O03306,P011,1,12999.00,1299.90
I006270,O03306,P025,1,299.00,29.90
I006271,O03306,P019,1,399.00,0.00
I006272,O03307,P005,2,64.99,0.00
I006273,O03308,P016,1,7499.00,1499.80
I006274,O03309,P015,2,6499.00,0.00
I006275,O03309,P006,1,42.99,0.00
I006276,O03310,P020,1,999.00,0.00
I006277,O03311,P005,5,64.99,16.25
I006278,O03311,P018,1,1199.00,0.00
I006279,O03312,P001,1,54.99,0.00
I006280,O03312,P029,1,149.99,0.00
I006281,O03312,P031,2,119.99,12.00
I006282,O03312,P006,2,42.99,8.60
I006283,O03313,P011,3,12999.00,0.00
I006284,O03313,P017,1,449.00,0.00
I006285,O03313,P005,1,64.99,0.00
I006286,O03314,P006,5,42.99,0.00
I006287,O03315,P002,5,89.99,0.00
I006288,O03316,P021,1,699.00,69.90
I006289,O03316,P027,1,549.00,109.80
I006290,O03317,P032,5,749.00,0.00
I006291,O03317,P027,1,549.00,0.00
I006292,O03317,P033,2,250.00,0.00
I006293,O03318,P017,2,449.00,0.00
I006294,O03319,P032,1,749.00,0.00
I006295,O03320,P007,1,74.99,0.00
I006296,O03321,P023,3,379.00,0.00
I006297,O03321,P011,1,12999.00,649.95
I006298,O03321,P025,2,299.00,0.00
I006299,O03322,P018,2,1199.00,0.00
I006300,O03322,P017,2,449.00,44.90
I006301,O03322,P032,2,749.00,0.00
I006302,O03323,P015,1,6499.00,0.00
I006303,O03323,P027,5,549.00,274.50
I006304,O03323,P027,1,549.00,54.90
I006305,O03324,P033,1,250.00,0.00
I006306,O03324,P001,1,54.99,0.00
I006307,O03325,P017,1,449.00,0.00
I006308,O03326,P026,1,249.00,0.00
I006309,O03326,P004,1,119.99,0.00
I006310,O03326,P030,2,189.99,0.00
I006311,O03327,P008,2,79.99,0.00
I006312,O03327,P001,1,54.99,0.00
I006313,O03328,P028,1,799.00,0.00
I006314,O03329,P006,1,42.99,0.00
I006315,O03330,P014,1,349.00,0.00
I006316,O03331,P032,1,749.00,0.00
I006317,O03331,P030,3,189.99,0.00
I006318,O03332,P003,1,129.99,0.00
I006319,O03332,P018,2,1199.00,119.90
I006320,O03333,P006,1,42.99,2.15
I006321,O03333,P022,2,1499.00,149.90
I006322,O03334,P003,1,129.99,0.00
I006323,O03334,P003,2,129.99,26.00
I006324,O03335,P004,1,119.99,0.00
I006325,O03336,P005,1,64.99,0.00
I006326,O03336,P026,3,249.00,149.40
I006327,O03336,P035,2,1000.00,200.00
I006328,O03337,P025,1,299.00,0.00
I006329,O03338,P002,1,89.99,0.00
I006330,O03339,P032,3,749.00,224.70
I006331,O03339,P035,3,1000.00,0.00
I006332,O03339,P019,3,399.00,59.85
I006333,O03340,P016,2,7499.00,749.90
I006334,O03341,P015,2,6499.00,0.00
I006335,O03342,P032,3,749.00,0.00
I006336,O03342,P016,1,7499.00,0.00
I006337,O03342,P001,1,54.99,0.00
I006338,O03342,P004,2,119.99,48.00
I006339,O03343,P034,1,500.00,0.00
I006340,O03344,P004,1,119.99,0.00
I006341,O03344,P004,3,119.99,0.00
I006342,O03345,P014,3,349.00,0.00
I006343,O03346,P011,1,12999.00,649.95
I006344,O03347,P035,1,1000.00,0.00
I006345,O03347,P024,3,649.00,0.00
I006346,O03348,P031,2,119.99,48.00
I006347,O03348,P023,1,379.00,0.00
I006348,O03349,P006,2,42.99,0.00
I006349,O03350,P024,1,649.00,0.00
I006350,O03351,P010,2,8999.00,0.00
I006351,O03351,P017,1,449.00,0.00
I006352,O03352,P014,1,349.00,0.00
I006353,O03353,P020,2,999.00,199.80
I006354,O03354,P021,1,699.00,69.90
I006355,O03355,P020,1,999.00,0.00
I006356,O03356,P018,1,1199.00,0.00
I006357,O03357,P019,1,399.00,0.00
I006358,O03357,P007,1,74.99,0.00
I006359,O03357,P031,3,119.99,18.00
I006360,O03357,P016,5,7499.00,1874.75
I006361,O03358,P015,2,6499.00,0.00
I006362,O03359,P002,1,89.99,4.50
I006363,O03360,P035,3,1000.00,300.00
I006364,O03361,P003,2,129.99,0.00
I006365,O03362,P023,1,379.00,75.80
I006366,O03362,P013,1,549.00,54.90
I006367,O03363,P030,1,189.99,0.00
I006368,O03363,P035,1,1000.00,0.00
I006369,O03363,P004,2,119.99,0.00
I006370,O03364,P027,2,549.00,0.00
I006371,O03364,P034,3,500.00,75.00
I006372,O03365,P025,2,299.00,59.80
I006373,O03366,P004,1,119.99,12.00
I006374,O03367,P028,1,799.00,0.00
I006375,O03367,P029,1,149.99,0.00
I006376,O03367,P019,1,399.00,0.00
I006377,O03367,P030,5,189.99,0.00
I006378,O03368,P001,1,54.99,5.50
I006379,O03368,P023,3,379.00,0.00
I006380,O03369,P018,3,1199.00,0.00
I006381,O03369,P013,1,549.00,54.90
I006382,O03369,P021,1,699.00,69.90
I006383,O03370,P033,2,250.00,0.00
I006384,O03370,P028,2,799.00,0.00
I006385,O03371,P002,1,89.99,4.50
I006386,O03372,P016,1,7499.00,0.00
I006387,O03372,P034,1,500.00,0.00
I006388,O03372,P006,1,42.99,8.60
I006389,O03373,P005,1,64.99,0.00
I006390,O03374,P031,1,119.99,0.00
I006391,O03375,P029,1,149.99,15.00
I006392,O03375,P023,2,379.00,0.00
I006393,O03376,P029,1,149.99,7.50
I006394,O03376,P026,1,249.00,0.00
I006395,O03376,P008,1,79.99,0.00
I006396,O03376,P027,5,549.00,0.00
I006397,O03377,P021,3,699.00,104.85
I006398,O03377,P020,1,999.00,0.00
I006399,O03378,P030,1,189.99,38.00
I006400,O03378,P027,1,549.00,0.00
I006401,O03379,P011,1,12999.00,1299.90
I006402,O03380,P009,2,1299.00,259.80
I006403,O03381,P033,2,250.00,0.00
I006404,O03382,P018,2,1199.00,0.00
I006405,O03383,P011,1,12999.00,0.00
I006406,O03383,P024,1,649.00,0.00
I006407,O03383,P004,2,119.99,0.00
I006408,O03384,P028,1,799.00,0.00
I006409,O03385,P026,1,249.00,12.45
I006410,O03386,P031,3,119.99,36.00
I006411,O03387,P011,2,12999.00,0.00
I006412,O03388,P030,2,189.99,38.00
I006413,O03388,P004,1,119.99,24.00
I006414,O03389,P007,1,74.99,0.00
I006415,O03389,P035,2,1000.00,0.00
I006416,O03389,P005,3,64.99,19.50
I006417,O03390,P002,1,89.99,0.00
I006418,O03391,P020,2,999.00,0.00
I006419,O03391,P009,3,1299.00,194.85
I006420,O03392,P017,1,449.00,89.80
I006421,O03392,P001,1,54.99,0.00
I006422,O03393,P022,1,1499.00,0.00
I006423,O03393,P032,3,749.00,0.00
I006424,O03394,P011,5,12999.00,12999.00
I006425,O03394,P011,2,12999.00,0.00
I006426,O03394,P007,1,74.99,15.00
I006427,O03395,P032,1,749.00,0.00
I006428,O03395,P019,1,399.00,19.95
I006429,O03395,P010,1,8999.00,0.00
I006430,O03395,P030,1,189.99,38.00
I006431,O03396,P031,3,119.99,0.00
I006432,O03397,P033,1,250.00,12.50
I006433,O03397,P007,1,74.99,0.00
I006434,O03397,P029,2,149.99,15.00
I006435,O03398,P012,1,899.00,0.00
I006436,O03399,P009,1,1299.00,0.00
I006437,O03400,P019,1,399.00,0.00
I006438,O03400,P022,2,1499.00,0.00
I006439,O03400,P006,1,42.99,4.30
I006440,O03401,P008,2,79.99,32.00
I006441,O03402,P002,1,89.99,0.00
I006442,O03402,P014,1,349.00,17.45
I006443,O03402,P022,1,1499.00,0.00
I006444,O03403,P002,2,89.99,0.00
I006445,O03403,P008,1,79.99,0.00
I006446,O03403,P007,2,74.99,0.00
I006447,O03404,P032,5,749.00,0.00
I006448,O03405,P002,1,89.99,0.00
I006449,O03406,P029,1,149.99,15.00
I006450,O03407,P032,1,749.00,0.00
I006451,O03407,P032,1,749.00,0.00
I006452,O03407,P016,1,7499.00,749.90
I006453,O03407,P032,1,749.00,0.00
I006454,O03408,P007,2,74.99,0.00
I006455,O03409,P033,3,250.00,0.00
I006456,O03409,P010,1,8999.00,0.00
I006457,O03410,P021,1,699.00,69.90
I006458,O03411,P022,2,1499.00,0.00
I006459,O03412,P014,2,349.00,69.80
I006460,O03413,P030,1,189.99,0.00
I006461,O03414,P034,1,500.00,25.00
I006462,O03415,P030,1,189.99,0.00
I006463,O03415,P008,2,79.99,32.00
I006464,O03415,P015,1,6499.00,324.95
I006465,O03416,P032,2,749.00,0.00
I006466,O03416,P014,1,349.00,0.00
I006467,O03416,P011,2,12999.00,2599.80
I006468,O03417,P033,2,250.00,0.00
I006469,O03418,P014,1,349.00,0.00
I006470,O03419,P020,1,999.00,0.00
I006471,O03420,P025,1,299.00,0.00
I006472,O03421,P010,2,8999.00,0.00
I006473,O03421,P005,2,64.99,0.00
I006474,O03422,P004,1,119.99,0.00
I006475,O03422,P035,1,1000.00,0.00
I006476,O03423,P029,1,149.99,0.00
I006477,O03423,P023,1,379.00,0.00
I006478,O03424,P026,2,249.00,24.90
I006479,O03425,P018,5,1199.00,299.75
I006480,O03426,P030,1,189.99,19.00
I006481,O03426,P026,1,249.00,0.00
I006482,O03427,P004,1,119.99,0.00
I006483,O03428,P020,3,999.00,0.00
I006484,O03429,P007,2,74.99,30.00
I006485,O03429,P022,1,1499.00,149.90
I006486,O03429,P030,1,189.99,19.00
I006487,O03430,P032,2,749.00,0.00
I006488,O03431,P025,1,299.00,29.90
I006489,O03431,P031,1,119.99,12.00
I006490,O03431,P028,1,799.00,0.00
I006491,O03432,P018,1,1199.00,0.00
I006492,O03432,P031,1,119.99,0.00
I006493,O03433,P025,2,299.00,0.00
I006494,O03434,P033,1,250.00,0.00
I006495,O03434,P032,1,749.00,0.00
I006496,O03434,P031,1,119.99,0.00
I006497,O03435,P034,2,500.00,0.00
I006498,O03435,P028,5,799.00,0.00
I006499,O03436,P003,1,129.99,0.00
I006500,O03436,P021,1,699.00,69.90
I006501,O03436,P023,1,379.00,37.90
I006502,O03437,P021,1,699.00,34.95
I006503,O03438,P019,2,399.00,0.00
I006504,O03439,P018,2,1199.00,0.00
I006505,O03440,P031,5,119.99,0.00
I006506,O03440,P015,1,6499.00,324.95
I006507,O03441,P002,1,89.99,9.00
I006508,O03442,P023,2,379.00,0.00
I006509,O03443,P006,5,42.99,10.75
I006510,O03444,P033,2,250.00,0.00
I006511,O03445,P019,1,399.00,0.00
I006512,O03445,P028,3,799.00,0.00
I006513,O03445,P007,1,74.99,0.00
I006514,O03446,P002,1,89.99,0.00
I006515,O03446,P023,1,379.00,0.00
I006516,O03447,P021,2,699.00,0.00
I006517,O03447,P001,1,54.99,0.00
I006518,O03448,P023,1,379.00,0.00
I006519,O03449,P017,2,449.00,0.00
I006520,O03449,P018,1,1199.00,119.90
I006521,O03450,P003,1,129.99,0.00
I006522,O03450,P026,1,249.00,0.00
I006523,O03451,P031,1,119.99,0.00
I006524,O03451,P020,2,999.00,0.00
I006525,O03452,P013,2,549.00,0.00
I006526,O03453,P022,1,1499.00,0.00
I006527,O03454,P035,2,1000.00,0.00
I006528,O03455,P014,1,349.00,0.00
I006529,O03456,P018,1,1199.00,59.95
I006530,O03457,P028,1,799.00,0.00
I006531,O03457,P001,1,54.99,5.50
I006532,O03458,P021,2,699.00,0.00
I006533,O03459,P035,1,1000.00,0.00
I006534,O03459,P024,2,649.00,0.00
I006535,O03459,P012,1,899.00,89.90
I006536,O03460,P024,3,649.00,389.40
I006537,O03460,P014,1,349.00,0.00
I006538,O03461,P006,5,42.99,42.99
I006539,O03462,P029,2,149.99,60.00
I006540,O03462,P014,2,349.00,34.90
I006541,O03463,P035,1,1000.00,50.00
I006542,O03463,P014,2,349.00,0.00
I006543,O03463,P029,5,149.99,0.00
I006544,O03464,P016,1,7499.00,0.00
I006545,O03464,P005,2,64.99,6.50
I006546,O03464,P015,5,6499.00,3249.50
I006547,O03465,P025,1,299.00,0.00
I006548,O03465,P008,1,79.99,0.00
I006549,O03466,P014,2,349.00,34.90
I006550,O03466,P017,2,449.00,44.90
I006551,O03466,P009,1,1299.00,64.95
I006552,O03467,P025,1,299.00,14.95
I006553,O03467,P013,1,549.00,0.00
I006554,O03468,P010,1,8999.00,0.00
I006555,O03468,P010,5,8999.00,0.00
I006556,O03469,P032,2,749.00,0.00
I006557,O03470,P022,2,1499.00,149.90
I006558,O03471,P005,1,64.99,0.00
I006559,O03471,P034,1,500.00,0.00
I006560,O03472,P034,3,500.00,75.00
I006561,O03472,P034,1,500.00,50.00
I006562,O03472,P001,1,54.99,0.00
I006563,O03473,P027,1,549.00,0.00
I006564,O03474,P032,1,749.00,0.00
I006565,O03475,P027,1,549.00,0.00
I006566,O03475,P015,2,6499.00,0.00
I006567,O03475,P005,2,64.99,0.00
I006568,O03475,P020,1,999.00,99.90
I006569,O03476,P022,3,1499.00,0.00
I006570,O03476,P017,1,449.00,0.00
I006571,O03476,P003,1,129.99,0.00
I006572,O03476,P031,1,119.99,0.00
I006573,O03477,P029,1,149.99,0.00
I006574,O03477,P004,1,119.99,0.00
I006575,O03478,P012,2,899.00,179.80
I006576,O03479,P011,1,12999.00,0.00
I006577,O03479,P017,1,449.00,0.00
I006578,O03480,P001,1,54.99,0.00
I006579,O03480,P003,1,129.99,13.00
I006580,O03481,P026,3,249.00,0.00
I006581,O03482,P012,1,899.00,0.00
I006582,O03482,P006,2,42.99,0.00
I006583,O03482,P005,3,64.99,9.75
I006584,O03482,P025,1,299.00,0.00
I006585,O03483,P032,1,749.00,0.00
I006586,O03484,P014,2,349.00,69.80
I006587,O03485,P012,1,899.00,0.00
I006588,O03485,P005,1,64.99,6.50
I006589,O03485,P018,1,1199.00,0.00
I006590,O03485,P016,1,7499.00,749.90
I006591,O03486,P009,1,1299.00,0.00
I006592,O03487,P010,1,8999.00,0.00
I006593,O03487,P020,1,999.00,99.90
I006594,O03487,P022,1,1499.00,74.95
I006595,O03488,P034,3,500.00,0.00
I006596,O03488,P018,1,1199.00,0.00
I006597,O03489,P026,1,249.00,0.00
I006598,O03490,P018,1,1199.00,0.00
I006599,O03490,P002,1,89.99,0.00
I006600,O03491,P019,1,399.00,19.95
I006601,O03491,P011,1,12999.00,0.00
I006602,O03492,P007,1,74.99,0.00
I006603,O03492,P001,1,54.99,0.00
I006604,O03492,P008,2,79.99,8.00
I006605,O03492,P003,1,129.99,0.00
I006606,O03493,P002,1,89.99,0.00
I006607,O03494,P019,5,399.00,99.75
I006608,O03494,P028,1,799.00,0.00
I006609,O03495,P010,3,8999.00,0.00
I006610,O03496,P022,1,1499.00,0.00
I006611,O03497,P031,1,119.99,12.00
I006612,O03497,P029,3,149.99,0.00
I006613,O03497,P005,3,64.99,0.00
I006614,O03497,P024,1,649.00,129.80
I006615,O03498,P023,1,379.00,0.00
I006616,O03498,P021,1,699.00,69.90
I006617,O03498,P009,2,1299.00,129.90
I006618,O03498,P017,1,449.00,0.00
I006619,O03499,P034,1,500.00,25.00
I006620,O03500,P032,1,749.00,0.00
I006621,O03501,P006,1,42.99,2.15
I006622,O03502,P020,3,999.00,0.00
I006623,O03502,P018,2,1199.00,0.00
I006624,O03503,P008,1,79.99,0.00
I006625,O03503,P014,2,349.00,0.00
I006626,O03504,P011,2,12999.00,0.00
I006627,O03504,P023,1,379.00,0.00
I006628,O03504,P004,2,119.99,48.00
I006629,O03504,P019,1,399.00,19.95
I006630,O03505,P022,3,1499.00,0.00
I006631,O03506,P016,2,7499.00,1499.80
I006632,O03506,P010,1,8999.00,899.90
I006633,O03506,P011,1,12999.00,0.00
I006634,O03506,P010,1,8999.00,0.00
I006635,O03507,P022,1,1499.00,0.00
I006636,O03508,P008,3,79.99,0.00
I006637,O03508,P034,1,500.00,0.00
I006638,O03509,P022,1,1499.00,299.80
I006639,O03509,P032,1,749.00,0.00
I006640,O03509,P035,1,1000.00,0.00
I006641,O03510,P026,1,249.00,12.45
I006642,O03510,P005,1,64.99,0.00
I006643,O03511,P003,1,129.99,26.00
I006644,O03511,P019,5,399.00,99.75
I006645,O03512,P020,1,999.00,0.00
I006646,O03512,P028,1,799.00,0.00
I006647,O03512,P020,1,999.00,49.95
I006648,O03512,P021,2,699.00,0.00
I006649,O03513,P025,1,299.00,0.00
I006650,O03514,P003,1,129.99,13.00
I006651,O03514,P006,1,42.99,8.60
I006652,O03515,P017,1,449.00,0.00
I006653,O03516,P033,1,250.00,25.00
I006654,O03517,P006,1,42.99,0.00
I006655,O03518,P029,1,149.99,7.50
I006656,O03518,P030,1,189.99,0.00
I006657,O03519,P031,2,119.99,24.00
I006658,O03520,P030,1,189.99,19.00
I006659,O03520,P002,1,89.99,0.00
I006660,O03520,P035,1,1000.00,50.00
I006661,O03520,P015,2,6499.00,0.00
I006662,O03521,P013,1,549.00,0.00
I006663,O03521,P026,1,249.00,0.00
I006664,O03521,P012,1,899.00,0.00
I006665,O03522,P015,1,6499.00,0.00
I006666,O03522,P020,1,999.00,0.00
I006667,O03523,P004,3,119.99,18.00
I006668,O03523,P017,3,449.00,0.00
I006669,O03524,P012,1,899.00,44.95
I006670,O03524,P028,1,799.00,0.00
I006671,O03524,P025,1,299.00,29.90
I006672,O03524,P035,1,1000.00,50.00
I006673,O03525,P013,1,549.00,0.00
I006674,O03525,P010,1,8999.00,0.00
I006675,O03526,P034,2,500.00,0.00
I006676,O03526,P008,2,79.99,0.00
I006677,O03526,P032,1,749.00,0.00
I006678,O03527,P014,3,349.00,104.70
I006679,O03527,P031,2,119.99,24.00
I006680,O03527,P011,2,12999.00,2599.80
I006681,O03528,P012,1,899.00,0.00
I006682,O03529,P004,2,119.99,0.00
I006683,O03530,P010,1,8999.00,0.00
I006684,O03531,P005,1,64.99,3.25
I006685,O03531,P016,1,7499.00,0.00
I006686,O03532,P015,1,6499.00,0.00
I006687,O03532,P015,3,6499.00,3899.40
I006688,O03533,P034,1,500.00,0.00
I006689,O03533,P023,1,379.00,0.00
I006690,O03533,P027,1,549.00,27.45
I006691,O03534,P007,2,74.99,0.00
I006692,O03534,P028,2,799.00,79.90
I006693,O03535,P002,1,89.99,0.00
I006694,O03535,P025,1,299.00,59.80
I006695,O03536,P029,1,149.99,30.00
I006696,O03537,P029,1,149.99,0.00
I006697,O03538,P005,1,64.99,0.00
I006698,O03539,P013,1,549.00,27.45
I006699,O03539,P022,2,1499.00,149.90
I006700,O03540,P019,1,399.00,0.00
I006701,O03540,P017,2,449.00,179.60
I006702,O03540,P027,1,549.00,27.45
I006703,O03541,P033,1,250.00,0.00
I006704,O03541,P031,1,119.99,6.00
I006705,O03541,P034,1,500.00,0.00
I006706,O03542,P033,3,250.00,0.00
I006707,O03542,P019,1,399.00,39.90
I006708,O03543,P009,1,1299.00,0.00
I006709,O03544,P034,1,500.00,0.00
I006710,O03544,P035,3,1000.00,300.00
I006711,O03544,P007,2,74.99,30.00
I006712,O03544,P029,2,149.99,0.00
I006713,O03545,P002,1,89.99,0.00
I006714,O03545,P006,2,42.99,0.00
I006715,O03545,P001,1,54.99,0.00
I006716,O03546,P030,3,189.99,0.00
I006717,O03546,P032,2,749.00,74.90
I006718,O03547,P031,2,119.99,0.00
I006719,O03548,P024,1,649.00,0.00
I006720,O03549,P032,2,749.00,74.90
I006721,O03550,P019,1,399.00,0.00
I006722,O03551,P005,2,64.99,0.00
I006723,O03552,P024,1,649.00,0.00
I006724,O03553,P025,3,299.00,179.40
I006725,O03553,P022,1,1499.00,149.90
I006726,O03554,P012,1,899.00,0.00
I006727,O03555,P028,1,799.00,0.00
I006728,O03555,P004,1,119.99,6.00
I006729,O03556,P007,1,74.99,0.00
I006730,O03557,P025,1,299.00,0.00
I006731,O03558,P014,3,349.00,0.00
I006732,O03558,P019,1,399.00,79.80
I006733,O03559,P022,2,1499.00,0.00
I006734,O03559,P002,3,89.99,0.00
I006735,O03560,P016,1,7499.00,0.00
I006736,O03560,P027,1,549.00,54.90
I006737,O03561,P004,1,119.99,0.00
I006738,O03562,P013,2,549.00,54.90
I006739,O03563,P027,1,549.00,0.00
I006740,O03564,P002,3,89.99,0.00
I006741,O03565,P025,2,299.00,0.00
I006742,O03565,P018,3,1199.00,0.00
I006743,O03566,P026,1,249.00,0.00
I006744,O03566,P031,1,119.99,0.00
I006745,O03566,P006,5,42.99,0.00
I006746,O03567,P004,2,119.99,12.00
I006747,O03567,P017,1,449.00,0.00
I006748,O03568,P027,1,549.00,0.00
I006749,O03569,P030,1,189.99,0.00
I006750,O03569,P016,1,7499.00,749.90
I006751,O03569,P025,2,299.00,0.00
I006752,O03570,P034,3,500.00,0.00
I006753,O03571,P001,3,54.99,0.00
I006754,O03571,P002,1,89.99,0.00
I006755,O03572,P029,2,149.99,30.00
I006756,O03573,P031,1,119.99,0.00
I006757,O03573,P027,1,549.00,0.00
I006758,O03573,P034,1,500.00,0.00
I006759,O03573,P015,2,6499.00,649.90
I006760,O03574,P027,1,549.00,27.45
I006761,O03575,P018,1,1199.00,0.00
I006762,O03576,P022,1,1499.00,0.00
I006763,O03576,P030,1,189.99,0.00
I006764,O03576,P035,2,1000.00,200.00
I006765,O03577,P011,1,12999.00,1299.90
I006766,O03577,P011,2,12999.00,0.00
I006767,O03577,P025,1,299.00,0.00
I006768,O03578,P006,1,42.99,4.30
I006769,O03579,P018,3,1199.00,0.00
I006770,O03580,P028,1,799.00,159.80
I006771,O03581,P013,2,549.00,0.00
I006772,O03581,P022,1,1499.00,149.90
I006773,O03581,P020,3,999.00,0.00
I006774,O03582,P027,3,549.00,82.35
I006775,O03583,P004,2,119.99,0.00
I006776,O03583,P001,1,54.99,0.00
I006777,O03583,P005,2,64.99,13.00
I006778,O03584,P017,2,449.00,0.00
I006779,O03585,P004,1,119.99,6.00
I006780,O03585,P018,2,1199.00,0.00
I006781,O03586,P033,1,250.00,12.50
I006782,O03586,P033,3,250.00,0.00
I006783,O03586,P020,2,999.00,199.80
I006784,O03587,P028,1,799.00,159.80
I006785,O03587,P028,2,799.00,0.00
I006786,O03588,P019,5,399.00,0.00
I006787,O03588,P022,2,1499.00,0.00
I006788,O03588,P017,2,449.00,0.00
I006789,O03588,P018,1,1199.00,0.00
I006790,O03589,P004,2,119.99,12.00
I006791,O03589,P021,2,699.00,0.00
I006792,O03590,P028,1,799.00,0.00
I006793,O03590,P023,2,379.00,0.00
I006794,O03591,P035,1,1000.00,0.00
I006795,O03592,P021,1,699.00,0.00
I006796,O03593,P004,3,119.99,0.00
I006797,O03593,P016,1,7499.00,749.90
I006798,O03594,P014,3,349.00,52.35
I006799,O03595,P024,2,649.00,129.80
I006800,O03595,P025,2,299.00,59.80
I006801,O03595,P020,1,999.00,0.00
I006802,O03596,P016,1,7499.00,374.95
I006803,O03596,P014,1,349.00,0.00
I006804,O03596,P023,1,379.00,0.00
I006805,O03597,P001,2,54.99,0.00
I006806,O03597,P031,1,119.99,12.00
I006807,O03597,P033,1,250.00,0.00
I006808,O03598,P024,2,649.00,0.00
I006809,O03599,P029,2,149.99,0.00
I006810,O03599,P027,1,549.00,0.00
I006811,O03600,P007,3,74.99,22.50
I006812,O03601,P003,2,129.99,0.00
I006813,O03601,P022,3,1499.00,224.85
I006814,O03601,P009,1,1299.00,0.00
I006815,O03602,P026,2,249.00,49.80
I006816,O03603,P017,2,449.00,44.90
I006817,O03604,P001,1,54.99,0.00
I006818,O03604,P013,2,549.00,0.00
I006819,O03604,P012,1,899.00,179.80
I006820,O03605,P006,5,42.99,10.75
I006821,O03605,P026,1,249.00,0.00
I006822,O03605,P031,1,119.99,0.00
I006823,O03606,P002,1,89.99,0.00
I006824,O03607,P034,1,500.00,0.00
I006825,O03608,P025,3,299.00,44.85
I006826,O03609,P016,1,7499.00,0.00
I006827,O03610,P018,1,1199.00,0.00
I006828,O03611,P030,1,189.99,19.00
I006829,O03611,P011,1,12999.00,0.00
I006830,O03612,P017,1,449.00,44.90
I006831,O03612,P035,2,1000.00,100.00
I006832,O03613,P028,2,799.00,0.00
I006833,O03614,P015,1,6499.00,0.00
I006834,O03615,P006,2,42.99,0.00
I006835,O03615,P014,2,349.00,139.60
I006836,O03615,P034,1,500.00,25.00
I006837,O03615,P026,1,249.00,0.00
I006838,O03616,P014,1,349.00,0.00
I006839,O03617,P026,3,249.00,0.00
I006840,O03618,P019,2,399.00,0.00
I006841,O03618,P028,1,799.00,0.00
I006842,O03619,P004,1,119.99,12.00
I006843,O03619,P033,1,250.00,0.00
I006844,O03620,P035,2,1000.00,0.00
I006845,O03620,P017,1,449.00,89.80
I006846,O03620,P001,1,54.99,2.75
I006847,O03621,P002,1,89.99,4.50
I006848,O03622,P031,1,119.99,0.00
I006849,O03622,P029,1,149.99,0.00
I006850,O03623,P030,5,189.99,95.00
I006851,O03623,P015,3,6499.00,0.00
I006852,O03623,P022,1,1499.00,0.00
I006853,O03624,P035,1,1000.00,0.00
I006854,O03624,P018,1,1199.00,59.95
I006855,O03624,P020,1,999.00,0.00
I006856,O03624,P016,1,7499.00,0.00
I006857,O03625,P012,1,899.00,0.00
I006858,O03626,P031,2,119.99,0.00
I006859,O03626,P024,1,649.00,0.00
I006860,O03627,P031,2,119.99,0.00
I006861,O03628,P029,2,149.99,30.00
I006862,O03629,P015,1,6499.00,0.00
I006863,O03629,P020,1,999.00,0.00
I006864,O03630,P023,2,379.00,0.00
I006865,O03630,P015,1,6499.00,324.95
I006866,O03631,P002,1,89.99,0.00
I006867,O03631,P033,1,250.00,12.50
I006868,O03632,P035,1,1000.00,200.00
I006869,O03633,P027,1,549.00,0.00
I006870,O03633,P004,2,119.99,24.00
I006871,O03634,P032,1,749.00,74.90
I006872,O03635,P032,2,749.00,0.00
I006873,O03635,P027,1,549.00,0.00
I006874,O03635,P013,1,549.00,0.00
I006875,O03636,P022,1,1499.00,74.95
I006876,O03636,P003,1,129.99,0.00
I006877,O03637,P012,1,899.00,0.00
I006878,O03638,P017,2,449.00,0.00
I006879,O03639,P009,1,1299.00,129.90
I006880,O03639,P026,1,249.00,0.00
I006881,O03640,P007,1,74.99,3.75
I006882,O03641,P021,1,699.00,0.00
I006883,O03641,P029,1,149.99,0.00
I006884,O03642,P008,1,79.99,4.00
I006885,O03642,P008,1,79.99,0.00
I006886,O03643,P009,3,1299.00,0.00
I006887,O03643,P019,2,399.00,79.80
I006888,O03644,P016,1,7499.00,0.00
I006889,O03644,P023,1,379.00,0.00
I006890,O03644,P017,1,449.00,0.00
I006891,O03645,P015,1,6499.00,324.95
I006892,O03645,P006,2,42.99,8.60
I006893,O03646,P001,2,54.99,0.00
I006894,O03646,P031,1,119.99,12.00
I006895,O03647,P001,2,54.99,0.00
I006896,O03648,P034,1,500.00,0.00
I006897,O03649,P026,1,249.00,0.00
I006898,O03650,P016,1,7499.00,0.00
I006899,O03650,P009,2,1299.00,0.00
I006900,O03651,P025,1,299.00,0.00
I006901,O03652,P008,3,79.99,12.00
I006902,O03652,P033,1,250.00,12.50
I006903,O03653,P026,3,249.00,37.35
I006904,O03653,P011,2,12999.00,1299.90
I006905,O03654,P004,5,119.99,0.00
I006906,O03654,P028,1,799.00,0.00
I006907,O03655,P011,1,12999.00,0.00
I006908,O03655,P023,2,379.00,37.90
I006909,O03656,P030,2,189.99,0.00
I006910,O03656,P011,2,12999.00,1299.90
I006911,O03656,P020,2,999.00,199.80
I006912,O03657,P011,2,12999.00,0.00
I006913,O03658,P006,1,42.99,0.00
I006914,O03659,P030,2,189.99,0.00
I006915,O03659,P033,2,250.00,0.00
I006916,O03660,P002,1,89.99,18.00
I006917,O03661,P006,1,42.99,0.00
I006918,O03661,P004,5,119.99,59.99
I006919,O03662,P012,1,899.00,44.95
I006920,O03662,P033,1,250.00,12.50
I006921,O03663,P008,1,79.99,0.00
I006922,O03663,P018,1,1199.00,0.00
I006923,O03663,P035,2,1000.00,0.00
I006924,O03664,P034,5,500.00,0.00
I006925,O03665,P004,1,119.99,6.00
I006926,O03666,P014,5,349.00,87.25
I006927,O03667,P023,5,379.00,189.50
I006928,O03668,P018,1,1199.00,0.00
I006929,O03668,P001,1,54.99,0.00
I006930,O03669,P012,1,899.00,0.00
I006931,O03670,P023,1,379.00,18.95
I006932,O03670,P026,3,249.00,0.00
I006933,O03670,P009,1,1299.00,0.00
I006934,O03670,P028,1,799.00,79.90
I006935,O03671,P032,1,749.00,0.00
I006936,O03671,P004,3,119.99,0.00
I006937,O03672,P004,1,119.99,6.00
I006938,O03672,P027,1,549.00,0.00
I006939,O03673,P010,1,8999.00,0.00
I006940,O03674,P028,5,799.00,199.75
I006941,O03674,P012,3,899.00,269.70
I006942,O03674,P025,1,299.00,0.00
I006943,O03674,P023,1,379.00,0.00
I006944,O03675,P028,2,799.00,0.00
I006945,O03676,P033,1,250.00,0.00
I006946,O03676,P004,1,119.99,0.00
I006947,O03676,P017,1,449.00,0.00
I006948,O03677,P017,2,449.00,179.60
I006949,O03678,P024,1,649.00,32.45
I006950,O03678,P025,1,299.00,0.00
I006951,O03679,P007,1,74.99,0.00
I006952,O03680,P021,1,699.00,0.00
I006953,O03680,P034,3,500.00,75.00
I006954,O03681,P030,2,189.99,0.00
I006955,O03681,P001,3,54.99,8.25
I006956,O03681,P025,1,299.00,14.95
I006957,O03682,P034,1,500.00,0.00
I006958,O03682,P007,5,74.99,0.00
I006959,O03682,P027,1,549.00,0.00
I006960,O03682,P017,5,449.00,0.00
I006961,O03683,P033,1,250.00,0.00
I006962,O03684,P020,5,999.00,0.00
I006963,O03684,P004,1,119.99,0.00
I006964,O03685,P003,2,129.99,0.00
I006965,O03685,P021,1,699.00,0.00
I006966,O03686,P035,2,1000.00,0.00
I006967,O03687,P024,1,649.00,64.90
I006968,O03687,P011,1,12999.00,0.00
I006969,O03688,P016,1,7499.00,749.90
I006970,O03688,P007,1,74.99,0.00
I006971,O03688,P017,1,449.00,22.45
I006972,O03689,P019,1,399.00,39.90
I006973,O03689,P005,3,64.99,9.75
I006974,O03690,P009,1,1299.00,0.00
I006975,O03690,P009,1,1299.00,0.00
I006976,O03690,P014,1,349.00,0.00
I006977,O03691,P032,1,749.00,74.90
I006978,O03692,P025,5,299.00,0.00
I006979,O03692,P024,1,649.00,0.00
I006980,O03693,P011,1,12999.00,0.00
I006981,O03694,P007,1,74.99,0.00
I006982,O03694,P025,3,299.00,0.00
I006983,O03694,P017,2,449.00,44.90
I006984,O03694,P020,1,999.00,0.00
I006985,O03695,P010,3,8999.00,0.00
I006986,O03695,P021,3,699.00,209.70
I006987,O03696,P015,1,6499.00,0.00
I006988,O03697,P013,1,549.00,0.00
I006989,O03697,P003,2,129.99,0.00
I006990,O03698,P024,1,649.00,0.00
I006991,O03699,P020,1,999.00,0.00
I006992,O03699,P003,1,129.99,0.00
I006993,O03699,P024,1,649.00,129.80
I006994,O03700,P009,1,1299.00,0.00
I006995,O03700,P019,1,399.00,0.00
I006996,O03701,P026,1,249.00,0.00
I006997,O03702,P032,3,749.00,112.35
I006998,O03702,P009,1,1299.00,0.00
I006999,O03702,P012,1,899.00,0.00
I007000,O03703,P028,2,799.00,0.00
I007001,O03704,P006,2,42.99,4.30
I007002,O03705,P007,1,74.99,0.00
I007003,O03705,P011,1,12999.00,649.95
I007004,O03706,P022,1,1499.00,0.00
I007005,O03707,P004,1,119.99,0.00
I007006,O03707,P009,1,1299.00,129.90
I007007,O03708,P032,1,749.00,37.45
I007008,O03709,P032,5,749.00,0.00
I007009,O03709,P018,3,1199.00,179.85
I007010,O03710,P035,2,1000.00,200.00
I007011,O03710,P030,1,189.99,19.00
I007012,O03710,P014,1,349.00,34.90
I007013,O03711,P016,3,7499.00,0.00
I007014,O03712,P028,1,799.00,39.95
I007015,O03712,P027,1,549.00,27.45
I007016,O03712,P013,1,549.00,0.00
I007017,O03712,P019,1,399.00,0.00
I007018,O03713,P012,2,899.00,0.00
I007019,O03713,P033,1,250.00,0.00
I007020,O03714,P013,1,549.00,27.45
I007021,O03714,P013,1,549.00,54.90
I007022,O03714,P012,2,899.00,0.00
I007023,O03715,P019,3,399.00,119.70
I007024,O03715,P003,3,129.99,19.50
I007025,O03716,P017,2,449.00,0.00
I007026,O03716,P002,1,89.99,9.00
I007027,O03716,P015,1,6499.00,0.00
I007028,O03716,P023,1,379.00,0.00
I007029,O03717,P013,2,549.00,0.00
I007030,O03718,P024,2,649.00,0.00
I007031,O03718,P002,1,89.99,4.50
I007032,O03718,P018,1,1199.00,0.00
I007033,O03718,P023,1,379.00,18.95
I007034,O03719,P001,1,54.99,0.00
I007035,O03719,P027,3,549.00,0.00
I007036,O03720,P023,1,379.00,0.00
I007037,O03720,P018,1,1199.00,59.95
I007038,O03721,P009,2,1299.00,0.00
I007039,O03722,P017,3,449.00,0.00
I007040,O03722,P008,2,79.99,0.00
I007041,O03723,P010,1,8999.00,0.00
I007042,O03723,P027,3,549.00,0.00
I007043,O03723,P017,3,449.00,67.35
I007044,O03723,P026,1,249.00,0.00
I007045,O03724,P013,5,549.00,0.00
I007046,O03724,P028,1,799.00,79.90
I007047,O03724,P015,1,6499.00,0.00
I007048,O03725,P014,1,349.00,0.00
I007049,O03725,P018,1,1199.00,0.00
I007050,O03726,P002,1,89.99,9.00
I007051,O03727,P024,1,649.00,64.90
I007052,O03728,P029,2,149.99,15.00
I007053,O03729,P030,5,189.99,47.50
I007054,O03730,P009,1,1299.00,129.90
I007055,O03731,P009,1,1299.00,64.95
I007056,O03732,P004,2,119.99,12.00
I007057,O03733,P019,3,399.00,0.00
I007058,O03733,P002,1,89.99,0.00
I007059,O03733,P002,2,89.99,0.00
I007060,O03734,P018,2,1199.00,0.00
I007061,O03734,P002,2,89.99,0.00
I007062,O03735,P003,1,129.99,0.00
I007063,O03735,P028,1,799.00,79.90
I007064,O03736,P022,1,1499.00,0.00
I007065,O03736,P008,1,79.99,0.00
I007066,O03736,P030,1,189.99,9.50
I007067,O03736,P005,1,64.99,0.00
I007068,O03737,P028,1,799.00,39.95
I007069,O03737,P007,1,74.99,3.75
I007070,O03737,P013,1,549.00,0.00
I007071,O03738,P032,1,749.00,0.00
I007072,O03738,P014,1,349.00,17.45
I007073,O03739,P021,2,699.00,0.00
I007074,O03740,P003,2,129.99,0.00
I007075,O03740,P009,1,1299.00,259.80
I007076,O03741,P016,2,7499.00,1499.80
I007077,O03741,P007,3,74.99,11.25
I007078,O03741,P018,2,1199.00,0.00
I007079,O03741,P033,1,250.00,25.00
I007080,O03742,P012,1,899.00,0.00
I007081,O03743,P023,1,379.00,0.00
I007082,O03743,P022,2,1499.00,0.00
I007083,O03744,P026,2,249.00,49.80
I007084,O03744,P005,3,64.99,0.00
I007085,O03745,P018,1,1199.00,59.95
I007086,O03745,P032,1,749.00,0.00
I007087,O03746,P009,1,1299.00,0.00
I007088,O03747,P013,2,549.00,0.00
I007089,O03747,P023,1,379.00,0.00
I007090,O03747,P012,2,899.00,89.90
I007091,O03748,P010,1,8999.00,1799.80
I007092,O03749,P027,3,549.00,0.00
I007093,O03750,P002,2,89.99,0.00
I007094,O03750,P031,1,119.99,0.00
I007095,O03751,P014,2,349.00,0.00
I007096,O03751,P023,1,379.00,0.00
I007097,O03751,P026,2,249.00,0.00
I007098,O03752,P004,2,119.99,0.00
I007099,O03752,P014,1,349.00,0.00
I007100,O03752,P012,1,899.00,44.95
I007101,O03753,P028,3,799.00,0.00
I007102,O03754,P027,1,549.00,0.00
I007103,O03755,P029,1,149.99,0.00
I007104,O03755,P033,1,250.00,25.00
I007105,O03755,P020,1,999.00,0.00
I007106,O03755,P027,1,549.00,0.00
I007107,O03756,P006,5,42.99,10.75
I007108,O03757,P003,1,129.99,13.00
I007109,O03757,P022,2,1499.00,0.00
I007110,O03758,P009,3,1299.00,0.00
I007111,O03758,P004,2,119.99,0.00
I007112,O03759,P032,1,749.00,0.00
I007113,O03760,P021,3,699.00,209.70
I007114,O03761,P009,1,1299.00,0.00
I007115,O03762,P032,1,749.00,74.90
I007116,O03763,P016,1,7499.00,0.00
I007117,O03763,P026,1,249.00,12.45
I007118,O03764,P023,1,379.00,0.00
I007119,O03764,P006,1,42.99,0.00
I007120,O03764,P026,1,249.00,0.00
I007121,O03765,P026,2,249.00,0.00
I007122,O03765,P010,1,8999.00,0.00
I007123,O03766,P003,1,129.99,0.00
I007124,O03766,P012,1,899.00,0.00
I007125,O03766,P027,1,549.00,0.00
I007126,O03767,P026,3,249.00,74.70
I007127,O03767,P014,2,349.00,34.90
I007128,O03768,P012,1,899.00,0.00
I007129,O03768,P029,1,149.99,7.50
I007130,O03769,P015,1,6499.00,0.00
I007131,O03769,P003,2,129.99,26.00
I007132,O03769,P033,1,250.00,0.00
I007133,O03770,P014,2,349.00,0.00
I007134,O03771,P035,3,1000.00,0.00
I007135,O03771,P013,1,549.00,27.45
I007136,O03772,P028,1,799.00,39.95
I007137,O03773,P028,3,799.00,0.00
I007138,O03774,P027,1,549.00,0.00
I007139,O03774,P014,1,349.00,0.00
I007140,O03775,P015,3,6499.00,0.00
I007141,O03776,P025,1,299.00,0.00
I007142,O03776,P008,5,79.99,0.00
I007143,O03776,P034,1,500.00,0.00
I007144,O03776,P026,2,249.00,99.60
I007145,O03777,P013,1,549.00,0.00
I007146,O03777,P007,1,74.99,3.75
I007147,O03778,P004,1,119.99,6.00
I007148,O03779,P005,1,64.99,0.00
I007149,O03779,P017,1,449.00,22.45
I007150,O03779,P033,1,250.00,12.50
I007151,O03780,P010,3,8999.00,0.00
I007152,O03780,P020,1,999.00,99.90
I007153,O03781,P004,1,119.99,0.00
I007154,O03781,P029,3,149.99,0.00
I007155,O03782,P025,2,299.00,29.90
I007156,O03782,P026,2,249.00,0.00
I007157,O03783,P023,2,379.00,0.00
I007158,O03784,P018,1,1199.00,59.95
I007159,O03785,P022,1,1499.00,0.00
I007160,O03786,P025,1,299.00,29.90
I007161,O03787,P020,1,999.00,49.95
I007162,O03787,P004,2,119.99,0.00
I007163,O03788,P028,2,799.00,0.00
I007164,O03788,P016,2,7499.00,2999.60
I007165,O03789,P031,2,119.99,0.00
I007166,O03790,P011,1,12999.00,0.00
I007167,O03791,P031,1,119.99,0.00
I007168,O03791,P024,2,649.00,0.00
I007169,O03792,P016,1,7499.00,0.00
I007170,O03792,P023,1,379.00,0.00
I007171,O03792,P020,2,999.00,0.00
I007172,O03792,P004,2,119.99,0.00
I007173,O03793,P013,1,549.00,109.80
I007174,O03793,P001,1,54.99,0.00
I007175,O03793,P030,1,189.99,9.50
I007176,O03794,P022,3,1499.00,0.00
I007177,O03794,P034,1,500.00,50.00
I007178,O03795,P002,1,89.99,0.00
I007179,O03796,P012,2,899.00,0.00
I007180,O03797,P033,1,250.00,12.50
I007181,O03797,P003,1,129.99,0.00
I007182,O03798,P030,1,189.99,0.00
I007183,O03799,P027,1,549.00,54.90
I007184,O03800,P016,2,7499.00,749.90
I007185,O03800,P013,1,549.00,0.00
I007186,O03800,P014,3,349.00,0.00
I007187,O03801,P011,1,12999.00,649.95
I007188,O03802,P026,1,249.00,12.45
I007189,O03802,P033,1,250.00,0.00
I007190,O03803,P028,1,799.00,159.80
I007191,O03803,P030,1,189.99,19.00
I007192,O03803,P006,2,42.99,0.00
I007193,O03804,P012,1,899.00,0.00
I007194,O03805,P005,1,64.99,0.00
I007195,O03806,P005,1,64.99,0.00
I007196,O03806,P012,2,899.00,359.60
I007197,O03806,P008,2,79.99,0.00
I007198,O03807,P030,1,189.99,0.00
I007199,O03808,P020,1,999.00,0.00
I007200,O03808,P013,1,549.00,0.00
I007201,O03808,P023,1,379.00,0.00
I007202,O03809,P012,2,899.00,0.00
I007203,O03809,P007,1,74.99,15.00
I007204,O03810,P023,2,379.00,37.90
I007205,O03811,P024,1,649.00,32.45
I007206,O03811,P009,1,1299.00,0.00
I007207,O03812,P025,2,299.00,59.80
I007208,O03813,P015,1,6499.00,0.00
I007209,O03813,P027,2,549.00,109.80
I007210,O03813,P020,2,999.00,199.80
I007211,O03814,P027,2,549.00,54.90
I007212,O03814,P009,2,1299.00,0.00
I007213,O03814,P002,1,89.99,9.00
I007214,O03815,P012,1,899.00,0.00
I007215,O03816,P014,1,349.00,0.00
I007216,O03817,P033,1,250.00,12.50
I007217,O03817,P003,1,129.99,13.00
I007218,O03818,P028,1,799.00,39.95
I007219,O03819,P002,1,89.99,18.00
I007220,O03819,P018,3,1199.00,0.00
I007221,O03820,P027,1,549.00,0.00
I007222,O03820,P017,1,449.00,0.00
I007223,O03820,P007,1,74.99,15.00
I007224,O03821,P006,2,42.99,0.00
I007225,O03821,P007,1,74.99,7.50
I007226,O03822,P027,1,549.00,27.45
I007227,O03823,P014,2,349.00,0.00
I007228,O03824,P007,2,74.99,0.00
I007229,O03824,P014,5,349.00,0.00
I007230,O03825,P013,2,549.00,109.80
I007231,O03825,P032,1,749.00,0.00
I007232,O03825,P027,1,549.00,0.00
I007233,O03826,P023,5,379.00,94.75
I007234,O03827,P035,1,1000.00,50.00
I007235,O03827,P032,1,749.00,0.00
I007236,O03828,P011,2,12999.00,0.00
I007237,O03828,P022,3,1499.00,0.00
I007238,O03829,P007,2,74.99,0.00
I007239,O03830,P002,2,89.99,9.00
I007240,O03831,P025,1,299.00,14.95
I007241,O03831,P017,2,449.00,0.00
I007242,O03832,P034,1,500.00,0.00
I007243,O03832,P035,2,1000.00,0.00
I007244,O03833,P002,1,89.99,0.00
I007245,O03834,P020,1,999.00,0.00
I007246,O03834,P004,1,119.99,0.00
I007247,O03835,P023,2,379.00,0.00
I007248,O03835,P018,1,1199.00,0.00
I007249,O03836,P003,1,129.99,26.00
I007250,O03837,P009,2,1299.00,129.90
I007251,O03837,P033,3,250.00,0.00
I007252,O03837,P019,2,399.00,0.00
I007253,O03838,P006,1,42.99,0.00
I007254,O03839,P013,2,549.00,0.00
I007255,O03840,P020,1,999.00,0.00
I007256,O03841,P027,2,549.00,0.00
I007257,O03842,P004,1,119.99,0.00
I007258,O03842,P014,1,349.00,17.45
I007259,O03842,P008,1,79.99,0.00
I007260,O03843,P015,1,6499.00,0.00
I007261,O03844,P011,1,12999.00,0.00
I007262,O03845,P033,2,250.00,50.00
I007263,O03845,P001,1,54.99,0.00
I007264,O03845,P001,1,54.99,5.50
I007265,O03845,P018,1,1199.00,0.00
I007266,O03846,P006,1,42.99,0.00
I007267,O03846,P012,1,899.00,179.80
I007268,O03847,P023,2,379.00,75.80
I007269,O03847,P033,2,250.00,25.00
I007270,O03847,P006,1,42.99,0.00
I007271,O03847,P020,1,999.00,49.95
I007272,O03848,P009,1,1299.00,0.00
I007273,O03849,P035,1,1000.00,0.00
I007274,O03850,P021,2,699.00,69.90
I007275,O03851,P008,5,79.99,0.00
I007276,O03851,P019,1,399.00,19.95
I007277,O03852,P018,2,1199.00,0.00
I007278,O03852,P001,1,54.99,0.00
I007279,O03852,P019,1,399.00,39.90
I007280,O03853,P002,5,89.99,0.00
I007281,O03853,P009,2,1299.00,259.80
I007282,O03854,P030,1,189.99,19.00
I007283,O03854,P031,1,119.99,6.00
I007284,O03855,P020,1,999.00,0.00
I007285,O03856,P011,2,12999.00,1299.90
I007286,O03857,P007,1,74.99,0.00
I007287,O03858,P007,1,74.99,7.50
I007288,O03859,P024,3,649.00,97.35
I007289,O03860,P008,1,79.99,16.00
I007290,O03861,P020,2,999.00,199.80
I007291,O03861,P027,1,549.00,0.00
I007292,O03862,P005,2,64.99,0.00
I007293,O03863,P032,1,749.00,0.00
I007294,O03863,P034,1,500.00,0.00
I007295,O03863,P020,1,999.00,0.00
I007296,O03864,P014,1,349.00,34.90
I007297,O03865,P030,2,189.99,0.00
I007298,O03866,P032,2,749.00,74.90
I007299,O03867,P014,1,349.00,0.00
I007300,O03867,P004,1,119.99,0.00
I007301,O03868,P011,2,12999.00,1299.90
I007302,O03869,P034,2,500.00,0.00
I007303,O03870,P007,2,74.99,15.00
I007304,O03870,P034,1,500.00,0.00
I007305,O03871,P023,1,379.00,0.00
I007306,O03871,P030,2,189.99,0.00
I007307,O03872,P024,1,649.00,0.00
I007308,O03873,P031,1,119.99,0.00
I007309,O03874,P009,1,1299.00,0.00
I007310,O03875,P035,1,1000.00,0.00
I007311,O03876,P029,1,149.99,0.00
I007312,O03877,P019,3,399.00,0.00
I007313,O03878,P007,2,74.99,0.00
I007314,O03878,P027,1,549.00,0.00
I007315,O03878,P015,1,6499.00,0.00
I007316,O03879,P025,2,299.00,119.60
I007317,O03879,P013,2,549.00,0.00
I007318,O03880,P008,2,79.99,8.00
I007319,O03880,P022,3,1499.00,0.00
I007320,O03881,P002,2,89.99,9.00
I007321,O03882,P020,1,999.00,49.95
I007322,O03882,P010,1,8999.00,0.00
I007323,O03883,P025,1,299.00,14.95
I007324,O03884,P018,2,1199.00,0.00
I007325,O03885,P006,2,42.99,0.00
I007326,O03886,P022,3,1499.00,0.00
I007327,O03886,P026,1,249.00,0.00
I007328,O03887,P031,2,119.99,0.00
I007329,O03887,P014,3,349.00,52.35
I007330,O03887,P034,1,500.00,0.00
I007331,O03888,P014,1,349.00,0.00
I007332,O03888,P011,1,12999.00,0.00
I007333,O03889,P016,2,7499.00,0.00
I007334,O03890,P011,1,12999.00,0.00
I007335,O03891,P031,1,119.99,0.00
I007336,O03892,P020,1,999.00,0.00
I007337,O03892,P004,1,119.99,0.00
I007338,O03892,P028,2,799.00,0.00
I007339,O03893,P013,1,549.00,54.90
I007340,O03893,P011,1,12999.00,0.00
I007341,O03893,P003,1,129.99,0.00
I007342,O03894,P026,2,249.00,24.90
I007343,O03894,P026,1,249.00,0.00
I007344,O03894,P023,3,379.00,0.00
I007345,O03895,P012,2,899.00,0.00
I007346,O03896,P011,2,12999.00,0.00
I007347,O03897,P010,3,8999.00,0.00
I007348,O03898,P025,1,299.00,0.00
I007349,O03898,P032,1,749.00,37.45
I007350,O03898,P024,2,649.00,129.80
I007351,O03898,P034,5,500.00,250.00
I007352,O03899,P019,1,399.00,0.00
I007353,O03899,P013,1,549.00,0.00
I007354,O03899,P008,1,79.99,0.00
I007355,O03899,P012,2,899.00,0.00
I007356,O03900,P024,1,649.00,0.00
I007357,O03900,P002,1,89.99,9.00
I007358,O03901,P018,1,1199.00,0.00
I007359,O03901,P010,1,8999.00,0.00
I007360,O03901,P015,1,6499.00,0.00
I007361,O03902,P015,1,6499.00,0.00
I007362,O03903,P021,1,699.00,0.00
I007363,O03903,P027,2,549.00,0.00
I007364,O03903,P016,2,7499.00,749.90
I007365,O03904,P020,1,999.00,0.00
I007366,O03905,P007,2,74.99,7.50
I007367,O03905,P005,2,64.99,0.00
I007368,O03906,P017,1,449.00,0.00
I007369,O03906,P026,2,249.00,0.00
I007370,O03907,P032,1,749.00,0.00
I007371,O03908,P023,1,379.00,0.00
I007372,O03909,P029,1,149.99,0.00
I007373,O03909,P026,1,249.00,12.45
I007374,O03909,P005,1,64.99,0.00
I007375,O03910,P028,1,799.00,39.95
I007376,O03911,P020,3,999.00,0.00
I007377,O03912,P030,1,189.99,9.50
I007378,O03912,P008,1,79.99,0.00
I007379,O03913,P014,1,349.00,17.45
I007380,O03914,P027,2,549.00,0.00
I007381,O03915,P029,1,149.99,7.50
I007382,O03916,P023,2,379.00,75.80
I007383,O03916,P016,1,7499.00,0.00
I007384,O03917,P027,1,549.00,0.00
I007385,O03917,P032,1,749.00,37.45
I007386,O03918,P009,5,1299.00,0.00
I007387,O03918,P031,1,119.99,0.00
I007388,O03919,P021,1,699.00,34.95
I007389,O03920,P014,1,349.00,0.00
I007390,O03920,P002,1,89.99,0.00
I007391,O03921,P019,5,399.00,0.00
I007392,O03921,P029,5,149.99,0.00
I007393,O03921,P005,3,64.99,0.00
I007394,O03921,P013,2,549.00,0.00
I007395,O03922,P033,3,250.00,0.00
I007396,O03923,P010,1,8999.00,899.90
I007397,O03924,P003,1,129.99,0.00
I007398,O03925,P033,5,250.00,0.00
I007399,O03925,P012,1,899.00,0.00
I007400,O03925,P013,1,549.00,0.00
I007401,O03925,P016,2,7499.00,0.00
I007402,O03926,P030,2,189.99,38.00
I007403,O03927,P029,2,149.99,0.00
I007404,O03928,P001,1,54.99,2.75
I007405,O03929,P034,2,500.00,0.00
I007406,O03929,P001,2,54.99,0.00
I007407,O03930,P004,1,119.99,0.00
I007408,O03931,P029,1,149.99,15.00
I007409,O03932,P001,3,54.99,16.50
I007410,O03932,P010,2,8999.00,0.00
I007411,O03932,P008,1,79.99,0.00
I007412,O03932,P001,1,54.99,5.50
I007413,O03933,P018,1,1199.00,0.00
I007414,O03933,P030,1,189.99,0.00
I007415,O03933,P022,1,1499.00,0.00
I007416,O03934,P004,1,119.99,0.00
I007417,O03934,P027,2,549.00,0.00
I007418,O03934,P033,1,250.00,0.00
I007419,O03934,P033,2,250.00,0.00
I007420,O03935,P020,1,999.00,0.00
I007421,O03935,P024,1,649.00,0.00
I007422,O03936,P026,2,249.00,24.90
I007423,O03937,P027,1,549.00,0.00
I007424,O03938,P024,3,649.00,389.40
I007425,O03938,P022,1,1499.00,0.00
I007426,O03938,P013,1,549.00,54.90
I007427,O03939,P009,1,1299.00,0.00
I007428,O03939,P016,2,7499.00,0.00
I007429,O03940,P008,1,79.99,0.00
I007430,O03940,P020,3,999.00,0.00
I007431,O03941,P020,2,999.00,399.60
I007432,O03942,P024,1,649.00,0.00
I007433,O03943,P002,1,89.99,0.00
I007434,O03943,P030,1,189.99,19.00
I007435,O03944,P032,1,749.00,37.45
I007436,O03944,P001,1,54.99,0.00
I007437,O03944,P023,2,379.00,151.60
I007438,O03945,P027,1,549.00,27.45
I007439,O03946,P010,1,8999.00,0.00
I007440,O03947,P023,1,379.00,18.95
I007441,O03947,P006,1,42.99,0.00
I007442,O03948,P021,1,699.00,0.00
I007443,O03948,P013,2,549.00,0.00
I007444,O03948,P032,1,749.00,37.45
I007445,O03948,P019,1,399.00,39.90
I007446,O03949,P016,2,7499.00,1499.80
I007447,O03949,P035,3,1000.00,300.00
I007448,O03949,P027,1,549.00,0.00
I007449,O03950,P019,1,399.00,0.00
I007450,O03950,P028,2,799.00,0.00
I007451,O03951,P024,2,649.00,0.00
I007452,O03952,P013,1,549.00,27.45
I007453,O03952,P015,3,6499.00,974.85
I007454,O03953,P035,1,1000.00,100.00
I007455,O03953,P002,3,89.99,13.50
I007456,O03953,P011,5,12999.00,0.00
I007457,O03953,P025,1,299.00,0.00
I007458,O03954,P004,1,119.99,12.00
I007459,O03954,P035,1,1000.00,100.00
I007460,O03955,P023,1,379.00,37.90
I007461,O03955,P016,2,7499.00,0.00
I007462,O03955,P018,2,1199.00,239.80
I007463,O03956,P026,1,249.00,49.80
I007464,O03957,P017,5,449.00,0.00
I007465,O03958,P003,1,129.99,0.00
I007466,O03959,P022,1,1499.00,299.80
I007467,O03959,P006,1,42.99,4.30
I007468,O03960,P021,2,699.00,279.60
I007469,O03961,P026,1,249.00,0.00
I007470,O03961,P011,1,12999.00,0.00
I007471,O03962,P024,2,649.00,0.00
I007472,O03962,P020,1,999.00,0.00
I007473,O03962,P010,1,8999.00,0.00
I007474,O03962,P024,1,649.00,32.45
I007475,O03963,P011,1,12999.00,649.95
I007476,O03963,P030,1,189.99,0.00
I007477,O03964,P005,1,64.99,13.00
I007478,O03964,P012,1,899.00,0.00
I007479,O03965,P010,3,8999.00,2699.70
I007480,O03966,P008,1,79.99,0.00
I007481,O03966,P004,2,119.99,0.00
I007482,O03966,P028,2,799.00,159.80
I007483,O03966,P014,1,349.00,0.00
I007484,O03967,P012,1,899.00,0.00
I007485,O03967,P019,1,399.00,0.00
I007486,O03967,P014,1,349.00,0.00
I007487,O03968,P026,1,249.00,0.00
I007488,O03968,P011,1,12999.00,649.95
I007489,O03968,P003,1,129.99,6.50
I007490,O03968,P020,3,999.00,0.00
I007491,O03969,P029,2,149.99,30.00
I007492,O03969,P012,1,899.00,0.00
I007493,O03969,P019,2,399.00,0.00
I007494,O03970,P032,1,749.00,0.00
I007495,O03971,P027,3,549.00,164.70
I007496,O03972,P022,1,1499.00,0.00
I007497,O03973,P003,2,129.99,0.00
I007498,O03973,P020,2,999.00,0.00
I007499,O03974,P024,1,649.00,0.00
I007500,O03975,P011,1,12999.00,0.00
I007501,O03975,P012,1,899.00,0.00
I007502,O03976,P017,2,449.00,0.00
I007503,O03976,P009,3,1299.00,0.00
I007504,O03977,P031,2,119.99,0.00
I007505,O03977,P007,1,74.99,0.00
I007506,O03978,P035,1,1000.00,100.00
I007507,O03978,P015,1,6499.00,649.90
I007508,O03979,P005,1,64.99,0.00
I007509,O03979,P023,3,379.00,0.00
I007510,O03979,P022,1,1499.00,0.00
I007511,O03980,P032,2,749.00,74.90
I007512,O03980,P030,1,189.99,0.00
I007513,O03981,P035,1,1000.00,0.00
I007514,O03981,P004,1,119.99,0.00
I007515,O03981,P021,1,699.00,0.00
I007516,O03982,P002,2,89.99,0.00
I007517,O03983,P023,1,379.00,0.00
I007518,O03983,P006,1,42.99,0.00
I007519,O03983,P002,2,89.99,18.00
I007520,O03983,P006,3,42.99,0.00
I007521,O03984,P012,1,899.00,0.00
I007522,O03984,P024,1,649.00,0.00
I007523,O03985,P030,5,189.99,189.99
I007524,O03985,P029,2,149.99,0.00
I007525,O03985,P025,2,299.00,0.00
I007526,O03986,P024,2,649.00,0.00
I007527,O03987,P024,1,649.00,0.00
I007528,O03987,P011,1,12999.00,649.95
I007529,O03988,P008,2,79.99,0.00
I007530,O03989,P012,1,899.00,0.00
I007531,O03989,P001,1,54.99,0.00
I007532,O03990,P024,5,649.00,162.25
I007533,O03990,P025,1,299.00,0.00
I007534,O03990,P031,1,119.99,0.00
I007535,O03991,P031,1,119.99,12.00
I007536,O03992,P034,1,500.00,0.00
I007537,O03992,P034,1,500.00,25.00
I007538,O03993,P011,1,12999.00,0.00
I007539,O03993,P016,1,7499.00,0.00
I007540,O03994,P032,1,749.00,37.45
I007541,O03995,P003,2,129.99,13.00
I007542,O03995,P013,2,549.00,0.00
I007543,O03996,P019,1,399.00,19.95
I007544,O03997,P007,1,74.99,0.00
I007545,O03997,P023,1,379.00,37.90
I007546,O03997,P003,2,129.99,52.00
I007547,O03998,P033,1,250.00,0.00
I007548,O03998,P007,1,74.99,3.75
I007549,O03999,P018,1,1199.00,0.00
I007550,O03999,P004,2,119.99,12.00
I007551,O04000,P015,1,6499.00,0.00
I007552,O04000,P008,1,79.99,0.00
